会員ID,登録エリア,性別,生まれ年,回答時の年齢,年代,都道府県,会員市町村,世帯年収,UA,回答日時,回答月,回答エリア,回答エリア2,市町村,6分類,DMO,宿泊数（全体）,宿泊数（県内）,宿泊エリア（県内）,宿泊エリア（県外）,同行者,訪問目的ALL,宿でのんびり過ごす,温泉や露天風呂,地元の美味しいものを食べる,花見や紅葉などの自然鑑賞,名所、旧跡の観光,テーマパーク（遊園地、動物園、博物館など）,買い物、アウトレット,お祭りやイベントへの参加・見物,スポーツ観戦や芸能鑑賞（コンサート等）,アウトドア（海水浴、釣り、登山など）,まちあるき、都市散策,各種体験（手作り、果物狩りなど）,スキー・スノボ、マリンスポーツ,その他スポーツ（ゴルフ、テニスなど）,ドライブ・ツーリング,友人・親戚を尋ねる,出張など仕事関係,その他,福井県までの交通手段ALL,自家用車,レンタカー,新幹線,在来線,飛行機,旅行会社ツアーバス,県外から訪れていない（福井県在住）,福井県内での交通手段ALL,タクシー,路線バス,徒歩,レンタサイクル,福井県内での交通手段の満足度,福井県内での交通手段の満足度の理由,宿泊費,交通費,県内消費額,エリア訪問回数,情報収集ALL,観光展・物産展,新聞・雑誌・ガイドブック,TV・ラジオ番組やCM,観光パンフレット・ポスター,観光連盟やDMOのHP,インターネット・アプリ,Twitter,Instagram,Facebook,ブログ,友人・知人,観光協会等の案内所,タクシードライバーや地元の人,宿泊施設,アンケート回答前に訪問した主な場所,アンケート回答前に訪問した主な場所FA,アンケート回答後に訪問する予定の主な場所,エリア総消費額,満足度(商品・サービス),満足度(商品・サービス)の理由,満足度,満足度の理由,不便さ,不便さの内容,NPS,推奨項目,施設に求めるもの,今後の来訪意向,福井県に求めるもの
207356,web,女,1985,41,40代,兵庫県,加古川市,100万円未満,mobile/iphone,2026-09-01 23:47:18,9月,道の駅「南えちぜん山海里」 エリア,58.道の駅「南えちぜん山海里」 エリア,南越前町,丹南,,2泊,2泊,越前エリア（越前市・越前町・鯖江市・池田町・南越前町）,福井県外には宿泊しない,小学生以下連れの家族,"その他
",0,0,0,0,0,0,0,0,0,0,0,0,0,0,0,0,0,0,"自家用車
",1,0,0,0,0,0,0,"自家用車
",0,0,0,0,,,"50,000円以上 100,000円未満","50,000円以上 100,000円未満","40,000円以上 50,000円未満",初めて,"インターネット・アプリ
",0,0,0,0,0,1,0,0,0,0,0,0,0,0,福井県立恐竜博物館,,選択なし/該当施設なし,"5,000円以上 10,000円未満",どちらでもない,,どちらでもない,,感じなかった,,5,,,機会があれば行きたい,
188882,道の駅「若狭おばま」 エリア,女,1983,43,40代,滋賀県,大津市,200万円以上 300万円未満,mobile/iphone,2026-09-01 21:55:38,9月,道の駅「恐竜渓谷かつやま」 エリア,26.道の駅「恐竜渓谷かつやま」 エリア,勝山市,勝山市・大野市,勝山市観光まちづくり(株),日帰り,福井県内には宿泊しない,福井県内には宿泊しない,福井県外には宿泊しない,自分ひとり,"買い物、アウトレット
",0,0,0,0,0,0,1,0,0,0,0,0,0,0,0,0,0,0,"在来線
",1,0,0,0,0,0,0,"自家用車
",0,0,0,0,,,使わない,"1,000円以上 3,000円未満","3,000円以上 5,000円未満",2～5回目,"インターネット・アプリ
",0,0,0,0,0,1,0,0,0,0,0,0,0,0,選択なし/該当施設なし,,選択なし/該当施設なし,"5,000円以上 10,000円未満",満足,,満足,,感じなかった,,6,,,,
188882,道の駅「若狭おばま」 エリア,女,1983,43,40代,滋賀県,大津市,200万円以上 300万円未満,mobile/iphone,2026-09-01 21:53:47,9月,越前大仏 エリア,28.越前大仏 エリア,勝山市,勝山市・大野市,勝山市観光まちづくり(株),日帰り,福井県内には宿泊しない,福井県内には宿泊しない,福井県外には宿泊しない,自分ひとり,"買い物、アウトレット
",0,0,0,0,0,0,1,0,0,0,0,0,0,0,0,0,0,0,"在来線
",1,0,0,0,0,0,0,"自家用車
",0,0,0,0,,,使わない,"1,000円以上 3,000円未満","3,000円以上 5,000円未満",2～5回目,"インターネット・アプリ
",0,0,0,0,0,1,0,0,0,0,0,0,0,0,選択なし/該当施設なし,,選択なし/該当施設なし,"3,000円以上 5,000円未満",満足,,満足,,感じなかった,,6,,,,
188882,道の駅「若狭おばま」 エリア,女,1983,43,40代,滋賀県,大津市,200万円以上 300万円未満,mobile/iphone,2026-09-01 21:43:20,9月,道の駅「若狭おばま」 エリア,68.道の駅「若狭おばま」 エリア,小浜市,嶺南西部,(株)まちづくり小浜,日帰り,福井県内には宿泊しない,福井県内には宿泊しない,福井県外には宿泊しない,自分ひとり,"買い物、アウトレット
",0,0,0,0,0,0,1,0,0,0,0,0,0,0,0,0,0,0,"在来線
",1,0,0,0,0,0,0,"自家用車
",0,0,0,0,,,使わない,"1,000円以上 3,000円未満","3,000円以上 5,000円未満",2～5回目,"インターネット・アプリ
",0,0,0,0,0,1,0,0,0,0,0,0,0,0,選択なし/該当施設なし,,選択なし/該当施設なし,"5,000円以上 10,000円未満",満足,,満足,,感じなかった,,6,,,,
188882,道の駅「若狭おばま」 エリア,女,1983,43,40代,滋賀県,大津市,200万円以上 300万円未満,mobile/iphone,2026-09-01 21:42:37,9月,福井駅前 エリア,01.福井駅前 エリア,福井市,福井市・永平寺町,,日帰り,福井県内には宿泊しない,福井県内には宿泊しない,福井県外には宿泊しない,自分ひとり,"買い物、アウトレット
",0,0,0,0,0,0,1,0,0,0,0,0,0,0,0,0,0,0,"在来線
",0,0,0,1,0,0,0,"在来線
",0,0,0,0,,,使わない,"1,000円以上 3,000円未満","3,000円以上 5,000円未満",2～5回目,"インターネット・アプリ
",0,0,0,0,0,1,0,0,0,0,0,0,0,0,選択なし/該当施設なし,,選択なし/該当施設なし,"3,000円以上 5,000円未満",満足,,満足,,感じなかった,,6,,,,
125800,web,女,1960,66,60代,福井県,敦賀市,300万円以上 400万円未満,pc/others,2026-09-01 20:33:46,9月,金ヶ崎 エリア,64.金ヶ崎 エリア,敦賀市,嶺南東部,,日帰り,福井県内には宿泊しない,福井県内には宿泊しない,福井県外には宿泊しない,自分ひとり,"花見や紅葉などの自然鑑賞
お祭りやイベントへの参加・見物
ドライブ・ツーリング
",0,0,0,1,0,0,0,1,0,0,0,0,0,0,1,0,0,0,"県外から訪れていない（福井県在住）
",1,0,0,0,0,0,1,"自家用車
",0,0,0,0,とても満足,,"1,000円以上 3,000円未満","1,000円未満","5,000円以上 10,000円未満",11回目以上,"観光パンフレット・ポスター
Instagram
友人・知人
",0,0,0,1,0,0,0,1,0,0,1,0,0,0,選択なし/該当施設なし,,選択なし/該当施設なし,"1,000円以上 3,000円未満",満足,,満足,,感じなかった,,8,,,福井県在住,
207451,金ヶ崎 エリア,女,1954,72,70代,大阪府,豊中市,100万円以上 200万円未満,mobile/android,2026-09-01 20:28:11,9月,金ヶ崎 エリア,64.金ヶ崎 エリア,敦賀市,嶺南東部,,2泊,2泊,嶺南エリア（敦賀市・美浜町・若狭町・小浜市・おおい町・高浜町）,福井県外には宿泊しない,中学生以上連れの家族,"温泉や露天風呂
地元の美味しいものを食べる
",0,1,1,0,0,0,0,0,0,0,0,0,0,0,0,0,0,0,"自家用車
",1,0,0,0,0,0,0,"自家用車
",0,0,0,0,,,"10,000円以上 20,000円未満","30,000円以上 40,000円未満","5,000円以上 10,000円未満",2～5回目,"インターネット・アプリ
",0,0,0,0,0,1,0,0,0,0,0,0,0,0,敦賀赤レンガ倉庫,,選択なし/該当施設なし,"5,000円以上 10,000円未満",とても満足,,とても満足,,感じなかった,,10,,,また行きたい（1年以内）,
207450,福井駅前 エリア（宿泊施設）,女,1981,45,40代,三重県,津市,100万円未満,mobile/android,2026-09-01 20:14:38,9月,福井駅前 エリア（宿泊施設）,02.福井駅前 エリア（宿泊施設）,福井市,福井市・永平寺町,,4泊以上,4泊以上,福井エリア（福井市・永平寺町）,福井県外には宿泊しない,夫婦2人,"宿でのんびり過ごす
名所、旧跡の観光
",1,0,0,0,1,0,0,0,0,0,0,0,0,0,0,0,0,0,"自家用車
",1,0,0,0,0,0,0,"自家用車
",0,0,0,0,,,"40,000円以上 50,000円未満","5,000円以上 10,000円未満","5,000円以上 10,000円未満",初めて,"インターネット・アプリ
Twitter
",0,0,0,0,0,1,1,0,0,0,0,0,0,0,選択なし/該当施設なし,,選択なし/該当施設なし,"5,000円以上 10,000円未満",とても満足,,とても満足,,感じなかった,,7,,,また行きたい（1年以内）,
205903,若州一滴文庫 エリア,男,1976,50,50代,奈良県,奈良市,500万円以上 600万円未満,mobile/android,2026-09-01 19:45:51,9月,うみんぴあ大飯 エリア,84.うみんぴあ大飯 エリア,おおい町,嶺南西部,,日帰り,福井県内には宿泊しない,福井県内には宿泊しない,福井県外には宿泊しない,中学生以上連れの家族,"温泉や露天風呂
地元の美味しいものを食べる
アウトドア（海水浴、釣り、登山など）
",0,1,1,0,0,0,0,0,0,1,0,0,0,0,0,0,0,0,"自家用車
",1,0,0,0,0,0,0,"自家用車
",0,0,0,0,とても満足,,使わない,"5,000円以上 10,000円未満","10,000円以上 20,000円未満",初めて,"観光展・物産展
インターネット・アプリ
Twitter
",1,0,0,0,0,1,1,0,0,0,0,0,0,0,越廼海水浴場,,敦賀赤レンガ倉庫,"3,000円以上 5,000円未満",とても満足,,とても満足,,感じなかった,,10,ご飯が美味しかった,,また行きたい（1年以内）,
207449,かつやま恐竜の森 エリア,女,1985,41,40代,京都府,城陽市,"1,000万円以上 1,200万円未満",mobile/android,2026-09-01 18:41:48,9月,かつやま恐竜の森 エリア,25.かつやま恐竜の森 エリア,勝山市,勝山市・大野市,勝山市観光まちづくり(株),1泊,1泊,福井エリア（福井市・永平寺町）,福井県外には宿泊しない,小学生以下連れの家族,"地元の美味しいものを食べる
テーマパーク（遊園地、動物園、博物館など）
",0,0,1,0,0,1,0,0,0,0,0,0,0,0,0,0,0,0,"自家用車
",1,0,0,0,0,0,0,"自家用車
",0,0,0,0,,,"5,000円以上 10,000円未満","5,000円以上 10,000円未満","30,000円以上 40,000円未満",2～5回目,"インターネット・アプリ
友人・知人
",0,0,0,0,0,1,0,0,0,0,1,0,0,0,福井県立恐竜博物館,,選択なし/該当施設なし,"1,000円未満",とても満足,,とても満足,,感じなかった,,10,,,また行きたい（1年以内）,
180926,日本海さかな街 エリア,女,1990,36,30代,愛知県,名古屋市北区,"1,000万円以上 1,200万円未満",mobile/iphone,2026-09-01 18:21:31,9月,メガネストリート エリア,45.メガネストリート エリア,鯖江市,丹南,,日帰り,福井県内には宿泊しない,福井県内には宿泊しない,福井県外には宿泊しない,自分ひとり,"出張など仕事関係
",0,0,0,0,0,0,0,0,0,0,0,0,0,0,0,0,1,0,"自家用車
在来線
",0,0,0,1,0,0,0,"在来線
徒歩
",0,0,1,0,,,使わない,使わない,使わない,6～10回目,"TV・ラジオ番組やCM
観光パンフレット・ポスター
",0,0,1,1,0,0,0,0,0,0,0,0,0,0,選択なし/該当施設なし,,選択なし/該当施設なし,使わない,とても満足,,とても満足,,感じなかった,,10,,,,
207448,北潟湖 エリア,女,1983,43,40代,愛知県,小牧市,600万円以上 700万円未満,mobile/android,2026-09-01 18:03:07,9月,北潟湖 エリア,20.北潟湖 エリア,あわら市,あわら市・坂井市,,2泊,福井県内には宿泊しない,福井県内には宿泊しない,石川県加賀市,小学生以下連れの家族,"宿でのんびり過ごす
温泉や露天風呂
地元の美味しいものを食べる
テーマパーク（遊園地、動物園、博物館など）
アウトドア（海水浴、釣り、登山など）
ドライブ・ツーリング
",1,1,1,0,0,1,0,0,0,1,0,0,0,0,1,0,0,0,"自家用車
",1,0,0,0,0,0,0,"自家用車
",0,0,0,0,,,使わない,"5,000円以上 10,000円未満","1,000円以上 3,000円未満",2～5回目,"新聞・雑誌・ガイドブック
インターネット・アプリ
",0,1,0,0,0,1,0,0,0,0,0,0,0,0,福井県立恐竜博物館,,道の駅「越前おおの荒島の郷」,"1,000円以上 3,000円未満",とても満足,道の駅はお土産もたくさんあり、お昼ご飯も美味しかった。越前そばを食べたかったので、食べられてよかった。,満足,昼食をとって、長い時間いたため少し寒かったが、お土産もよかったし、トイレもきれいだった。,感じなかった,,9,景色もよく、食べ物も美味しかった。もっと散策してみたいと思った。,加賀の隣なので、もう少し石川県のお土産も買えるとうれしいなと思った。食べ物も福井名物を食べられるとうれしい。,また行きたい（1年以内）,自然と美味しい食べ物が素晴らしいので、また行きたい。子どもたちも恐竜博物館が気に入っていてまた行きたいと言っている。自分ももっとちゃんと展示物を見たいなと思う。お土産も羽二重餅など美味しいものがたくさんあり、何度でも食べたいなと思う。
181197,web,男,1955,71,70代,福井県,南条郡,200万円以上 300万円未満,mobile/iphone,2026-09-01 17:58:05,9月,小浜 エリア（宿泊施設）,69.小浜 エリア（宿泊施設）,小浜市,嶺南西部,(株)まちづくり小浜,1泊,1泊,嶺南エリア（敦賀市・美浜町・若狭町・小浜市・おおい町・高浜町）,福井県外には宿泊しない,夫婦2人,"宿でのんびり過ごす
温泉や露天風呂
地元の美味しいものを食べる
",1,1,1,0,0,0,0,0,0,0,0,0,0,0,0,0,0,0,"県外から訪れていない（福井県在住）
",1,0,0,0,0,0,1,"自家用車
",0,0,0,0,,,"10,000円以上 20,000円未満","1,000円以上 3,000円未満","5,000円以上 10,000円未満",2～5回目,"TV・ラジオ番組やCM
",0,0,1,0,0,0,0,0,0,0,0,0,0,0,選択なし/該当施設なし,,道の駅「若狭おばま」,"5,000円以上 10,000円未満",満足,,満足,,感じなかった,,6,,,福井県在住,
207409,あわら湯のまち エリア,女,1964,62,60代,栃木県,栃木市,200万円以上 300万円未満,mobile/android,2026-09-01 16:26:16,9月,東尋坊 エリア,10.東尋坊 エリア,坂井市,あわら市・坂井市,(一社)DMOさかい観光局,3泊,2泊,三国・あわらエリア（あわら市・坂井市）,石川県加賀市,中学生以上連れの家族,"地元の美味しいものを食べる
",0,0,1,0,0,0,0,0,0,0,0,0,0,0,0,0,0,0,"飛行機
",0,0,0,1,1,0,0,"在来線
路線バス
",0,1,0,0,,,"50,000円以上 100,000円未満","50,000円以上 100,000円未満","50,000円以上 100,000円未満",2～5回目,"観光パンフレット・ポスター
",0,0,0,1,0,0,0,0,0,0,0,0,0,0,選択なし/該当施設なし,,選択なし/該当施設なし,"50,000円以上 100,000円未満",とても満足,,とても満足,,感じなかった,,10,,,,
207447,名勝 養浩館庭園 エリア,女,1960,66,60代,奈良県,奈良市,600万円以上 700万円未満,mobile/iphone,2026-09-01 16:06:10,9月,名勝 養浩館庭園 エリア,04.名勝 養浩館庭園 エリア,福井市,福井市・永平寺町,,2泊,2泊,福井エリア（福井市・永平寺町）,福井県外には宿泊しない,その他家族,"友人・親戚を尋ねる
",0,0,0,0,0,0,0,0,0,0,0,0,0,0,0,1,0,0,"新幹線
",0,0,1,0,0,0,0,"徒歩
",0,0,1,0,どちらでもない,,"10,000円以上 20,000円未満","5,000円以上 10,000円未満","10,000円以上 20,000円未満",初めて,"観光パンフレット・ポスター
友人・知人
観光協会等の案内所
",0,0,0,1,0,0,0,0,0,0,1,1,0,0,大本山永平寺,,東尋坊,"1,000円未満",満足,,満足,,感じなかった,,8,,,また行きたい（1年以内）,
147074,web,女,1983,43,40代,福井県,福井市,800万円以上 900万円未満,mobile/android,2026-09-01 15:51:20,9月,福井駅前 エリア,01.福井駅前 エリア,福井市,福井市・永平寺町,,日帰り,福井県内には宿泊しない,福井県内には宿泊しない,福井県外には宿泊しない,小学生以下連れの家族,"買い物、アウトレット
",0,0,0,0,0,0,1,0,0,0,0,0,0,0,0,0,0,0,"県外から訪れていない（福井県在住）
",1,0,0,0,0,0,1,"自家用車
",0,0,0,0,,,使わない,使わない,"3,000円以上 5,000円未満",11回目以上,"インターネット・アプリ
",0,0,0,0,0,1,0,0,0,0,0,0,0,0,選択なし/該当施設なし,,選択なし/該当施設なし,"1,000円未満",とても満足,,とても満足,,感じなかった,,10,,,福井県在住,
200589,web,女,1974,52,50代,東京都,足立区,"900万円以上 1,000万円未満",mobile/android,2026-09-01 15:14:56,9月,丸岡城 エリア,13.丸岡城 エリア,坂井市,あわら市・坂井市,(一社)DMOさかい観光局,日帰り,福井県内には宿泊しない,福井県内には宿泊しない,石川県小松市,夫婦2人,"ドライブ・ツーリング
",0,0,0,0,0,0,0,0,0,0,0,0,0,0,1,0,0,0,"自家用車
",1,0,0,0,0,0,0,"自家用車
",0,0,0,0,,,"1,000円以上 3,000円未満","1,000円以上 3,000円未満","3,000円以上 5,000円未満",2～5回目,"観光展・物産展
",1,0,0,0,0,0,0,0,0,0,0,0,0,0,選択なし/該当施設なし,,選択なし/該当施設なし,"1,000円以上 3,000円未満",とても満足,,とても満足,,感じなかった,,10,,,また行きたい（1年以内）,
139949,web,女,1993,33,30代,京都府,京都市中京区,500万円以上 600万円未満,mobile/iphone,2026-09-01 15:01:02,9月,メガネストリート エリア,45.メガネストリート エリア,鯖江市,丹南,,2泊,2泊,福井エリア（福井市・永平寺町）,福井県外には宿泊しない,小学生以下連れの家族,"地元の美味しいものを食べる
",0,0,1,0,0,0,0,0,0,0,0,0,0,0,0,0,0,0,"新幹線
在来線
",0,0,1,1,0,0,0,"在来線
路線バス
",0,1,0,0,満足,,"20,000円以上 30,000円未満","10,000円以上 20,000円未満","30,000円以上 40,000円未満",初めて,"Instagram
",0,0,0,0,0,0,0,1,0,0,0,0,0,0,選択なし/該当施設なし,永平寺,選択なし/該当施設なし,"1,000円以上 3,000円未満",満足,メガネのことが学べ、または歩いていてもメガネのベンチなどがあり楽しかったからです。,満足,施設が綺麗で、今まで見たことのないメガネを見ることができ楽しかったからでふ。,感じなかった,,7,,,機会があれば行きたい,海鮮、胡桃を使ったお菓子など食を楽しみたい。
139959,web,男,1985,41,40代,京都府,京都市中京区,600万円以上 700万円未満,mobile/iphone,2026-09-01 14:55:03,9月,メガネストリート エリア,45.メガネストリート エリア,鯖江市,丹南,,2泊,2泊,福井エリア（福井市・永平寺町）,福井県外には宿泊しない,その他家族,"地元の美味しいものを食べる
",0,0,1,0,0,0,0,0,0,0,0,0,0,0,0,0,0,0,"新幹線
",0,0,1,0,0,0,0,"路線バス
",0,1,0,0,どちらでもない,本数が少ない,"5,000円以上 10,000円未満","5,000円以上 10,000円未満","20,000円以上 30,000円未満",初めて,"友人・知人
",0,0,0,0,0,0,0,0,0,0,1,0,0,0,選択なし/該当施設なし,,選択なし/該当施設なし,"1,000円以上 3,000円未満",どちらでもない,,満足,メガネの歴史を学べのが良かった,感じなかった,,8,,,機会があれば行きたい,
207445,JR敦賀駅前 エリア,女,1965,61,60代,大阪府,吹田市,"900万円以上 1,000万円未満",mobile/iphone,2026-09-01 14:52:44,9月,JR敦賀駅前 エリア,63.JR敦賀駅前 エリア,敦賀市,嶺南東部,,日帰り,福井県内には宿泊しない,福井県内には宿泊しない,福井県外には宿泊しない,小学生以下連れの家族,"地元の美味しいものを食べる
",0,0,1,0,0,0,0,0,0,0,0,0,0,0,0,0,0,0,"在来線
",0,0,0,0,0,0,0,"路線バス
",0,1,0,0,満足,周遊バスのパンフレットに時刻表が掲載されていて、わかりやすく、気軽に利用できました。,使わない,"5,000円以上 10,000円未満","5,000円以上 10,000円未満",初めて,"観光パンフレット・ポスター
インターネット・アプリ
",0,0,0,1,0,1,0,0,0,0,0,0,0,0,氣比神宮,,敦賀赤レンガ倉庫,"3,000円以上 5,000円未満",満足,"福井の名物が少しずつ入った駅弁が味も良く、満足感があった。
羽二重餅を使った新しいタイプのサブレも、お土産に好評だった。",満足,こじんまりとして清潔感があり、わかりやすかった。ただ、駅構内全体に空調がきいておらず、真夏は歩きづらい面も感じました。新幹線のターミナル駅にも関わらず、子どもが好きなファーストフード店やフードコートがないのが残念でした。,感じた,"子どもが立ち寄れるようなファーストフード店がなかったこと。
気軽に休憩したり、飲食できる場所があまりなかったこと。",7,"松本零士関連のモニュメント類は、昔からのアニメファンにおすすめ。
海鮮丼などの海の幸も堪能できる。",駅構内で子どもから大人までそれぞれの好みで楽しめる、ファーストフードから福井名物までを揃えたフードコートのような場所があるといいなと思います。,機会があれば行きたい,"美味しい海の幸を楽しみながら、敦賀のような街並み散策もゆったりとした時間が過ごせて、魅力的だと感じました。
できれば列車の割引切符などで、もっと気軽に足を運べたらいいなと思います。
"
207444,花の駅 ゆりの里公園 エリア,男,1993,33,30代,滋賀県,米原市,600万円以上 700万円未満,mobile/iphone,2026-09-01 13:57:04,9月,花の駅 ゆりの里公園 エリア,14.花の駅 ゆりの里公園 エリア,坂井市,あわら市・坂井市,(一社)DMOさかい観光局,1泊,1泊,福井エリア（福井市・永平寺町）,福井県外には宿泊しない,小学生以下連れの家族,"宿でのんびり過ごす
まちあるき、都市散策
",1,0,0,0,0,0,0,0,0,0,1,0,0,0,0,0,0,0,"新幹線
",0,0,1,0,0,0,0,"路線バス
",0,1,0,0,どちらでもない,バスの本数が少ない,"20,000円以上 30,000円未満","5,000円以上 10,000円未満","20,000円以上 30,000円未満",2～5回目,"インターネット・アプリ
",0,0,0,0,0,1,0,0,0,0,0,0,0,0,選択なし/該当施設なし,,選択なし/該当施設なし,"1,000円以上 3,000円未満",満足,,満足,,感じなかった,,6,パン屋はちの子,,機会があれば行きたい,海の幸や山の幸などの自然な食事
207443,北陸新幹線 越前たけふ駅 エリア,男,1959,67,60代,兵庫県,西宮市,800万円以上 900万円未満,mobile/android,2026-09-01 13:52:07,9月,北陸新幹線 越前たけふ駅 エリア,38.北陸新幹線 越前たけふ駅 エリア,越前市,丹南,,1泊,1泊,三国・あわらエリア（あわら市・坂井市）,福井県外には宿泊しない,夫婦2人,"地元の美味しいものを食べる
",0,0,1,0,0,0,0,0,0,0,0,0,0,0,0,0,0,道の駅,"自家用車
",0,0,0,1,0,0,0,"在来線
",0,0,0,0,,,"5,000円以上 10,000円未満","5,000円以上 10,000円未満","5,000円以上 10,000円未満",初めて,"その他
",0,0,0,0,0,0,0,0,0,0,0,0,0,0,東尋坊,,三方五湖,"1,000円以上 3,000円未満",とても満足,綺麗な施設,とても満足,,感じなかった,,10,綺麗ど広く、充実している。,,機会があれば行きたい,温泉街の発展
207442,JR美浜駅 エリア,女,1999,27,20代,福井県,三方郡,200万円以上 300万円未満,mobile/iphone,2026-09-01 13:50:43,9月,JR美浜駅 エリア,79.JR美浜駅 エリア,美浜町,嶺南東部,三方五湖DMO(株),日帰り,1泊,三国・あわらエリア（あわら市・坂井市）,石川県金沢市,小学生以下連れの家族,"宿でのんびり過ごす
温泉や露天風呂
地元の美味しいものを食べる
お祭りやイベントへの参加・見物
スポーツ観戦や芸能鑑賞（コンサート等）
",1,1,1,0,0,0,0,1,1,0,0,0,0,0,0,0,0,0,"自家用車
旅行会社ツアーバス
",0,0,0,0,0,0,0,"タクシー
路線バス
",1,1,0,0,とても満足,,"1,000円以上 3,000円未満","1,000円以上 3,000円未満","1,000円以上 3,000円未満",初めて,"TV・ラジオ番組やCM
",0,0,1,0,0,0,0,0,0,0,0,0,0,0,選択なし/該当施設なし,,選択なし/該当施設なし,"1,000円未満",満足,,とても満足,,感じなかった,,10,,,また行きたい（1年以内）,
207438,web,男,1960,66,60代,愛知県,一宮市,"900万円以上 1,000万円未満",mobile/android,2026-09-01 11:15:24,9月,かずら橋 エリア,48.かずら橋 エリア,池田町,丹南,（一財）いけだ農村観光公社,日帰り,福井県内には宿泊しない,福井県内には宿泊しない,福井県外には宿泊しない,自分ひとり,"温泉や露天風呂
名所、旧跡の観光
その他
",0,1,0,0,1,0,0,0,0,0,0,0,0,0,0,0,0,0,"その他
",0,0,0,0,0,0,0,"その他
",0,0,0,0,どちらでもない,自前,使わない,"3,000円以上 5,000円未満","5,000円以上 10,000円未満",2～5回目,"TV・ラジオ番組やCM
インターネット・アプリ
Instagram
Facebook
",0,0,1,0,0,1,0,1,1,0,0,0,0,0,選択なし/該当施設なし,足羽川ダムダム工事現場,龍双ヶ滝,"5,000円以上 10,000円未満",とても満足,蕎麦が旨い,どちらでもない,"川がもっと綺麗に
出来れば大きな石を入れて
渓流巡り",感じた,反対側に駐車場が欲しい,8,"かずら橋
蕎麦
温泉","福島県が蕎麦が有名と
聞きました
あまりにもPRが下手かと",また行きたい（1年以内）,"イカから始まりカニ、ヘシコ、など
東西？南北？に広く地域毎に良いものがあるかと
一番ビックリ！したのは県庁に蕎麦課があると！
毎年3～5回は来るのに知らんかった！
確かに越前蕎麦、永平寺の蕎麦、蕎麦饅頭など
旨い！がびっくり！！！！！"
207436,レインボーライン エリア,女,1963,63,60代,神奈川県,横須賀市,分からない/無回答,mobile/iphone,2026-09-01 10:12:00,9月,レインボーライン エリア,77.レインボーライン エリア,美浜町,嶺南東部,三方五湖DMO(株),4泊以上,4泊以上,福井エリア（福井市・永平寺町）,滋賀県,夫婦2人,"温泉や露天風呂
地元の美味しいものを食べる
名所、旧跡の観光
テーマパーク（遊園地、動物園、博物館など）
買い物、アウトレット
ドライブ・ツーリング
",0,1,1,0,1,1,1,0,0,0,0,0,0,0,1,0,0,0,"自家用車
",1,0,0,0,0,0,0,"自家用車
",0,0,0,0,とても満足,,"10,000円以上 20,000円未満","20,000円以上 30,000円未満","40,000円以上 50,000円未満",初めて,"インターネット・アプリ
観光協会等の案内所
宿泊施設
",0,0,0,0,0,1,0,0,0,0,0,1,0,1,多田寺,,選択なし/該当施設なし,"1,000円未満",とても満足,,とても満足,,感じなかった,,10,,,機会があれば行きたい,
207434,JR美浜駅 エリア,男,1995,31,30代,兵庫県,淡路市,600万円以上 700万円未満,mobile/android,2026-09-01 10:07:03,9月,JR美浜駅 エリア,79.JR美浜駅 エリア,美浜町,嶺南東部,三方五湖DMO(株),1泊,1泊,嶺南エリア（敦賀市・美浜町・若狭町・小浜市・おおい町・高浜町）,福井県外には宿泊しない,中学生以上連れの家族,"地元の美味しいものを食べる
名所、旧跡の観光
テーマパーク（遊園地、動物園、博物館など）
",0,0,1,0,1,1,0,0,0,0,0,0,0,0,0,0,0,0,"自家用車
",1,0,0,0,0,0,0,"自家用車
",0,0,0,0,,,"10,000円以上 20,000円未満","10,000円以上 20,000円未満","20,000円以上 30,000円未満",初めて,"インターネット・アプリ
",0,0,0,0,0,1,0,0,0,0,0,0,0,0,氣比神宮,,日本海さかな街,"3,000円以上 5,000円未満",満足,,満足,,感じなかった,,7,,,機会があれば行きたい,
174123,福井駅前 エリア（宿泊施設）,男,1959,67,60代,兵庫県,尼崎市,200万円以上 300万円未満,mobile/android,2026-09-01 09:56:59,9月,福井駅前 エリア（宿泊施設）,02.福井駅前 エリア（宿泊施設）,福井市,福井市・永平寺町,,1泊,1泊,福井エリア（福井市・永平寺町）,福井県外には宿泊しない,夫婦2人,"地元の美味しいものを食べる
",0,0,1,0,0,0,0,0,0,0,0,0,0,0,0,0,0,前回の印象,"自家用車
",1,0,0,0,0,0,0,"自家用車
",0,0,0,0,,,"10,000円以上 20,000円未満","10,000円以上 20,000円未満","10,000円以上 20,000円未満",11回目以上,"その他
",0,0,0,0,0,0,0,0,0,0,0,0,0,0,選択なし/該当施設なし,,氣比神宮,"10,000円以上 20,000円未満",とても満足,朝食が良い,とても満足,スタッフが親切丁寧,感じなかった,,6,,,また行きたい（1年以内）,地域に１軒名物スーパー居酒屋併設
207433,かにファクトリー 甲羅組 エリア,女,1965,61,60代,福井県,大飯郡,300万円以上 400万円未満,mobile/iphone,2026-09-01 09:50:05,9月,かにファクトリー 甲羅組 エリア,102.かにファクトリー 甲羅組 エリア,敦賀市,嶺南東部,,日帰り,福井県内には宿泊しない,福井県内には宿泊しない,福井県外には宿泊しない,友人,"お祭りやイベントへの参加・見物
",0,0,0,0,0,0,0,1,0,0,0,0,0,0,0,0,0,0,"県外から訪れていない（福井県在住）
",1,0,0,0,0,0,1,"自家用車
",0,0,0,0,満足,,使わない,"1,000円未満","5,000円以上 10,000円未満",初めて,"インターネット・アプリ
",0,0,0,0,0,1,0,0,0,0,0,0,0,0,選択なし/該当施設なし,,選択なし/該当施設なし,"5,000円以上 10,000円未満",満足,,満足,,感じなかった,,2,,,福井県在住,
136041,web,男,1975,51,50代,福井県,敦賀市,分からない/無回答,mobile/android,2026-09-01 07:51:42,9月,かにファクトリー 甲羅組 エリア,102.かにファクトリー 甲羅組 エリア,敦賀市,嶺南東部,,日帰り,福井県内には宿泊しない,福井県内には宿泊しない,福井県外には宿泊しない,夫婦2人,"テーマパーク（遊園地、動物園、博物館など）
",0,0,0,0,0,1,0,0,0,0,0,0,0,0,0,0,0,0,"県外から訪れていない（福井県在住）
",1,0,0,0,0,0,1,"自家用車
",0,0,0,0,,,使わない,使わない,使わない,初めて,"TV・ラジオ番組やCM
",0,0,1,0,0,0,0,0,0,0,0,0,0,0,選択なし/該当施設なし,,選択なし/該当施設なし,"1,000円未満",満足,,とても満足,,感じなかった,,10,,,機会があれば行きたい,
111708,JR敦賀駅前 エリア,女,1987,39,30代,福井県,敦賀市,400万円以上 500万円未満,mobile/android,2026-09-01 05:35:10,9月,JR敦賀駅前 エリア,63.JR敦賀駅前 エリア,敦賀市,嶺南東部,,日帰り,福井県内には宿泊しない,嶺南エリア（敦賀市・美浜町・若狭町・小浜市・おおい町・高浜町）,福井県外には宿泊しない,自分ひとり,"温泉や露天風呂
",0,1,0,0,0,0,0,0,0,0,0,0,0,0,0,0,0,0,"自家用車
",1,0,0,0,0,0,0,"自家用車
",0,0,0,0,,,使わない,使わない,使わない,11回目以上,"インターネット・アプリ
",0,0,0,0,0,1,0,0,0,0,0,0,0,0,選択なし/該当施設なし,,選択なし/該当施設なし,使わない,とても満足,,満足,,感じなかった,,6,,,,
119678,web,女,1963,63,60代,福井県,福井市,400万円以上 500万円未満,mobile/android,2026-09-02 22:30:49,9月,かずら橋 エリア,48.かずら橋 エリア,池田町,丹南,（一財）いけだ農村観光公社,1泊,1泊,越前エリア（越前市・越前町・鯖江市・池田町・南越前町）,福井県外には宿泊しない,夫婦2人,"宿でのんびり過ごす
",1,0,0,0,0,0,0,0,0,0,0,0,0,0,0,0,0,0,"県外から訪れていない（福井県在住）
",1,0,0,0,0,0,1,"自家用車
",0,0,0,0,,,"20,000円以上 30,000円未満","1,000円未満","3,000円以上 5,000円未満",6～10回目,"インターネット・アプリ
",0,0,0,0,0,1,0,0,0,0,0,0,0,0,選択なし/該当施設なし,,選択なし/該当施設なし,"1,000円以上 3,000円未満",どちらでもない,,満足,,感じなかった,,7,,,福井県在住,
207490,大本山 永平寺 エリア,女,1975,51,50代,大阪府,豊中市,"1,000万円以上 1,200万円未満",mobile/android,2026-09-02 21:40:37,9月,大本山 永平寺 エリア,34.大本山 永平寺 エリア,永平寺町,福井市・永平寺町,,2泊,2泊,福井エリア（福井市・永平寺町）,福井県外には宿泊しない,夫婦2人,"地元の美味しいものを食べる
テーマパーク（遊園地、動物園、博物館など）
",0,0,1,0,0,1,0,0,0,0,0,0,0,0,0,0,0,0,"自家用車
",1,0,0,0,0,0,0,"自家用車
",0,0,0,0,,,"5,000円以上 10,000円未満","10,000円以上 20,000円未満","30,000円以上 40,000円未満",初めて,"観光パンフレット・ポスター
インターネット・アプリ
",0,0,0,1,0,1,0,0,0,0,0,0,0,0,選択なし/該当施設なし,,福井県立恐竜博物館,"1,000円以上 3,000円未満",とても満足,,とても満足,,感じなかった,,10,,観光案内所のお手洗いがキレイで気持ちよく利用でき、永平寺でゆっくりとすごせました。,また行きたい（1年以内）,
207484,web,女,1967,59,50代,三重県,伊勢市,400万円以上 500万円未満,mobile/android,2026-09-02 20:58:33,9月,かにファクトリー 甲羅組 エリア,102.かにファクトリー 甲羅組 エリア,敦賀市,嶺南東部,,日帰り,福井県内には宿泊しない,福井県内には宿泊しない,福井県外には宿泊しない,友人,"地元の美味しいものを食べる
",0,0,1,0,0,0,0,0,0,0,0,0,0,0,0,0,0,0,"旅行会社ツアーバス
",0,0,0,0,0,1,0,"旅行会社ツアーバス
",0,0,0,0,満足,安全に目的地に連れて行ってもらえました,使わない,"10,000円以上 20,000円未満","5,000円以上 10,000円未満",初めて,"インターネット・アプリ
",0,0,0,0,0,1,0,0,0,0,0,0,0,0,選択なし/該当施設なし,観光農園どんぐり山,選択なし/該当施設なし,"3,000円以上 5,000円未満",満足,カッコーパルックのかに至福丼、楽しみにしてましたが　むき身が何本もあるような写真だったのに４本だけでした。カラの甲羅もなんだっの？フードコートの１９８０円のが、ウニもイクラものってて、これのがよかったな。と思いました。味噌汁、ぬるすぎて気持ち悪かった,満足,お土産を買ったり、施設見学は楽しかったです,感じなかった,,8,福井は何度か訪れていて、好きな場所であるから,,機会があれば行きたい,"以前訪れた恐竜博物館は、本当に素晴らしい場所でした。娘が小さい頃、恐竜が大好きだったので、あわら温泉に宿泊し博物館に行きました。恐竜にまったく興味のなかった私ですが、入ってみるとすべてが素晴らしかったです。
その後、大きくなった娘と蟹を食べに訪れ、今回は友人と三回目の観光です"
207483,道の駅みくに ふれあいパーク三里浜 エリア,男,1987,39,30代,岐阜県,各務原市,"900万円以上 1,000万円未満",mobile/iphone,2026-09-02 18:38:54,9月,道の駅みくに ふれあいパーク三里浜 エリア,15.道の駅みくに ふれあいパーク三里浜 エリア,坂井市,あわら市・坂井市,(一社)DMOさかい観光局,2泊,2泊,三国・あわらエリア（あわら市・坂井市）,福井県外には宿泊しない,自分ひとり,"地元の美味しいものを食べる
出張など仕事関係
",0,0,1,0,0,0,0,0,0,0,0,0,0,0,0,0,1,0,"新幹線
在来線
",0,0,1,0,0,0,0,"タクシー
",1,0,0,0,満足,,"10,000円以上 20,000円未満","10,000円以上 20,000円未満","20,000円以上 30,000円未満",初めて,"宿泊施設
",0,0,0,0,0,0,0,0,0,0,0,0,0,1,選択なし/該当施設なし,,選択なし/該当施設なし,使わない,どちらでもない,,どちらでもない,,感じなかった,,5,,,また行きたい（1年以内）,
207475,web,女,1963,63,60代,愛知県,豊明市,600万円以上 700万円未満,mobile/iphone,2026-09-02 17:38:42,9月,小浜市 阿納 エリア,67.小浜市 阿納 エリア,小浜市,嶺南西部,(株)まちづくり小浜,3泊,2泊,嶺南エリア（敦賀市・美浜町・若狭町・小浜市・おおい町・高浜町）,京都府,中学生以上連れの家族,"名所、旧跡の観光
",0,0,0,0,1,0,0,0,0,0,0,0,0,0,0,0,0,0,"自家用車
",1,0,0,0,0,0,0,"自家用車
",0,0,0,0,,,"100,000円以上",使わない,"20,000円以上 30,000円未満",初めて,"TV・ラジオ番組やCM
",0,0,1,0,0,0,0,0,0,0,0,0,0,0,若狭フィッシャーマンズワーフ,,選択なし/該当施設なし,"10,000円以上 20,000円未満",とても満足,,とても満足,,感じなかった,,7,,,機会があれば行きたい,
207481,かつやま恐竜の森 エリア,女,1964,62,60代,石川県,金沢市,"1,000万円以上 1,200万円未満",mobile/iphone,2026-09-02 17:29:33,9月,かつやま恐竜の森 エリア,25.かつやま恐竜の森 エリア,勝山市,勝山市・大野市,勝山市観光まちづくり(株),3泊,3泊,奥越前エリア（勝山市・大野市）,福井県外には宿泊しない,恋人,"宿でのんびり過ごす
温泉や露天風呂
地元の美味しいものを食べる
花見や紅葉などの自然鑑賞
名所、旧跡の観光
テーマパーク（遊園地、動物園、博物館など）
買い物、アウトレット
",1,1,1,1,1,1,1,0,0,0,0,0,0,0,0,0,0,0,"その他
",1,0,0,0,0,0,0,"自家用車
",0,0,0,0,満足,ホテルから駅や恐竜博物館へ行くバスもある,"50,000円以上 100,000円未満","10,000円以上 20,000円未満","50,000円以上 100,000円未満",初めて,"観光展・物産展
観光パンフレット・ポスター
宿泊施設
",1,0,0,1,0,0,0,0,0,0,0,0,0,1,道の駅「恐竜渓谷かつやま」,,気比の松原,"3,000円以上 5,000円未満",とても不満,,とても満足,ワクワクしました,感じなかった,,10,これまでとは違う福井を再発見できる,暑い時期が長いので、涼しく快適に過ごせるようにお願いします,また行きたい（1年以内）,
207474,東尋坊 エリア,女,1983,43,40代,奈良県,奈良市,300万円以上 400万円未満,mobile/android,2026-09-02 17:15:41,9月,道の駅「南えちぜん山海里」 エリア,58.道の駅「南えちぜん山海里」 エリア,南越前町,丹南,,1泊,福井県内には宿泊しない,福井県内には宿泊しない,石川県加賀市,友人,"温泉や露天風呂
",0,1,0,0,0,0,0,0,0,0,0,0,0,0,0,0,0,0,"自家用車
",1,0,0,0,0,0,0,"自家用車
",0,0,0,0,満足,,使わない,"50,000円以上 100,000円未満","5,000円以上 10,000円未満",初めて,"インターネット・アプリ
",0,0,0,0,0,1,0,0,0,0,0,0,0,0,東尋坊,,選択なし/該当施設なし,"5,000円以上 10,000円未満",満足,品揃えが良かった。お手洗いもきれいだった。,満足,,感じなかった,,7,海沿いの景色がとても美しかった,足湯など休憩スペースの設置,また行きたい（1年以内）,温泉と美味しい食事が日帰りで楽しめる施設がほしいです
207473,福井駅前 エリア（宿泊施設）,男,1974,52,50代,大阪府,大阪市西成区,200万円以上 300万円未満,mobile/iphone,2026-09-02 16:45:28,9月,だるまちゃん広場 エリア,42.だるまちゃん広場 エリア,越前市,丹南,,3泊,3泊,福井エリア（福井市・永平寺町）,福井県外には宿泊しない,友人,"まちあるき、都市散策
",0,0,0,0,0,0,0,0,0,0,1,0,0,0,0,0,0,0,"在来線
",0,0,0,1,0,0,0,"在来線
",0,0,0,0,どちらでもない,,"10,000円以上 20,000円未満","3,000円以上 5,000円未満","10,000円以上 20,000円未満",初めて,"友人・知人
",0,0,0,0,0,0,0,0,0,0,1,0,0,0,選択なし/該当施設なし,,選択なし/該当施設なし,"3,000円以上 5,000円未満",とても満足,,どちらでもない,,感じなかった,,7,,,また行きたい（1年以内）,
207479,北陸新幹線 越前たけふ駅 エリア,無回答,1968,58,50代,大阪府,茨木市,"900万円以上 1,000万円未満",pc/others,2026-09-02 16:44:35,9月,北陸新幹線 越前たけふ駅 エリア,38.北陸新幹線 越前たけふ駅 エリア,越前市,丹南,,2泊,2泊,越前エリア（越前市・越前町・鯖江市・池田町・南越前町）,福井県外には宿泊しない,職場の同僚,"出張など仕事関係
",0,0,0,0,0,0,0,0,0,0,0,0,0,0,0,0,1,0,"自家用車
",1,0,0,0,0,0,0,"自家用車
",0,0,0,0,満足,,"5,000円以上 10,000円未満","5,000円以上 10,000円未満","5,000円以上 10,000円未満",2～5回目,"宿泊施設
",0,0,0,0,0,0,0,0,0,0,0,0,0,1,敦賀駅,,選択なし/該当施設なし,"20,000円以上 30,000円未満",満足,,満足,,感じなかった,,9,,,,
207478,レインボーライン エリア,女,2005,21,20代,滋賀県,栗東市,300万円以上 400万円未満,mobile/iphone,2026-09-02 16:39:38,9月,レインボーライン エリア,77.レインボーライン エリア,美浜町,嶺南東部,三方五湖DMO(株),日帰り,福井県内には宿泊しない,福井県内には宿泊しない,福井県外には宿泊しない,親,"名所、旧跡の観光
まちあるき、都市散策
",0,0,0,0,1,0,0,0,0,0,1,0,0,0,0,0,0,0,"自家用車
",1,0,0,0,0,0,0,"自家用車
",0,0,0,0,,,使わない,"1,000円以上 3,000円未満","3,000円以上 5,000円未満",初めて,"観光パンフレット・ポスター
友人・知人
",0,0,0,1,0,0,0,0,0,0,1,0,0,0,選択なし/該当施設なし,,選択なし/該当施設なし,"1,000円以上 3,000円未満",とても満足,お団子美味しかった！レインボー傘で映え写真が撮れた！,とても満足,,感じなかった,,10,,,また行きたい（1年以内）,
107410,web,女,1954,72,70代,福井県,勝山市,500万円以上 600万円未満,mobile/android,2026-09-02 16:31:24,9月,道の駅「恐竜渓谷かつやま」 エリア,26.道の駅「恐竜渓谷かつやま」 エリア,勝山市,勝山市・大野市,勝山市観光まちづくり(株),日帰り,福井県内には宿泊しない,福井県内には宿泊しない,福井県外には宿泊しない,自分ひとり,"買い物、アウトレット
",0,0,0,0,0,0,1,0,0,0,0,0,0,0,0,0,0,0,"自家用車
",1,0,0,0,0,0,0,"自家用車
",0,0,0,0,どちらでもない,,"3,000円以上 5,000円未満","3,000円以上 5,000円未満","3,000円以上 5,000円未満",初めて,"観光展・物産展
",1,0,0,0,0,0,0,0,0,0,0,0,0,0,勝山城博物館,,一乗谷朝倉氏遺跡,"5,000円以上 10,000円未満",どちらでもない,,どちらでもない,,感じた,,7,,,どちらともいえない,
207476,web,女,1974,52,50代,東京都,葛飾区,300万円以上 400万円未満,mobile/iphone,2026-09-02 16:30:35,9月,JR芦原温泉駅 エリア,16.JR芦原温泉駅 エリア,あわら市,あわら市・坂井市,,1泊,1泊,三国・あわらエリア（あわら市・坂井市）,福井県外には宿泊しない,友人,"その他
",0,0,0,0,0,0,0,0,0,0,0,0,0,0,0,0,0,0,"新幹線
飛行機
",0,0,1,0,1,0,0,"路線バス
",0,1,0,0,とても満足,スムーズに移動ができたので満足です。,"5,000円以上 10,000円未満","20,000円以上 30,000円未満","20,000円以上 30,000円未満",初めて,"友人・知人
",0,0,0,0,0,0,0,0,0,0,1,0,0,0,選択なし/該当施設なし,,あわら温泉屋台村「湯けむり横丁」,"20,000円以上 30,000円未満",とても満足,とても満足しています。また来たいと思っています。,とても満足,,感じなかった,,10,駅内の展示がとても興味深かったです。,地元ならではのものが食べれたり飲めたりしたらそれで楽しいと思います！,また行きたい（1年以内）,美味しい海鮮、お酒がたくさん楽しみたい！
207474,東尋坊 エリア,女,1983,43,40代,奈良県,奈良市,300万円以上 400万円未満,mobile/android,2026-09-02 15:52:32,9月,東尋坊 エリア,10.東尋坊 エリア,坂井市,あわら市・坂井市,(一社)DMOさかい観光局,1泊,福井県内には宿泊しない,福井県内には宿泊しない,石川県加賀市,友人,"温泉や露天風呂
",0,1,0,0,0,0,0,0,0,0,0,0,0,0,0,0,0,0,"自家用車
",1,0,0,0,0,0,0,"自家用車
",0,0,0,0,,,使わない,"50,000円以上 100,000円未満","5,000円以上 10,000円未満",2～5回目,"インターネット・アプリ
",0,0,0,0,0,1,0,0,0,0,0,0,0,0,選択なし/該当施設なし,,選択なし/該当施設なし,"1,000円未満",満足,,満足,,感じた,日陰が少なくて暑くて困った,6,海と崖と空の景色が特に素晴らしいです,カフェ,また行きたい（1年以内）,海鮮が食べられる施設
207473,福井駅前 エリア（宿泊施設）,男,1974,52,50代,大阪府,大阪市西成区,200万円以上 300万円未満,mobile/iphone,2026-09-02 15:33:37,9月,福井駅前 エリア（宿泊施設）,02.福井駅前 エリア（宿泊施設）,福井市,福井市・永平寺町,,3泊,3泊,福井エリア（福井市・永平寺町）,福井県外には宿泊しない,友人,"地元の美味しいものを食べる
まちあるき、都市散策
",0,0,1,0,0,0,0,0,0,0,1,0,0,0,0,0,0,0,"在来線
",0,0,0,1,0,0,0,"在来線
",0,0,0,0,,,"10,000円以上 20,000円未満","3,000円以上 5,000円未満","10,000円以上 20,000円未満",2～5回目,"インターネット・アプリ
友人・知人
",0,0,0,0,0,1,0,0,0,0,1,0,0,0,選択なし/該当施設なし,,選択なし/該当施設なし,"10,000円以上 20,000円未満",満足,,満足,,感じなかった,,8,,,また行きたい（1年以内）,
207467,web,男,1988,38,30代,岐阜県,岐阜市,100万円未満,mobile/iphone,2026-09-02 15:00:41,9月,日本海さかな街 エリア,61.日本海さかな街 エリア,敦賀市,嶺南東部,,日帰り,福井県内には宿泊しない,福井県内には宿泊しない,岐阜市,友人,"その他
",0,0,0,0,0,0,0,0,0,0,0,0,0,0,0,0,0,0,"自家用車
",1,0,0,0,0,0,0,"自家用車
",0,0,0,0,とても満足,,使わない,"3,000円以上 5,000円未満","5,000円以上 10,000円未満",6～10回目,"インターネット・アプリ
",0,0,0,0,0,1,0,0,0,0,0,0,0,0,選択なし/該当施設なし,,選択なし/該当施設なし,"1,000円未満",満足,,満足,,感じなかった,,8,,,また行きたい（1年以内）,
207471,かずら橋 エリア,女,1982,44,40代,愛知県,豊田市,500万円以上 600万円未満,mobile/iphone,2026-09-02 14:50:28,9月,まちの駅 こってコテいけだ エリア,47.まちの駅 こってコテいけだ エリア,池田町,丹南,（一財）いけだ農村観光公社,1泊,1泊,越前エリア（越前市・越前町・鯖江市・池田町・南越前町）,福井県外には宿泊しない,小学生以下連れの家族,"テーマパーク（遊園地、動物園、博物館など）
",0,0,0,0,0,1,0,0,0,0,0,0,0,0,0,0,0,Googleマップ,"自家用車
",1,0,0,0,0,0,0,"自家用車
",0,0,0,0,満足,,"30,000円以上 40,000円未満","10,000円以上 20,000円未満","10,000円以上 20,000円未満",初めて,"その他
",0,0,0,0,0,0,0,0,0,0,0,0,0,0,選択なし/該当施設なし,,選択なし/該当施設なし,"5,000円以上 10,000円未満",不満,,不満,,感じた,"Googleマップで調べて遊び場に来ましたが着いてみるとやってなかった。
子供がとってもがっかりしていた。
情報はしっかりしてほしい。
遠方から来てるのにとても残念でした。",3,,,,
191362,web,女,1968,58,50代,福井県,敦賀市,300万円以上 400万円未満,mobile/android,2026-09-02 14:02:45,9月,神楽通り エリア,62.神楽通りエリア,敦賀市,嶺南東部,,日帰り,福井県内には宿泊しない,福井県内には宿泊しない,福井県外には宿泊しない,夫婦2人,"買い物、アウトレット
",0,0,0,0,0,0,1,0,0,0,0,0,0,0,0,0,0,0,"県外から訪れていない（福井県在住）
",1,0,0,0,0,0,1,"自家用車
",0,0,0,0,,,使わない,使わない,"3,000円以上 5,000円未満",11回目以上,"インターネット・アプリ
",0,0,0,0,0,1,0,0,0,0,0,0,0,0,選択なし/該当施設なし,,選択なし/該当施設なし,"1,000円以上 3,000円未満",満足,,満足,お祭りで休憩出来る場所があり助かりました,感じなかった,,8,,,,
207471,かずら橋 エリア,女,1982,44,40代,愛知県,豊田市,500万円以上 600万円未満,mobile/iphone,2026-09-02 14:01:33,9月,かずら橋 エリア,48.かずら橋 エリア,池田町,丹南,（一財）いけだ農村観光公社,1泊,1泊,越前エリア（越前市・越前町・鯖江市・池田町・南越前町）,福井県外には宿泊しない,小学生以下連れの家族,"テーマパーク（遊園地、動物園、博物館など）
",0,0,0,0,0,1,0,0,0,0,0,0,0,0,0,0,0,Googleマップ,"自家用車
",1,0,0,0,0,0,0,"自家用車
",0,0,0,0,満足,普段通らない道をのんびりドライブしつつダムによったり道の駅に寄ったり楽しかった。,"30,000円以上 40,000円未満","10,000円以上 20,000円未満","10,000円以上 20,000円未満",初めて,"その他
",0,0,0,0,0,0,0,0,0,0,0,0,0,0,選択なし/該当施設なし,,福井県こども家族館,"1,000円以上 3,000円未満",満足,,満足,,感じなかった,,3,,,,
207467,web,男,1988,38,30代,岐阜県,岐阜市,100万円未満,mobile/iphone,2026-09-02 13:18:32,9月,かにファクトリー 甲羅組 エリア,102.かにファクトリー 甲羅組 エリア,敦賀市,嶺南東部,,日帰り,福井県内には宿泊しない,福井県内には宿泊しない,岐阜市,友人,"テーマパーク（遊園地、動物園、博物館など）
アウトドア（海水浴、釣り、登山など）
その他
",0,0,0,0,0,1,0,0,0,1,0,0,0,0,0,0,0,0,"自家用車
",1,0,0,0,0,0,0,"自家用車
",0,0,0,0,,,使わない,"3,000円以上 5,000円未満","5,000円以上 10,000円未満",初めて,"インターネット・アプリ
",0,0,0,0,0,1,0,0,0,0,0,0,0,0,選択なし/該当施設なし,,水晶浜海水浴場,"3,000円以上 5,000円未満",とても満足,"カニの殻向き体験+持ち帰りが出来たので満足
3000円でこの内容なら楽しいし満足度高いです",とても満足,涼しくて快適,感じなかった,,10,家族,訳アリのカニで良いので置いていただけると嬉しいです。,また行きたい（1年以内）,
207466,かにファクトリー 甲羅組 エリア,男,1988,38,30代,愛知県,知多郡,500万円以上 600万円未満,mobile/android,2026-09-02 13:10:23,9月,かにファクトリー 甲羅組 エリア,102.かにファクトリー 甲羅組 エリア,敦賀市,嶺南東部,,日帰り,1泊,嶺南エリア（敦賀市・美浜町・若狭町・小浜市・おおい町・高浜町）,福井県外には宿泊しない,友人,"宿でのんびり過ごす
温泉や露天風呂
地元の美味しいものを食べる
花見や紅葉などの自然鑑賞
アウトドア（海水浴、釣り、登山など）
",1,1,1,1,0,0,0,0,0,1,0,0,0,0,0,0,0,0,"自家用車
",1,0,0,0,0,0,0,"自家用車
",0,0,0,0,,,"5,000円以上 10,000円未満","5,000円以上 10,000円未満","10,000円以上 20,000円未満",初めて,"Instagram
",0,0,0,0,0,0,0,1,0,0,0,0,0,0,水晶浜海水浴場,,選択なし/該当施設なし,"5,000円以上 10,000円未満",満足,,満足,,感じた,室内が少し寒かった,7,"他ではできない体験ができる
カニ好きにはたまらない",,また行きたい（1年以内）,
207451,金ヶ崎 エリア,女,1954,72,70代,大阪府,豊中市,100万円以上 200万円未満,mobile/android,2026-09-02 12:36:30,9月,越前陶芸村 エリア,52.越前陶芸村 エリア,越前町,丹南,一般社団法人 越前町観光連盟（DMO ECHIZEN）,2泊,2泊,嶺南エリア（敦賀市・美浜町・若狭町・小浜市・おおい町・高浜町）,福井県外には宿泊しない,中学生以上連れの家族,"地元の美味しいものを食べる
",0,0,1,0,0,0,0,0,0,0,0,0,0,0,0,0,0,0,"自家用車
",1,0,0,0,0,0,0,"自家用車
",0,0,0,0,,,"10,000円以上 20,000円未満","30,000円以上 40,000円未満","5,000円以上 10,000円未満",初めて,"インターネット・アプリ
",0,0,0,0,0,1,0,0,0,0,0,0,0,0,敦賀赤レンガ倉庫,,敦賀鉄道資料館（旧敦賀港駅舎 ）,"3,000円以上 5,000円未満",とても満足,,とても満足,,感じなかった,,10,,,また行きたい（1年以内）,
139949,web,女,1993,33,30代,京都府,京都市中京区,500万円以上 600万円未満,mobile/iphone,2026-09-02 12:22:48,9月,大本山 永平寺 エリア,34.大本山 永平寺 エリア,永平寺町,福井市・永平寺町,,2泊,2泊,福井エリア（福井市・永平寺町）,福井県外には宿泊しない,小学生以下連れの家族,"地元の美味しいものを食べる
",0,0,1,0,0,0,0,0,0,0,0,0,0,0,0,0,0,0,"在来線
",0,0,0,0,0,0,0,"路線バス
",0,1,0,0,満足,福井駅からスムーズに来れたため,"20,000円以上 30,000円未満","10,000円以上 20,000円未満","30,000円以上 40,000円未満",初めて,"Instagram
",0,0,0,0,0,0,0,1,0,0,0,0,0,0,選択なし/該当施設なし,,選択なし/該当施設なし,"3,000円以上 5,000円未満",満足,荘厳な雰囲気でパワーをいただけたため,満足,,感じなかった,,8,,,機会があれば行きたい,
139959,web,男,1985,41,40代,京都府,京都市中京区,600万円以上 700万円未満,mobile/iphone,2026-09-02 12:21:48,9月,大本山 永平寺 エリア,34.大本山 永平寺 エリア,永平寺町,福井市・永平寺町,,2泊,2泊,福井エリア（福井市・永平寺町）,福井県外には宿泊しない,その他家族,"地元の美味しいものを食べる
",0,0,1,0,0,0,0,0,0,0,0,0,0,0,0,0,0,0,"新幹線
",0,0,1,0,0,0,0,"路線バス
",0,1,0,0,満足,,"5,000円以上 10,000円未満","5,000円以上 10,000円未満","20,000円以上 30,000円未満",初めて,"友人・知人
",0,0,0,0,0,0,0,0,0,0,1,0,0,0,選択なし/該当施設なし,八ツ島駅,選択なし/該当施設なし,"1,000円以上 3,000円未満",とても満足,,とても満足,,感じなかった,,10,,,機会があれば行きたい,
207464,福井駅前 エリア,男,1974,52,50代,富山県,富山市,800万円以上 900万円未満,mobile/iphone,2026-09-02 11:46:20,9月,福井駅前 エリア,01.福井駅前 エリア,福井市,福井市・永平寺町,,1泊,1泊,福井エリア（福井市・永平寺町）,福井県外には宿泊しない,親,"宿でのんびり過ごす
地元の美味しいものを食べる
",1,0,1,0,0,0,0,0,0,0,0,0,0,0,0,0,0,0,"新幹線
",0,0,1,0,0,0,0,"タクシー
路線バス
",1,1,0,0,とても満足,乗り心地かよかったので,"10,000円以上 20,000円未満","5,000円以上 10,000円未満","20,000円以上 30,000円未満",6～10回目,"新聞・雑誌・ガイドブック
インターネット・アプリ
",0,1,0,0,0,1,0,0,0,0,0,0,0,0,選択なし/該当施設なし,,選択なし/該当施設なし,"10,000円以上 20,000円未満",とても満足,,とても満足,,感じなかった,,10,,,また行きたい（1年以内）,
207463,かつやま恐竜の森 エリア,女,1994,32,30代,埼玉県,川越市,"1,200万円以上 1,500万円未満",mobile/iphone,2026-09-02 11:37:40,9月,かつやま恐竜の森 エリア,25.かつやま恐竜の森 エリア,勝山市,勝山市・大野市,勝山市観光まちづくり(株),2泊,2泊,福井エリア（福井市・永平寺町）,福井県外には宿泊しない,小学生以下連れの家族,"名所、旧跡の観光
",0,0,0,0,1,0,0,0,0,0,0,0,0,0,0,0,0,0,"自家用車
",1,0,0,0,0,0,0,"自家用車
",0,0,0,0,とても満足,恐竜博物館が見応えがあったため,"30,000円以上 40,000円未満","10,000円以上 20,000円未満","20,000円以上 30,000円未満",初めて,"観光展・物産展
",1,0,0,0,0,0,0,0,0,0,0,0,0,0,選択なし/該当施設なし,,選択なし/該当施設なし,"5,000円以上 10,000円未満",とても満足,回答しやすかったため,とても満足,みやすいてんじだったため,感じなかった,,9,,,機会があれば行きたい,
207460,レインボーライン エリア,女,1973,53,50代,東京都,調布市,"1,000万円以上 1,200万円未満",mobile/iphone,2026-09-02 11:28:59,9月,レインボーライン エリア,77.レインボーライン エリア,美浜町,嶺南東部,三方五湖DMO(株),2泊,2泊,嶺南エリア（敦賀市・美浜町・若狭町・小浜市・おおい町・高浜町）,福井県外には宿泊しない,中学生以上連れの家族,"地元の美味しいものを食べる
名所、旧跡の観光
テーマパーク（遊園地、動物園、博物館など）
ドライブ・ツーリング
",0,0,1,0,1,1,0,0,0,0,0,0,0,0,1,0,0,0,"レンタカー
新幹線
",0,1,1,0,0,0,0,"レンタカー
",0,0,0,0,満足,ETCカードしか使えないインターばかりで困ったから。,"10,000円以上 20,000円未満","50,000円以上 100,000円未満","20,000円以上 30,000円未満",初めて,"新聞・雑誌・ガイドブック
観光パンフレット・ポスター
インターネット・アプリ
",0,1,0,1,0,1,0,0,0,0,0,0,0,0,福井県立恐竜博物館,,敦賀赤レンガ倉庫,"1,000円以上 3,000円未満",とても満足,休憩スポットが多くあるから,とても満足,風光明媚の上、リフト職員が親切だから,感じなかった,,9,食べ物が、全て美味しい。景色がらきれい。,今のままで十分です。,機会があれば行きたい,海鮮や自然の景色
207461,web,女,1971,55,50代,岐阜県,岐阜市,500万円以上 600万円未満,mobile/android,2026-09-02 11:25:49,9月,北ノ庄 エリア,03.北ノ庄 エリア,福井市,福井市・永平寺町,,1泊,福井県内には宿泊しない,福井県内には宿泊しない,石川県加賀市,親,"温泉や露天風呂
名所、旧跡の観光
",0,1,0,0,1,0,0,0,0,0,0,0,0,0,0,0,0,0,"自家用車
",1,0,0,0,0,0,0,"自家用車
",0,0,0,0,,,使わない,"3,000円以上 5,000円未満","3,000円以上 5,000円未満",初めて,"インターネット・アプリ
",0,0,0,0,0,1,0,0,0,0,0,0,0,0,選択なし/該当施設なし,,選択なし/該当施設なし,"1,000円以上 3,000円未満",満足,,満足,,感じなかった,,10,,,,
123382,web,男,1960,66,60代,大阪府,吹田市,100万円未満,mobile/android,2026-09-02 11:13:15,9月,かずら橋 エリア,48.かずら橋 エリア,池田町,丹南,（一財）いけだ農村観光公社,3泊,2泊,福井エリア（福井市・永平寺町）,石川県加賀市,夫婦2人,"名所、旧跡の観光
",0,0,0,0,1,0,0,0,0,0,0,0,0,0,0,0,0,0,"自家用車
",1,0,0,0,0,0,0,"自家用車
",0,0,0,0,,,"20,000円以上 30,000円未満","5,000円以上 10,000円未満","5,000円以上 10,000円未満",初めて,"観光協会等の案内所
",0,0,0,0,0,0,0,0,0,0,0,1,0,0,道の駅「西山公園」,池田市内,選択なし/該当施設なし,"1,000円未満",とても満足,,とても満足,,感じなかった,,9,,,また行きたい（1年以内）,
207459,レインボーライン エリア,男,1960,66,60代,長野県,北安曇郡,400万円以上 500万円未満,mobile/android,2026-09-02 11:11:59,9月,レインボーライン エリア,77.レインボーライン エリア,美浜町,嶺南東部,三方五湖DMO(株),2泊,2泊,福井エリア（福井市・永平寺町）,福井県外には宿泊しない,夫婦2人,"宿でのんびり過ごす
名所、旧跡の観光
テーマパーク（遊園地、動物園、博物館など）
",1,0,0,0,1,1,0,0,0,0,0,0,0,0,0,0,0,0,"自家用車
",1,0,0,0,0,0,0,"自家用車
",0,0,0,0,満足,,"10,000円以上 20,000円未満","20,000円以上 30,000円未満","20,000円以上 30,000円未満",2～5回目,"観光パンフレット・ポスター
",0,0,0,1,0,0,0,0,0,0,0,0,0,0,一乗谷朝倉氏遺跡,,選択なし/該当施設なし,"1,000円以上 3,000円未満",とても満足,,とても満足,,感じなかった,,10,,,,
207457,大本山 永平寺 エリア,男,1964,62,60代,埼玉県,東松山市,600万円以上 700万円未満,mobile/iphone,2026-09-02 11:02:25,9月,大本山 永平寺 エリア,34.大本山 永平寺 エリア,永平寺町,福井市・永平寺町,,1泊,1泊,三国・あわらエリア（あわら市・坂井市）,福井県外には宿泊しない,夫婦2人,"宿でのんびり過ごす
名所、旧跡の観光
テーマパーク（遊園地、動物園、博物館など）
",1,0,0,0,1,1,0,0,0,0,0,0,0,0,0,0,0,0,"レンタカー
",0,1,0,0,0,0,0,"レンタカー
",0,0,0,0,満足,,"30,000円以上 40,000円未満","20,000円以上 30,000円未満","10,000円以上 20,000円未満",初めて,"観光パンフレット・ポスター
インターネット・アプリ
Instagram
",0,0,0,1,0,1,0,1,0,0,0,0,0,0,選択なし/該当施設なし,,選択なし/該当施設なし,"10,000円以上 20,000円未満",満足,,満足,,感じなかった,,8,,,,
136373,web,女,1960,66,60代,大阪府,吹田市,100万円未満,mobile/android,2026-09-02 10:56:38,9月,かずら橋 エリア,48.かずら橋 エリア,池田町,丹南,（一財）いけだ農村観光公社,3泊,3泊,福井エリア（福井市・永平寺町）,石川県加賀市,夫婦2人,"地元の美味しいものを食べる
",0,0,1,0,0,0,0,0,0,0,0,0,0,0,0,0,0,0,"自家用車
",1,0,0,0,0,0,0,"自家用車
",0,0,0,0,とても満足,,"50,000円以上 100,000円未満","10,000円以上 20,000円未満","5,000円以上 10,000円未満",初めて,"観光協会等の案内所
",0,0,0,0,0,0,0,0,0,0,0,1,0,0,選択なし/該当施設なし,,選択なし/該当施設なし,使わない,とても満足,,とても満足,,感じなかった,,10,"とても静かで癒される場所
ベンチも多数あり、ゆっくりとできる",,また行きたい（1年以内）,
204227,web,女,1985,41,40代,京都府,京都市右京区,200万円以上 300万円未満,mobile/iphone,2026-09-02 10:52:34,9月,JR美浜駅 エリア,79.JR美浜駅 エリア,美浜町,嶺南東部,三方五湖DMO(株),1泊,1泊,嶺南エリア（敦賀市・美浜町・若狭町・小浜市・おおい町・高浜町）,福井県外には宿泊しない,恋人,"温泉や露天風呂
アウトドア（海水浴、釣り、登山など）
",0,1,0,0,0,0,0,0,0,1,0,0,0,0,0,0,0,Googleマップ,"自家用車
",1,0,0,0,0,0,0,"自家用車
",0,0,0,0,,,"10,000円以上 20,000円未満","5,000円以上 10,000円未満","10,000円以上 20,000円未満",2～5回目,"その他
",0,0,0,0,0,0,0,0,0,0,0,0,0,0,敦賀赤レンガ倉庫,,氣比神宮,"5,000円以上 10,000円未満",とても満足,どこに行っても景色が綺麗,とても満足,人が多すぎず、ホッとする,感じた,ちょうど来た火曜水曜が定休日が多い,10,車で出かけやすい,夏は涼しいスイーツが食べれるお店が増えると嬉しい,また行きたい（1年以内）,釣りができる綺麗な施設ができたら嬉しい
207456,大本山 永平寺 エリア,男,1977,49,40代,山形県,山形市,"1,000万円以上 1,200万円未満",mobile/iphone,2026-09-02 10:50:11,9月,大本山 永平寺 エリア,34.大本山 永平寺 エリア,永平寺町,福井市・永平寺町,,2泊,2泊,福井エリア（福井市・永平寺町）,福井県外には宿泊しない,自分ひとり,"出張など仕事関係
",0,0,0,0,0,0,0,0,0,0,0,0,0,0,0,0,1,0,"自家用車
",1,0,0,0,0,0,0,"自家用車
",0,0,0,0,満足,,"10,000円以上 20,000円未満","10,000円以上 20,000円未満","20,000円以上 30,000円未満",2～5回目,"インターネット・アプリ
Instagram
ブログ
",0,0,0,0,0,1,0,1,0,1,0,0,0,0,選択なし/該当施設なし,福井産業技術センター,選択なし/該当施設なし,"1,000円未満",満足,,とても満足,,感じなかった,,10,,,機会があれば行きたい,
139949,web,女,1993,33,30代,京都府,京都市中京区,500万円以上 600万円未満,mobile/iphone,2026-09-02 10:37:48,9月,福井駅前 エリア,01.福井駅前 エリア,福井市,福井市・永平寺町,,2泊,2泊,福井エリア（福井市・永平寺町）,福井県外には宿泊しない,小学生以下連れの家族,"地元の美味しいものを食べる
",0,0,1,0,0,0,0,0,0,0,0,0,0,0,0,0,0,0,"在来線
",0,0,0,0,0,0,0,"路線バス
その他
",0,1,0,0,満足,,"20,000円以上 30,000円未満","10,000円以上 20,000円未満","30,000円以上 40,000円未満",2～5回目,"Instagram
",0,0,0,0,0,0,0,1,0,0,0,0,0,0,選択なし/該当施設なし,,大本山永平寺,"20,000円以上 30,000円未満",満足,,満足,街が綺麗で、海鮮など楽しめるレストランもあり満足でした。,感じなかった,,7,,お寿司や恐竜のお土産,機会があれば行きたい,小さな赤ちゃんも遊べるような施設があると良いです。
139959,web,男,1985,41,40代,京都府,京都市中京区,600万円以上 700万円未満,mobile/iphone,2026-09-02 10:34:44,9月,福井駅前 エリア,01.福井駅前 エリア,福井市,福井市・永平寺町,,2泊,2泊,福井エリア（福井市・永平寺町）,福井県外には宿泊しない,その他家族,"地元の美味しいものを食べる
",0,0,1,0,0,0,0,0,0,0,0,0,0,0,0,0,0,0,"新幹線
",0,0,1,0,0,0,0,"徒歩
",0,0,1,0,,,"5,000円以上 10,000円未満","5,000円以上 10,000円未満","20,000円以上 30,000円未満",2～5回目,"友人・知人
",0,0,0,0,0,0,0,0,0,0,1,0,0,0,選択なし/該当施設なし,,大本山永平寺,"10,000円以上 20,000円未満",とても満足,リニューアルしてとても綺麗になっていた,とても満足,,感じなかった,,9,,小さな子供や子連れの親でも利用しやすい駅の設計,機会があれば行きたい,美味しい海鮮グルメ
123382,web,男,1960,66,60代,大阪府,吹田市,100万円未満,mobile/android,2026-09-02 10:29:28,9月,だるまちゃん広場 エリア,42.だるまちゃん広場 エリア,越前市,丹南,,3泊,2泊,福井エリア（福井市・永平寺町）,石川県加賀市,夫婦2人,"名所、旧跡の観光
",0,0,0,0,1,0,0,0,0,0,0,0,0,0,0,0,0,0,"自家用車
",1,0,0,0,0,0,0,"自家用車
",0,0,0,0,満足,,"20,000円以上 30,000円未満","5,000円以上 10,000円未満","5,000円以上 10,000円未満",2～5回目,"観光協会等の案内所
",0,0,0,0,0,0,0,0,0,0,0,1,0,0,選択なし/該当施設なし,,選択なし/該当施設なし,使わない,満足,,満足,,感じなかった,,8,,,また行きたい（1年以内）,
136373,web,女,1960,66,60代,大阪府,吹田市,100万円未満,mobile/android,2026-09-02 10:28:35,9月,だるまちゃん広場 エリア,42.だるまちゃん広場 エリア,越前市,丹南,,3泊,3泊,福井エリア（福井市・永平寺町）,石川県加賀市,夫婦2人,"地元の美味しいものを食べる
",0,0,1,0,0,0,0,0,0,0,0,0,0,0,0,0,0,0,"自家用車
",1,0,0,0,0,0,0,"自家用車
",0,0,0,0,満足,,"50,000円以上 100,000円未満","10,000円以上 20,000円未満","5,000円以上 10,000円未満",2～5回目,"観光協会等の案内所
",0,0,0,0,0,0,0,0,0,0,0,1,0,0,選択なし/該当施設なし,,選択なし/該当施設なし,使わない,満足,,満足,,感じなかった,,9,,,また行きたい（1年以内）,
123382,web,男,1960,66,60代,大阪府,吹田市,100万円未満,mobile/android,2026-09-02 10:27:23,9月,紫式部公園 エリア,41.紫式部公園 エリア,越前市,丹南,,3泊,2泊,福井エリア（福井市・永平寺町）,石川県加賀市,夫婦2人,"名所、旧跡の観光
",0,0,0,0,1,0,0,0,0,0,0,0,0,0,0,0,0,0,"自家用車
",1,0,0,0,0,0,0,"自家用車
",0,0,0,0,満足,,"20,000円以上 30,000円未満","5,000円以上 10,000円未満","5,000円以上 10,000円未満",2～5回目,"観光協会等の案内所
",0,0,0,0,0,0,0,0,0,0,0,1,0,0,選択なし/該当施設なし,,選択なし/該当施設なし,使わない,満足,,満足,,感じなかった,,8,,,また行きたい（1年以内）,
139949,web,女,1993,33,30代,京都府,京都市中京区,500万円以上 600万円未満,mobile/iphone,2026-09-02 10:26:37,9月,福井駅前 エリア（宿泊施設）,02.福井駅前 エリア（宿泊施設）,福井市,福井市・永平寺町,,2泊,2泊,福井エリア（福井市・永平寺町）,福井県外には宿泊しない,小学生以下連れの家族,"地元の美味しいものを食べる
",0,0,1,0,0,0,0,0,0,0,0,0,0,0,0,0,0,0,"在来線
",0,0,0,1,0,0,0,"在来線
その他
",0,0,0,0,満足,,"20,000円以上 30,000円未満","10,000円以上 20,000円未満","30,000円以上 40,000円未満",2～5回目,"Instagram
",0,0,0,0,0,0,0,1,0,0,0,0,0,0,選択なし/該当施設なし,,大本山永平寺,"10,000円以上 20,000円未満",とても満足,,とても満足,,感じなかった,,7,,海鮮を楽しめるレストランがあり、街が綺麗で良かった。小さな子供が遊べる施設があるとより良いと思いました。,機会があれば行きたい,
139959,web,男,1985,41,40代,京都府,京都市中京区,600万円以上 700万円未満,mobile/iphone,2026-09-02 10:26:17,9月,福井駅前 エリア（宿泊施設）,02.福井駅前 エリア（宿泊施設）,福井市,福井市・永平寺町,,2泊,2泊,福井エリア（福井市・永平寺町）,福井県外には宿泊しない,その他家族,"地元の美味しいものを食べる
",0,0,1,0,0,0,0,0,0,0,0,0,0,0,0,0,0,0,"新幹線
",0,0,1,0,0,0,0,"徒歩
",0,0,1,0,満足,,"5,000円以上 10,000円未満","5,000円以上 10,000円未満","20,000円以上 30,000円未満",2～5回目,"友人・知人
",0,0,0,0,0,0,0,0,0,0,1,0,0,0,選択なし/該当施設なし,,大本山永平寺,"10,000円以上 20,000円未満",とても満足,前回訪問時に比べて、駅が改装されて綺麗になっていた,とても満足,,感じなかった,,9,,,機会があれば行きたい,
136373,web,女,1960,66,60代,大阪府,吹田市,100万円未満,mobile/android,2026-09-02 10:26:14,9月,紫式部公園 エリア,41.紫式部公園 エリア,越前市,丹南,,3泊,3泊,福井エリア（福井市・永平寺町）,石川県加賀市,夫婦2人,"地元の美味しいものを食べる
",0,0,1,0,0,0,0,0,0,0,0,0,0,0,0,0,0,0,"自家用車
",1,0,0,0,0,0,0,"自家用車
",0,0,0,0,どちらでもない,何度も訪れているため,"50,000円以上 100,000円未満","10,000円以上 20,000円未満","5,000円以上 10,000円未満",2～5回目,"観光協会等の案内所
",0,0,0,0,0,0,0,0,0,0,0,1,0,0,選択なし/該当施設なし,,選択なし/該当施設なし,使わない,どちらでもない,,満足,,感じなかった,,8,,,また行きたい（1年以内）,
207455,道の駅みくに ふれあいパーク三里浜 エリア,女,1963,63,60代,東京都,八王子市,300万円以上 400万円未満,mobile/iphone,2026-09-02 09:46:59,9月,道の駅みくに ふれあいパーク三里浜 エリア,15.道の駅みくに ふれあいパーク三里浜 エリア,坂井市,あわら市・坂井市,(一社)DMOさかい観光局,2泊,2泊,三国・あわらエリア（あわら市・坂井市）,福井県外には宿泊しない,小学生以下連れの家族,"テーマパーク（遊園地、動物園、博物館など）
",0,0,0,0,0,1,0,0,0,0,0,0,0,0,0,0,0,0,"新幹線
",0,1,1,0,0,0,0,"レンタカー
",0,0,0,0,とても満足,渋滞もなくスムーズに動けた,"10,000円以上 20,000円未満","20,000円以上 30,000円未満","100,000円以上",初めて,"TV・ラジオ番組やCM
インターネット・アプリ
",0,0,1,0,0,1,0,0,0,0,0,0,0,0,選択なし/該当施設なし,,選択なし/該当施設なし,"30,000円以上 40,000円未満",とても満足,恐竜関係のショップが楽しかった,とても満足,"恐竜王国福井、さすがです！
大満足で楽しめました。",感じた,"たまたまレベル5の大雨特別警報の日でした。
",8,やっぱり恐竜！,"恐竜系、とにかく楽しかった！

",機会があれば行きたい,"越前そば、羽二重餅、恐竜博物館、芝政ワールド、子供達が大喜びで楽しめました！
磯遊びをさせたくて亀島園地に行きましたが、ゴミだらけでがっかり、残念でした。"
100064,web,女,1968,58,50代,福井県,越前市,300万円以上 400万円未満,mobile/iphone,2026-09-02 09:44:46,9月,福井駅前 エリア（宿泊施設）,02.福井駅前 エリア（宿泊施設）,福井市,福井市・永平寺町,,1泊,1泊,福井エリア（福井市・永平寺町）,福井県外には宿泊しない,親,"宿でのんびり過ごす
名所、旧跡の観光
",1,0,0,0,1,0,0,0,0,0,0,0,0,0,0,0,0,0,"県外から訪れていない（福井県在住）
",0,0,0,1,0,0,1,"在来線
",0,0,0,0,どちらでもない,"電車と徒歩でホテルまで来ました。
普段より歩く事ができたので、健康には良かったです。","10,000円以上 20,000円未満","1,000円未満","3,000円以上 5,000円未満",11回目以上,"インターネット・アプリ
",0,0,0,0,0,1,0,0,0,0,0,0,0,0,選択なし/該当施設なし,,北の庄城址・柴田公園,"10,000円以上 20,000円未満",とても満足,ホテルが朝食、お風呂、サウナ付きで大満足でした。,とても満足,,感じなかった,,10,大河ドラマの北の庄城址は、歩きだったので、立ち寄りできて良かったです。,,また行きたい（1年以内）,
136373,web,女,1960,66,60代,大阪府,吹田市,100万円未満,mobile/android,2026-09-02 09:44:45,9月,道の駅「西山公園」 エリア,44.道の駅「西山公園」 エリア,鯖江市,丹南,,3泊,3泊,福井エリア（福井市・永平寺町）,石川県加賀市,夫婦2人,"地元の美味しいものを食べる
",0,0,1,0,0,0,0,0,0,0,0,0,0,0,0,0,0,0,"自家用車
",1,0,0,0,0,0,0,"自家用車
",0,0,0,0,満足,地元のトマトをたくさん買いました,"50,000円以上 100,000円未満","10,000円以上 20,000円未満","5,000円以上 10,000円未満",2～5回目,"観光協会等の案内所
",0,0,0,0,0,0,0,0,0,0,0,1,0,0,選択なし/該当施設なし,,選択なし/該当施設なし,"1,000円以上 3,000円未満",満足,"トマト以外の野菜が数少ない高い
",満足,,感じなかった,,8,,,また行きたい（1年以内）,
123382,web,男,1960,66,60代,大阪府,吹田市,100万円未満,mobile/android,2026-09-02 09:43:23,9月,道の駅「西山公園」 エリア,44.道の駅「西山公園」 エリア,鯖江市,丹南,,3泊,2泊,福井エリア（福井市・永平寺町）,石川県加賀市,夫婦2人,"名所、旧跡の観光
",0,0,0,0,1,0,0,0,0,0,0,0,0,0,0,0,0,0,"自家用車
",1,0,0,0,0,0,0,"自家用車
",0,0,0,0,,,"20,000円以上 30,000円未満","5,000円以上 10,000円未満","5,000円以上 10,000円未満",11回目以上,"観光協会等の案内所
",0,0,0,0,0,0,0,0,0,0,0,1,0,0,選択なし/該当施設なし,紫ゆかりの里,選択なし/該当施設なし,"3,000円以上 5,000円未満",満足,,満足,,感じなかった,,7,,,また行きたい（1年以内）,
207454,web,男,1973,53,50代,大阪府,大阪市住吉区,500万円以上 600万円未満,mobile/android,2026-09-02 07:14:49,9月,北陸新幹線 越前たけふ駅 エリア,38.北陸新幹線 越前たけふ駅 エリア,越前市,丹南,,2泊,2泊,越前エリア（越前市・越前町・鯖江市・池田町・南越前町）,福井県外には宿泊しない,職場の同僚,"出張など仕事関係
",0,0,0,0,0,0,0,0,0,0,0,0,0,0,0,0,1,0,"その他
",0,0,0,0,0,0,0,"その他
",0,0,0,0,満足,,使わない,"5,000円以上 10,000円未満","1,000円以上 3,000円未満",2～5回目,"インターネット・アプリ
",0,0,0,0,0,1,0,0,0,0,0,0,0,0,選択なし/該当施設なし,,選択なし/該当施設なし,"1,000円以上 3,000円未満",満足,,満足,,感じなかった,,7,,,機会があれば行きたい,
207519,丸岡城 エリア,男,1971,55,50代,富山県,高岡市,400万円以上 500万円未満,mobile/android,2026-09-03 23:49:52,9月,丸岡城 エリア,13.丸岡城 エリア,坂井市,あわら市・坂井市,(一社)DMOさかい観光局,日帰り,福井県内には宿泊しない,福井県内には宿泊しない,福井県外には宿泊しない,親,"地元の美味しいものを食べる
名所、旧跡の観光
",0,0,1,0,1,0,0,0,0,0,0,0,0,0,0,0,0,0,"自家用車
",1,0,0,0,0,0,0,"自家用車
",0,0,0,0,,,使わない,"20,000円以上 30,000円未満","20,000円以上 30,000円未満",6～10回目,"新聞・雑誌・ガイドブック
インターネット・アプリ
",0,1,0,0,0,1,0,0,0,0,0,0,0,0,選択なし/該当施設なし,,選択なし/該当施設なし,"20,000円以上 30,000円未満",満足,,満足,,感じなかった,,8,,,また行きたい（1年以内）,
138287,web,女,1993,33,30代,岐阜県,岐阜市,300万円以上 400万円未満,mobile/android,2026-09-03 20:54:27,9月,JR敦賀駅前 エリア,63.JR敦賀駅前 エリア,敦賀市,嶺南東部,,4泊以上,4泊以上,嶺南エリア（敦賀市・美浜町・若狭町・小浜市・おおい町・高浜町）,福井県外には宿泊しない,恋人,"地元の美味しいものを食べる
名所、旧跡の観光
買い物、アウトレット
お祭りやイベントへの参加・見物
まちあるき、都市散策
",0,0,1,0,1,0,1,1,0,0,1,0,0,0,0,0,0,0,"自家用車
",1,0,0,0,0,0,0,"自家用車
",0,0,0,0,,,"40,000円以上 50,000円未満","3,000円以上 5,000円未満","30,000円以上 40,000円未満",2～5回目,"友人・知人
",0,0,0,0,0,0,0,0,0,0,1,0,0,0,選択なし/該当施設なし,,選択なし/該当施設なし,"1,000円以上 3,000円未満",とても満足,,とても満足,,感じなかった,,8,,,,
107299,東尋坊 エリア,男,1988,38,30代,岐阜県,瑞穂市,"1,000万円以上 1,200万円未満",mobile/android,2026-09-03 20:53:44,9月,JR敦賀駅前 エリア,63.JR敦賀駅前 エリア,敦賀市,嶺南東部,,4泊以上,4泊以上,嶺南エリア（敦賀市・美浜町・若狭町・小浜市・おおい町・高浜町）,福井県外には宿泊しない,恋人,"宿でのんびり過ごす
温泉や露天風呂
地元の美味しいものを食べる
名所、旧跡の観光
",1,1,1,0,1,0,0,0,0,0,0,0,0,0,0,0,0,0,"自家用車
",1,0,0,0,0,0,0,"自家用車
",0,0,0,0,とても満足,,"40,000円以上 50,000円未満","10,000円以上 20,000円未満","20,000円以上 30,000円未満",2～5回目,"観光展・物産展
Twitter
",1,0,0,0,0,0,1,0,0,0,0,0,0,0,選択なし/該当施設なし,,選択なし/該当施設なし,"3,000円以上 5,000円未満",とても満足,,とても満足,,感じなかった,,10,,,,
203106,道の駅みくに ふれあいパーク三里浜 エリア,男,1987,39,30代,大阪府,大阪市鶴見区,500万円以上 600万円未満,mobile/android,2026-09-03 20:10:03,9月,道の駅みくに ふれあいパーク三里浜 エリア,15.道の駅みくに ふれあいパーク三里浜 エリア,坂井市,あわら市・坂井市,(一社)DMOさかい観光局,1泊,1泊,三国・あわらエリア（あわら市・坂井市）,福井県外には宿泊しない,自分ひとり,"出張など仕事関係
",0,0,0,0,0,0,0,0,0,0,0,0,0,0,0,0,1,0,"自家用車
",1,0,0,0,0,0,0,"自家用車
",0,0,0,0,,,"5,000円以上 10,000円未満","10,000円以上 20,000円未満","10,000円以上 20,000円未満",2～5回目,"宿泊施設
",0,0,0,0,0,0,0,0,0,0,0,0,0,1,越前大野城,,丸岡城,"3,000円以上 5,000円未満",どちらでもない,,どちらでもない,,感じなかった,,6,,,また行きたい（1年以内）,
207518,越前松島水族館 エリア,女,1978,48,40代,愛知県,名古屋市名東区,600万円以上 700万円未満,mobile/iphone,2026-09-03 20:05:42,9月,越前松島水族館 エリア,11.越前松島水族館 エリア,坂井市,あわら市・坂井市,(一社)DMOさかい観光局,2泊,2泊,三国・あわらエリア（あわら市・坂井市）,福井県外には宿泊しない,小学生以下連れの家族,"温泉や露天風呂
テーマパーク（遊園地、動物園、博物館など）
",0,1,0,0,0,1,0,0,0,0,0,0,0,0,0,0,0,0,"新幹線
在来線
",0,0,1,1,0,0,0,"在来線
路線バス
",0,1,0,0,どちらでもない,,"10,000円以上 20,000円未満","10,000円以上 20,000円未満","30,000円以上 40,000円未満",2～5回目,"インターネット・アプリ
",0,0,0,0,0,1,0,0,0,0,0,0,0,0,福井駅,,福井駅,"20,000円以上 30,000円未満",満足,,満足,,感じなかった,電車とバスの本数が少ない,8,,,機会があれば行きたい,
207516,三国湊 エリア,その他,1967,59,50代,福井県,あわら市,200万円以上 300万円未満,mobile/iphone,2026-09-03 19:11:14,9月,三国湊 エリア,09.三国湊 エリア,坂井市,あわら市・坂井市,(一社)DMOさかい観光局,日帰り,福井県内には宿泊しない,福井県内には宿泊しない,福井県外には宿泊しない,友人,"地元の美味しいものを食べる
まちあるき、都市散策
",0,0,1,0,0,0,0,0,0,0,1,0,0,0,0,0,0,0,"県外から訪れていない（福井県在住）
",1,0,0,0,0,0,1,"自家用車
",0,0,0,0,,,使わない,使わない,"3,000円以上 5,000円未満",初めて,"インターネット・アプリ
Instagram
友人・知人
",0,0,0,0,0,1,0,1,0,0,1,0,0,0,選択なし/該当施設なし,,選択なし/該当施設なし,"5,000円以上 10,000円未満",とても満足,静かできれいな街。,とても満足,静かで落ち着いた雰囲気。,感じた,駐車場が分かりづらかった。,10,静かできれいな街歩きができる。と、薦めたい。,"まだ沢山訪れていないので、もっと、また訪れたいと思いました。
店構えをみただけで
「次はココに来たい」と思えるお店がいくつかありました。",また行きたい（1年以内）,
207515,web,男,1976,50,50代,東京都,杉並区,"1,000万円以上 1,200万円未満",mobile/iphone,2026-09-03 18:08:25,9月,三国湊 エリア,09.三国湊 エリア,坂井市,あわら市・坂井市,(一社)DMOさかい観光局,4泊以上,1泊,嶺南エリア（敦賀市・美浜町・若狭町・小浜市・おおい町・高浜町）,石川県金沢市,その他家族,"名所、旧跡の観光
",0,0,0,0,1,0,0,0,0,0,0,0,0,0,0,0,0,0,"在来線
",0,0,0,1,0,0,0,"在来線
路線バス
",0,1,0,0,どちらでもない,特に可もなく不可もなく,"10,000円以上 20,000円未満","30,000円以上 40,000円未満","5,000円以上 10,000円未満",初めて,"インターネット・アプリ
",0,0,0,0,0,1,0,0,0,0,0,0,0,0,東尋坊,,選択なし/該当施設なし,使わない,どちらでもない,駅前で電車までの時間を潰そうとしたけど、はあとの葉っぱは開いてなく、駅前のカフェは二階なのでスーツケースだと辛くて結局電車が来るまで何もしなかった,どちらでもない,,感じた,先の通り,6,もう一度来て、食事をしても良いかもと思った,,機会があれば行きたい,
207515,web,男,1976,50,50代,東京都,杉並区,"1,000万円以上 1,200万円未満",mobile/iphone,2026-09-03 17:13:49,9月,東尋坊 エリア,10.東尋坊 エリア,坂井市,あわら市・坂井市,(一社)DMOさかい観光局,4泊以上,1泊,嶺南エリア（敦賀市・美浜町・若狭町・小浜市・おおい町・高浜町）,石川県金沢市,その他家族,"名所、旧跡の観光
",0,0,0,0,1,0,0,0,0,0,0,0,0,0,0,0,0,0,"新幹線
在来線
",0,0,1,1,0,0,0,"在来線
路線バス
",0,1,0,0,どちらでもない,バスまでにゆっくり時間を潰せるお茶できる場所や休憩場所が少ない。特に三国港,"10,000円以上 20,000円未満","30,000円以上 40,000円未満","5,000円以上 10,000円未満",初めて,"インターネット・アプリ
",0,0,0,0,0,1,0,0,0,0,0,0,0,0,福井県立恐竜博物館,,選択なし/該当施設なし,"1,000円以上 3,000円未満",どちらでもない,天候が悪くて遊覧船が欠航していた,満足,迫力があって良かった,感じなかった,,8,柱状節理はとても良い,,機会があれば行きたい,
207471,かずら橋 エリア,女,1982,44,40代,愛知県,豊田市,500万円以上 600万円未満,mobile/iphone,2026-09-03 17:11:47,9月,かつやま恐竜の森 エリア,25.かつやま恐竜の森 エリア,勝山市,勝山市・大野市,勝山市観光まちづくり(株),1泊,1泊,越前エリア（越前市・越前町・鯖江市・池田町・南越前町）,福井県外には宿泊しない,小学生以下連れの家族,"テーマパーク（遊園地、動物園、博物館など）
",0,0,0,0,0,1,0,0,0,0,0,0,0,0,0,0,0,Googleマップ,"自家用車
",1,0,0,0,0,0,0,"自家用車
",0,0,0,0,とても満足,,"30,000円以上 40,000円未満","10,000円以上 20,000円未満","10,000円以上 20,000円未満",2～5回目,"その他
",0,0,0,0,0,0,0,0,0,0,0,0,0,0,選択なし/該当施設なし,,選択なし/該当施設なし,"3,000円以上 5,000円未満",満足,,満足,,感じなかった,,8,,,,
207503,web,男,1976,50,50代,愛知県,名古屋市西区,"900万円以上 1,000万円未満",mobile/android,2026-09-03 16:45:27,9月,御食国若狭おばま食文化館 エリア,71.御食国若狭おばま食文化館 エリア,小浜市,嶺南西部,(株)まちづくり小浜,1泊,1泊,嶺南エリア（敦賀市・美浜町・若狭町・小浜市・おおい町・高浜町）,福井県外には宿泊しない,中学生以上連れの家族,"テーマパーク（遊園地、動物園、博物館など）
",0,0,0,0,0,1,0,0,0,0,0,0,0,0,0,0,0,0,"自家用車
",1,0,0,0,0,0,0,"自家用車
",0,0,0,0,,,"5,000円以上 10,000円未満","5,000円以上 10,000円未満","10,000円以上 20,000円未満",初めて,"インターネット・アプリ
",0,0,0,0,0,1,0,0,0,0,0,0,0,0,レインボーライン,,選択なし/該当施設なし,"1,000円未満",満足,,満足,,感じた,駐車場が分かりにくい,5,,,機会があれば行きたい,
207513,web,女,1961,65,60代,福井県,三方郡,400万円以上 500万円未満,mobile/iphone,2026-09-03 16:26:51,9月,かずら橋 エリア,48.かずら橋 エリア,池田町,丹南,（一財）いけだ農村観光公社,1泊,1泊,越前エリア（越前市・越前町・鯖江市・池田町・南越前町）,福井県外には宿泊しない,その他家族,"宿でのんびり過ごす
温泉や露天風呂
",1,1,0,0,0,0,0,0,0,0,0,0,0,0,0,0,0,0,"自家用車
",1,0,0,0,0,0,0,"自家用車
",0,0,0,0,とても満足,,"5,000円以上 10,000円未満","1,000円以上 3,000円未満","5,000円以上 10,000円未満",2～5回目,"観光展・物産展
観光パンフレット・ポスター
インターネット・アプリ
宿泊施設
",1,0,0,1,0,1,0,0,0,0,0,0,0,1,敦賀赤レンガ倉庫,,越前がにミュージアム,"1,000円以上 3,000円未満",とても満足,,とても満足,,感じなかった,,9,,,また行きたい（1年以内）,
184781,名勝 養浩館庭園 エリア,男,1972,54,50代,神奈川県,川崎市中原区,分からない/無回答,mobile/iphone,2026-09-03 16:14:44,9月,かずら橋 エリア,48.かずら橋 エリア,池田町,丹南,（一財）いけだ農村観光公社,4泊以上,4泊以上,奥越前エリア（勝山市・大野市）,静岡,夫婦2人,"アウトドア（海水浴、釣り、登山など）
",0,0,0,0,0,0,0,0,0,1,0,0,0,0,0,0,0,0,"自家用車
",1,0,0,0,0,0,0,"自家用車
",0,0,0,0,満足,道が復旧していた,"50,000円以上 100,000円未満","20,000円以上 30,000円未満","50,000円以上 100,000円未満",初めて,"宿泊施設
",0,0,0,0,0,0,0,0,0,0,0,0,0,1,越前大野城,,道の駅「シーサイド高浜」,"10,000円以上 20,000円未満",とても満足,"ご飯が美味しかった
温泉が良かった",とても満足,温泉が良かった,感じなかった,,7,温泉とお米,池田町の米を使った食事,また行きたい（1年以内）,海鮮と歴史
145120,明通寺 エリア,男,1992,34,30代,福井県,福井市,"1,000万円以上 1,200万円未満",mobile/iphone,2026-09-03 16:03:19,9月,あわら湯のまち エリア,17.あわら湯のまち エリア,あわら市,あわら市・坂井市,,1泊,1泊,三国・あわらエリア（あわら市・坂井市）,福井県外には宿泊しない,小学生以下連れの家族,"宿でのんびり過ごす
温泉や露天風呂
地元の美味しいものを食べる
テーマパーク（遊園地、動物園、博物館など）
",1,1,1,0,0,1,0,0,0,0,0,0,0,0,0,0,0,0,"県外から訪れていない（福井県在住）
",1,0,0,0,0,0,1,"自家用車
",0,0,0,0,とても満足,どこにでも気軽に立ち寄れるから,"20,000円以上 30,000円未満",使わない,"5,000円以上 10,000円未満",6～10回目,"インターネット・アプリ
",0,0,0,0,0,1,0,0,0,0,0,0,0,0,あわら温泉街,,選択なし/該当施設なし,"1,000円以上 3,000円未満",とても満足,,とても満足,,感じなかった,,8,,,また行きたい（1年以内）,
207510,金ヶ崎 エリア,男,2002,24,20代,静岡県,浜松市中区,100万円未満,mobile/iphone,2026-09-03 15:50:33,9月,金ヶ崎 エリア,64.金ヶ崎 エリア,敦賀市,嶺南東部,,2泊,1泊,嶺南エリア（敦賀市・美浜町・若狭町・小浜市・おおい町・高浜町）,石川県金沢市,恋人,"名所、旧跡の観光
",0,0,0,0,1,0,0,0,0,0,0,0,0,0,0,0,0,0,"在来線
",0,0,0,0,0,0,0,"徒歩
",0,0,1,0,,,"3,000円以上 5,000円未満","5,000円以上 10,000円未満","3,000円以上 5,000円未満",初めて,"インターネット・アプリ
",0,0,0,0,0,1,0,0,0,0,0,0,0,0,氣比神宮,,敦賀赤レンガ倉庫,使わない,満足,,満足,,感じなかった,,8,,,機会があれば行きたい,
207511,あわら湯のまち エリア,女,1993,33,30代,福井県,福井市,"1,200万円以上 1,500万円未満",mobile/iphone,2026-09-03 15:50:31,9月,あわら湯のまち エリア,17.あわら湯のまち エリア,あわら市,あわら市・坂井市,,1泊,1泊,三国・あわらエリア（あわら市・坂井市）,福井県外には宿泊しない,小学生以下連れの家族,"宿でのんびり過ごす
テーマパーク（遊園地、動物園、博物館など）
",1,0,0,0,0,1,0,0,0,0,0,0,0,0,0,0,0,0,"県外から訪れていない（福井県在住）
",1,0,0,0,0,0,1,"自家用車
",0,0,0,0,満足,,"40,000円以上 50,000円未満","1,000円未満","5,000円以上 10,000円未満",6～10回目,"インターネット・アプリ
",0,0,0,0,0,1,0,0,0,0,0,0,0,0,選択なし/該当施設なし,,選択なし/該当施設なし,使わない,満足,,満足,,感じなかった,,8,,,福井県在住,
207508,かつやま恐竜の森 エリア,男,1965,61,60代,大阪府,大阪市淀川区,"1,000万円以上 1,200万円未満",mobile/android,2026-09-03 15:48:23,9月,かつやま恐竜の森 エリア,25.かつやま恐竜の森 エリア,勝山市,勝山市・大野市,勝山市観光まちづくり(株),2泊,2泊,福井エリア（福井市・永平寺町）,福井県外には宿泊しない,夫婦2人,"地元の美味しいものを食べる
テーマパーク（遊園地、動物園、博物館など）
スポーツ観戦や芸能鑑賞（コンサート等）
",0,0,1,0,0,1,0,0,1,0,0,0,0,0,0,0,0,0,"在来線
",0,0,0,1,0,0,0,"在来線
",0,0,0,0,どちらでもない,お尻が痛かった。,"20,000円以上 30,000円未満","10,000円以上 20,000円未満","40,000円以上 50,000円未満",初めて,"インターネット・アプリ
",0,0,0,0,0,1,0,0,0,0,0,0,0,0,選択なし/該当施設なし,,選択なし/該当施設なし,"5,000円以上 10,000円未満",満足,欲しいお土産がありました。,満足,綺麗でした。,感じなかった,,8,展示が、充実しており、子供騙し的でなく、本格的であったこと。,現地限定グッズがあったので、購入しました。,また行きたい（1年以内）,"まずは、海鮮を、イメージします。
日本酒も美味しい。"
191362,web,女,1968,58,50代,福井県,敦賀市,300万円以上 400万円未満,mobile/android,2026-09-03 15:32:54,9月,JR美浜駅 エリア,79.JR美浜駅 エリア,美浜町,嶺南東部,三方五湖DMO(株),日帰り,福井県内には宿泊しない,福井県内には宿泊しない,福井県外には宿泊しない,夫婦2人,"買い物、アウトレット
",0,0,0,0,0,0,1,0,0,0,0,0,0,0,0,0,0,0,"県外から訪れていない（福井県在住）
",1,0,0,0,0,0,1,"自家用車
",0,0,0,0,,,使わない,使わない,"3,000円以上 5,000円未満",11回目以上,"インターネット・アプリ
",0,0,0,0,0,1,0,0,0,0,0,0,0,0,選択なし/該当施設なし,,選択なし/該当施設なし,使わない,どちらでもない,,どちらでもない,休館日で残念でした,感じなかった,,6,,,,
203910,web,男,1958,68,60代,福井県,敦賀市,400万円以上 500万円未満,mobile/android,2026-09-03 15:32:37,9月,JR美浜駅 エリア,79.JR美浜駅 エリア,美浜町,嶺南東部,三方五湖DMO(株),日帰り,1泊,嶺南エリア（敦賀市・美浜町・若狭町・小浜市・おおい町・高浜町）,福井県外には宿泊しない,夫婦2人,"地元の美味しいものを食べる
",0,0,1,0,0,0,0,0,0,0,0,0,0,0,0,0,0,0,"自家用車
",1,0,0,0,0,0,0,"自家用車
",0,0,0,0,,,使わない,使わない,"3,000円以上 5,000円未満",11回目以上,"TV・ラジオ番組やCM
",0,0,1,0,0,0,0,0,0,0,0,0,0,0,選択なし/該当施設なし,,選択なし/該当施設なし,使わない,どちらでもない,,どちらでもない,,感じなかった,,6,,,,
137957,うみんぴあ大飯 エリア,女,1975,51,50代,大阪府,東大阪市,100万円以上 200万円未満,mobile/android,2026-09-03 14:34:31,9月,うみんぴあ大飯 エリア,84.うみんぴあ大飯 エリア,おおい町,嶺南西部,,日帰り,福井県内には宿泊しない,福井県内には宿泊しない,福井県外には宿泊しない,親,"地元の美味しいものを食べる
買い物、アウトレット
ドライブ・ツーリング
",0,0,1,0,0,0,1,0,0,0,0,0,0,0,1,0,0,0,"自家用車
",1,0,0,0,0,0,0,"自家用車
",0,0,0,0,,,使わない,"5,000円以上 10,000円未満","5,000円以上 10,000円未満",11回目以上,"Instagram
",0,0,0,0,0,0,0,1,0,0,0,0,0,0,UMIKARA,,若狭瓜割名水公園 瓜割の滝,"1,000円以上 3,000円未満",満足,,満足,旬のものが見つかるから,感じなかった,,7,,,また行きたい（1年以内）,
207506,かにファクトリー 甲羅組 エリア,男,1969,57,50代,岐阜県,岐阜市,600万円以上 700万円未満,mobile/iphone,2026-09-03 14:32:05,9月,かにファクトリー 甲羅組 エリア,102.かにファクトリー 甲羅組 エリア,敦賀市,嶺南東部,,日帰り,福井県内には宿泊しない,福井県内には宿泊しない,岐阜市,夫婦2人,"地元の美味しいものを食べる
テーマパーク（遊園地、動物園、博物館など）
",0,0,1,0,0,1,0,0,0,0,0,0,0,0,0,0,0,0,"自家用車
",1,0,0,0,0,0,0,"自家用車
",0,0,0,0,,,使わない,"1,000円以上 3,000円未満","5,000円以上 10,000円未満",初めて,"観光パンフレット・ポスター
",0,0,0,1,0,0,0,0,0,0,0,0,0,0,選択なし/該当施設なし,,選択なし/該当施設なし,"5,000円以上 10,000円未満",満足,,満足,,感じなかった,,8,,,,
184781,名勝 養浩館庭園 エリア,男,1972,54,50代,神奈川県,川崎市中原区,分からない/無回答,mobile/iphone,2026-09-03 14:03:22,9月,まちの駅 こってコテいけだ エリア,47.まちの駅 こってコテいけだ エリア,池田町,丹南,（一財）いけだ農村観光公社,4泊以上,4泊以上,奥越前エリア（勝山市・大野市）,静岡,夫婦2人,"地元の美味しいものを食べる
名所、旧跡の観光
アウトドア（海水浴、釣り、登山など）
",0,0,1,0,1,0,0,0,0,1,0,0,0,0,0,0,0,0,"自家用車
",1,0,0,0,0,0,0,"自家用車
",0,0,0,0,,,"50,000円以上 100,000円未満","20,000円以上 30,000円未満","50,000円以上 100,000円未満",初めて,"観光連盟やDMOのHP
宿泊施設
",0,0,0,0,1,0,0,0,0,0,0,0,0,1,道の駅「九頭竜・和泉ふれあい会館」,小浜,選択なし/該当施設なし,"10,000円以上 20,000円未満",満足,もちやの母屋のご飯はとても美味しかった。店も綺麗。店員もいい感じ,満足,,感じなかった,,10,お米が美味しい,これから泊まる冠荘の温泉が楽しみ,また行きたい（1年以内）,海鮮
207501,大本山 永平寺 エリア,女,1989,37,30代,大阪府,豊中市,700万円以上 800万円未満,mobile/iphone,2026-09-03 13:58:26,9月,福井駅前 エリア,01.福井駅前 エリア,福井市,福井市・永平寺町,,1泊,1泊,福井エリア（福井市・永平寺町）,石川県金沢市,夫婦2人,"まちあるき、都市散策
",0,0,0,0,0,0,0,0,0,0,1,0,0,0,0,0,0,0,"新幹線
",0,0,1,0,0,0,0,"路線バス
",0,1,0,0,,,"5,000円以上 10,000円未満","20,000円以上 30,000円未満","5,000円以上 10,000円未満",初めて,"インターネット・アプリ
",0,0,0,0,0,1,0,0,0,0,0,0,0,0,大本山永平寺,,選択なし/該当施設なし,"3,000円以上 5,000円未満",満足,,とても満足,,感じなかった,,7,,,機会があれば行きたい,
131752,道の駅「西山公園」 エリア,女,1960,66,60代,福井県,福井市,分からない/無回答,mobile/iphone,2026-09-03 13:50:15,9月,かにファクトリー 甲羅組 エリア,102.かにファクトリー 甲羅組 エリア,敦賀市,嶺南東部,,1泊,1泊,嶺南エリア（敦賀市・美浜町・若狭町・小浜市・おおい町・高浜町）,福井県外には宿泊しない,夫婦2人,"温泉や露天風呂
お祭りやイベントへの参加・見物
ドライブ・ツーリング
",0,1,0,0,0,0,0,1,0,0,0,0,0,0,1,0,0,0,"県外から訪れていない（福井県在住）
",1,0,0,0,0,0,1,"自家用車
",0,0,0,0,,,"10,000円以上 20,000円未満","20,000円以上 30,000円未満","5,000円以上 10,000円未満",初めて,"TV・ラジオ番組やCM
",0,0,1,0,0,0,0,0,0,0,0,0,0,0,選択なし/該当施設なし,気比神宮,選択なし/該当施設なし,"3,000円以上 5,000円未満",満足,,満足,,感じなかった,,8,,,福井県在住,
207498,かにファクトリー 甲羅組 エリア,女,1988,38,30代,愛知県,春日井市,700万円以上 800万円未満,mobile/iphone,2026-09-03 13:41:15,9月,道の駅「若狭おばま」 エリア,68.道の駅「若狭おばま」 エリア,小浜市,嶺南西部,(株)まちづくり小浜,2泊,2泊,嶺南エリア（敦賀市・美浜町・若狭町・小浜市・おおい町・高浜町）,福井県外には宿泊しない,小学生以下連れの家族,"テーマパーク（遊園地、動物園、博物館など）
",0,0,0,0,0,1,0,0,0,0,0,0,0,0,0,0,0,0,"自家用車
",1,0,0,0,0,0,0,"自家用車
",0,0,0,0,,,"20,000円以上 30,000円未満","5,000円以上 10,000円未満","5,000円以上 10,000円未満",6～10回目,"インターネット・アプリ
",0,0,0,0,0,1,0,0,0,0,0,0,0,0,レインボーライン,,敦賀赤レンガ倉庫,"1,000円未満",満足,,満足,,感じなかった,,9,,,また行きたい（1年以内）,
207504,かつやま恐竜の森 エリア,男,1989,37,30代,愛知県,安城市,600万円以上 700万円未満,mobile/android,2026-09-03 13:20:06,9月,かつやま恐竜の森 エリア,25.かつやま恐竜の森 エリア,勝山市,勝山市・大野市,勝山市観光まちづくり(株),1泊,1泊,福井エリア（福井市・永平寺町）,福井県外には宿泊しない,友人,"宿でのんびり過ごす
温泉や露天風呂
地元の美味しいものを食べる
名所、旧跡の観光
テーマパーク（遊園地、動物園、博物館など）
",1,1,1,0,1,1,0,0,0,0,0,0,0,0,0,0,0,0,"自家用車
",1,0,0,0,0,0,0,"自家用車
",0,0,0,0,とても満足,対象外,"5,000円以上 10,000円未満","5,000円以上 10,000円未満","10,000円以上 20,000円未満",初めて,"観光展・物産展
新聞・雑誌・ガイドブック
インターネット・アプリ
",1,1,0,0,0,1,0,0,0,0,0,0,0,0,大本山永平寺,,大本山永平寺,使わない,満足,,満足,,感じなかった,,7,,,また行きたい（1年以内）,
207503,web,男,1976,50,50代,愛知県,名古屋市西区,"900万円以上 1,000万円未満",mobile/android,2026-09-03 13:05:38,9月,レインボーライン エリア,77.レインボーライン エリア,美浜町,嶺南東部,三方五湖DMO(株),1泊,1泊,嶺南エリア（敦賀市・美浜町・若狭町・小浜市・おおい町・高浜町）,福井県外には宿泊しない,中学生以上連れの家族,"宿でのんびり過ごす
地元の美味しいものを食べる
テーマパーク（遊園地、動物園、博物館など）
",1,0,1,0,0,1,0,0,0,0,0,0,0,0,0,0,0,0,"自家用車
",1,0,0,0,0,0,0,"自家用車
",0,0,0,0,,,"5,000円以上 10,000円未満","5,000円以上 10,000円未満","10,000円以上 20,000円未満",初めて,"新聞・雑誌・ガイドブック
インターネット・アプリ
",0,1,0,0,0,1,0,0,0,0,0,0,0,0,敦賀鉄道資料館（旧敦賀港駅舎 ）,,選択なし/該当施設なし,"1,000円以上 3,000円未満",どちらでもない,,どちらでもない,,感じなかった,,6,,もう少しアクティビティかあると滞在が長くなってまた来たくなるが、60分で帰ってしまった,機会があれば行きたい,"工場見学がもっとあると良い
他県より少ない"
203910,web,男,1958,68,60代,福井県,敦賀市,400万円以上 500万円未満,mobile/android,2026-09-03 13:01:25,9月,小浜市まちの駅 エリア,72.小浜市まちの駅 エリア,小浜市,嶺南西部,(株)まちづくり小浜,日帰り,1泊,嶺南エリア（敦賀市・美浜町・若狭町・小浜市・おおい町・高浜町）,福井県外には宿泊しない,夫婦2人,"地元の美味しいものを食べる
",0,0,1,0,0,0,0,0,0,0,0,0,0,0,0,0,0,0,"自家用車
",1,0,0,0,0,0,0,"自家用車
",0,0,0,0,,,使わない,使わない,"3,000円以上 5,000円未満",11回目以上,"TV・ラジオ番組やCM
",0,0,1,0,0,0,0,0,0,0,0,0,0,0,選択なし/該当施設なし,,選択なし/該当施設なし,"3,000円以上 5,000円未満",満足,,満足,,感じなかった,,8,,,,
191362,web,女,1968,58,50代,福井県,敦賀市,300万円以上 400万円未満,mobile/android,2026-09-03 13:01:25,9月,小浜市まちの駅 エリア,72.小浜市まちの駅 エリア,小浜市,嶺南西部,(株)まちづくり小浜,日帰り,福井県内には宿泊しない,福井県内には宿泊しない,福井県外には宿泊しない,夫婦2人,"買い物、アウトレット
",0,0,0,0,0,0,1,0,0,0,0,0,0,0,0,0,0,0,"県外から訪れていない（福井県在住）
",1,0,0,0,0,0,1,"自家用車
",0,0,0,0,,,使わない,使わない,"3,000円以上 5,000円未満",11回目以上,"インターネット・アプリ
",0,0,0,0,0,1,0,0,0,0,0,0,0,0,選択なし/該当施設なし,,選択なし/該当施設なし,"10,000円以上 20,000円未満",満足,,満足,,感じなかった,,8,,,,
207501,大本山 永平寺 エリア,女,1989,37,30代,大阪府,豊中市,700万円以上 800万円未満,mobile/iphone,2026-09-03 11:24:48,9月,大本山 永平寺 エリア,34.大本山 永平寺 エリア,永平寺町,福井市・永平寺町,,1泊,1泊,福井エリア（福井市・永平寺町）,石川県金沢市,夫婦2人,"地元の美味しいものを食べる
名所、旧跡の観光
まちあるき、都市散策
",0,0,1,0,1,0,0,0,0,0,1,0,0,0,0,0,0,0,"新幹線
",0,0,1,0,0,0,0,"路線バス
",0,1,0,0,とても満足,,"5,000円以上 10,000円未満","20,000円以上 30,000円未満","5,000円以上 10,000円未満",初めて,"インターネット・アプリ
",0,0,0,0,0,1,0,0,0,0,0,0,0,0,選択なし/該当施設なし,,選択なし/該当施設なし,"3,000円以上 5,000円未満",とても満足,,とても満足,,感じなかった,,10,,,機会があれば行きたい,
207498,かにファクトリー 甲羅組 エリア,女,1988,38,30代,愛知県,春日井市,700万円以上 800万円未満,mobile/iphone,2026-09-03 10:41:16,9月,かにファクトリー 甲羅組 エリア,102.かにファクトリー 甲羅組 エリア,敦賀市,嶺南東部,,2泊,2泊,嶺南エリア（敦賀市・美浜町・若狭町・小浜市・おおい町・高浜町）,福井県外には宿泊しない,小学生以下連れの家族,"名所、旧跡の観光
テーマパーク（遊園地、動物園、博物館など）
",0,0,0,0,1,1,0,0,0,0,0,0,0,0,0,0,0,0,"自家用車
",1,0,0,0,0,0,0,"自家用車
",0,0,0,0,,,"20,000円以上 30,000円未満","5,000円以上 10,000円未満","5,000円以上 10,000円未満",初めて,"インターネット・アプリ
",0,0,0,0,0,1,0,0,0,0,0,0,0,0,選択なし/該当施設なし,,福井県海浜自然センター,"1,000円以上 3,000円未満",とても満足,,とても満足,,感じなかった,,8,,,また行きたい（1年以内）,
207496,一乗谷朝倉氏遺跡 エリア,男,1954,72,70代,石川県,河北郡,500万円以上 600万円未満,mobile/android,2026-09-03 10:34:20,9月,一乗谷朝倉氏遺跡 エリア,06.一乗谷朝倉氏遺跡 エリア,福井市,福井市・永平寺町,,3泊,3泊,三国・あわらエリア（あわら市・坂井市）,福井県外には宿泊しない,自分ひとり,"出張など仕事関係
",0,0,0,0,0,0,0,0,0,0,0,0,0,0,0,0,1,0,"自家用車
",1,0,0,0,0,0,0,"自家用車
",0,0,0,0,,,"40,000円以上 50,000円未満","40,000円以上 50,000円未満","40,000円以上 50,000円未満",初めて,"観光連盟やDMOのHP
インターネット・アプリ
",0,0,0,0,1,1,0,0,0,0,0,0,0,0,選択なし/該当施設なし,,選択なし/該当施設なし,"1,000円未満",どちらでもない,,どちらでもない,声掛けがない,感じなかった,,6,復原町並の復原等々,,機会があれば行きたい,
207471,かずら橋 エリア,女,1982,44,40代,愛知県,豊田市,500万円以上 600万円未満,mobile/iphone,2026-09-03 10:07:33,9月,東尋坊 エリア,10.東尋坊 エリア,坂井市,あわら市・坂井市,(一社)DMOさかい観光局,1泊,1泊,越前エリア（越前市・越前町・鯖江市・池田町・南越前町）,福井県外には宿泊しない,小学生以下連れの家族,"テーマパーク（遊園地、動物園、博物館など）
",0,0,0,0,0,1,0,0,0,0,0,0,0,0,0,0,0,Googleマップ,"自家用車
",1,0,0,0,0,0,0,"自家用車
",0,0,0,0,,,"30,000円以上 40,000円未満","10,000円以上 20,000円未満","10,000円以上 20,000円未満",2～5回目,"その他
",0,0,0,0,0,0,0,0,0,0,0,0,0,0,選択なし/該当施設なし,,選択なし/該当施設なし,"1,000円未満",どちらでもない,,どちらでもない,,感じた,,3,,,,
182697,道の駅「南えちぜん山海里」 エリア,男,1978,48,40代,兵庫県,西宮市,分からない/無回答,mobile/android,2026-09-03 07:43:28,9月,北ノ庄 エリア,03.北ノ庄 エリア,福井市,福井市・永平寺町,,日帰り,福井県内には宿泊しない,福井県内には宿泊しない,福井県外には宿泊しない,中学生以上連れの家族,"その他
",0,0,0,0,0,0,0,0,0,0,0,0,0,0,0,0,0,0,"自家用車
",1,0,0,0,0,0,0,"自家用車
",0,0,0,0,,,使わない,"1,000円以上 3,000円未満","3,000円以上 5,000円未満",初めて,"インターネット・アプリ
",0,0,0,0,0,1,0,0,0,0,0,0,0,0,一乗谷朝倉氏遺跡,,選択なし/該当施設なし,使わない,満足,,どちらでもない,,感じた,駐車場が有料のみで不便,5,,,また行きたい（1年以内）,
182697,道の駅「南えちぜん山海里」 エリア,男,1978,48,40代,兵庫県,西宮市,分からない/無回答,mobile/android,2026-09-03 07:39:39,9月,越前和紙の里 エリア,36.越前和紙の里 エリア,越前市,丹南,,日帰り,福井県内には宿泊しない,福井県内には宿泊しない,福井県外には宿泊しない,中学生以上連れの家族,"その他
",0,0,0,0,0,0,0,0,0,0,0,0,0,0,0,0,0,0,"自家用車
",1,0,0,0,0,0,0,"自家用車
",0,0,0,0,,,使わない,"1,000円以上 3,000円未満","3,000円以上 5,000円未満",初めて,"インターネット・アプリ
",0,0,0,0,0,1,0,0,0,0,0,0,0,0,選択なし/該当施設なし,越前たけふ,選択なし/該当施設なし,使わない,満足,,満足,,感じなかった,,6,,,また行きたい（1年以内）,
182697,道の駅「南えちぜん山海里」 エリア,男,1978,48,40代,兵庫県,西宮市,分からない/無回答,mobile/android,2026-09-03 07:33:15,9月,一乗谷朝倉氏遺跡 エリア,06.一乗谷朝倉氏遺跡 エリア,福井市,福井市・永平寺町,,日帰り,福井県内には宿泊しない,福井県内には宿泊しない,福井県外には宿泊しない,中学生以上連れの家族,"その他
",0,0,0,0,0,0,0,0,0,0,0,0,0,0,0,0,0,0,"自家用車
",1,0,0,0,0,0,0,"自家用車
",0,0,0,0,とても満足,,使わない,"1,000円以上 3,000円未満","3,000円以上 5,000円未満",2～5回目,"インターネット・アプリ
",0,0,0,0,0,1,0,0,0,0,0,0,0,0,選択なし/該当施設なし,福井駅そばの神社とか,福井駅,"1,000円以上 3,000円未満",とても満足,,とても満足,,感じなかった,,8,,,また行きたい（1年以内）,
182697,道の駅「南えちぜん山海里」 エリア,男,1978,48,40代,兵庫県,西宮市,分からない/無回答,mobile/android,2026-09-03 07:30:15,9月,道の駅「三方五湖」  エリア,83.道の駅「三方五湖」 エリア,若狭町,嶺南東部,三方五湖DMO(株),日帰り,福井県内には宿泊しない,福井県内には宿泊しない,福井県外には宿泊しない,中学生以上連れの家族,"その他
",0,0,0,0,0,0,0,0,0,0,0,0,0,0,0,0,0,0,"自家用車
",1,0,0,0,0,0,0,"自家用車
",0,0,0,0,満足,,使わない,"1,000円以上 3,000円未満","3,000円以上 5,000円未満",初めて,"インターネット・アプリ
",0,0,0,0,0,1,0,0,0,0,0,0,0,0,選択なし/該当施設なし,建設中のダム,選択なし/該当施設なし,"1,000円未満",満足,,満足,,感じなかった,,7,,,また行きたい（1年以内）,
182697,道の駅「南えちぜん山海里」 エリア,男,1978,48,40代,兵庫県,西宮市,分からない/無回答,mobile/android,2026-09-03 07:28:22,9月,道の駅「恐竜渓谷かつやま」 エリア,26.道の駅「恐竜渓谷かつやま」 エリア,勝山市,勝山市・大野市,勝山市観光まちづくり(株),日帰り,福井県内には宿泊しない,福井県内には宿泊しない,福井県外には宿泊しない,中学生以上連れの家族,"その他
",0,0,0,0,0,0,0,0,0,0,0,0,0,0,0,0,0,0,"自家用車
",1,0,0,0,0,0,0,"自家用車
",0,0,0,0,とても満足,,使わない,"1,000円以上 3,000円未満","3,000円以上 5,000円未満",初めて,"インターネット・アプリ
",0,0,0,0,0,1,0,0,0,0,0,0,0,0,道の駅「禅の里」,,福井県立恐竜博物館,"1,000円未満",とても満足,,とても満足,,感じなかった,,8,,,また行きたい（1年以内）,
182697,道の駅「南えちぜん山海里」 エリア,男,1978,48,40代,兵庫県,西宮市,分からない/無回答,mobile/android,2026-09-03 07:24:30,9月,金ヶ崎 エリア,64.金ヶ崎 エリア,敦賀市,嶺南東部,,日帰り,福井県内には宿泊しない,福井県内には宿泊しない,福井県外には宿泊しない,中学生以上連れの家族,"地元の美味しいものを食べる
名所、旧跡の観光
その他
",0,0,1,0,1,0,0,0,0,0,0,0,0,0,0,0,0,0,"自家用車
",1,0,0,0,0,0,0,"自家用車
",0,0,0,0,,,使わない,"1,000円以上 3,000円未満","3,000円以上 5,000円未満",2～5回目,"インターネット・アプリ
",0,0,0,0,0,1,0,0,0,0,0,0,0,0,選択なし/該当施設なし,滋賀県へ,選択なし/該当施設なし,"3,000円以上 5,000円未満",満足,,満足,,感じなかった,,7,,,また行きたい（1年以内）,
206797,レインボーライン エリア,無回答,2018,8,10歳未満,福井県,福井市,500万円以上 600万円未満,mobile/iphone,2026-09-04 21:19:59,9月,福井駅前 エリア,01.福井駅前 エリア,福井市,福井市・永平寺町,,日帰り,福井県内には宿泊しない,福井県内には宿泊しない,福井県外には宿泊しない,自分ひとり,"まちあるき、都市散策
",0,0,0,0,0,0,0,0,0,0,1,0,0,0,0,0,0,0,"県外から訪れていない（福井県在住）
",0,0,0,1,0,0,1,"在来線
",0,0,0,0,とても満足,"カイリュウの電車が素晴らしい
アジサイ、ツツジ、キクの縁取りもよかった",使わない,"1,000円未満","1,000円未満",11回目以上,"友人・知人
",0,0,0,0,0,0,0,0,0,0,1,0,0,0,選択なし/該当施設なし,,選択なし/該当施設なし,"1,000円未満",とても満足,,とても満足,,感じなかった,,10,,,また行きたい（1年以内）,
207557,web,男,1961,65,60代,京都府,長岡京市,400万円以上 500万円未満,mobile/android,2026-09-04 18:49:20,9月,道の駅「若狭おばま」 エリア,68.道の駅「若狭おばま」 エリア,小浜市,嶺南西部,(株)まちづくり小浜,1泊,1泊,嶺南エリア（敦賀市・美浜町・若狭町・小浜市・おおい町・高浜町）,福井県外には宿泊しない,夫婦2人,"宿でのんびり過ごす
温泉や露天風呂
地元の美味しいものを食べる
買い物、アウトレット
まちあるき、都市散策
ドライブ・ツーリング
",1,1,1,0,0,0,1,0,0,0,1,0,0,0,1,0,0,0,"自家用車
",1,0,0,0,0,0,0,"自家用車
",0,0,0,0,,,"5,000円以上 10,000円未満","3,000円以上 5,000円未満","10,000円以上 20,000円未満",初めて,"インターネット・アプリ
",0,0,0,0,0,1,0,0,0,0,0,0,0,0,熊川宿,,御食国若狭おばま食文化館,"3,000円以上 5,000円未満",とても満足,,満足,,感じなかった,,8,,,機会があれば行きたい,
201645,紫式部公園 エリア,女,1992,34,30代,福井県,福井市,500万円以上 600万円未満,mobile/iphone,2026-09-04 18:09:13,9月,若狭高浜 エリア,90.若狭高浜 エリア,高浜町,嶺南西部,,1泊,1泊,嶺南エリア（敦賀市・美浜町・若狭町・小浜市・おおい町・高浜町）,福井県外には宿泊しない,小学生以下連れの家族,"テーマパーク（遊園地、動物園、博物館など）
",0,0,0,0,0,1,0,0,0,0,0,0,0,0,0,0,0,0,"自家用車
",1,0,0,0,0,0,0,"自家用車
",0,0,0,0,,,"10,000円以上 20,000円未満","5,000円以上 10,000円未満","10,000円以上 20,000円未満",2～5回目,"Instagram
",0,0,0,0,0,0,0,1,0,0,0,0,0,0,福井県こども家族館,,福井県海浜自然センター,"3,000円以上 5,000円未満",どちらでもない,,どちらでもない,,感じなかった,,5,,,また行きたい（1年以内）,
207553,道の駅みくに ふれあいパーク三里浜 エリア,女,1995,31,30代,山口県,岩国市,500万円以上 600万円未満,mobile/iphone,2026-09-04 17:49:12,9月,道の駅みくに ふれあいパーク三里浜 エリア,15.道の駅みくに ふれあいパーク三里浜 エリア,坂井市,あわら市・坂井市,(一社)DMOさかい観光局,1泊,2泊,三国・あわらエリア（あわら市・坂井市）,その他,その他家族,"テーマパーク（遊園地、動物園、博物館など）
",0,0,0,0,0,1,0,0,0,0,0,0,0,0,0,0,0,0,"自家用車
",1,0,0,0,0,0,0,"自家用車
",0,0,0,0,満足,,"20,000円以上 30,000円未満","10,000円以上 20,000円未満","10,000円以上 20,000円未満",初めて,"観光展・物産展
",1,0,0,0,0,0,0,0,0,0,0,0,0,0,選択なし/該当施設なし,,福井県立恐竜博物館,"5,000円以上 10,000円未満",満足,,とても満足,,感じた,,8,,,また行きたい（1年以内）,
207551,道の駅「南えちぜん山海里」 エリア,女,1985,41,40代,東京都,杉並区,600万円以上 700万円未満,mobile/android,2026-09-04 17:12:47,9月,道の駅「南えちぜん山海里」 エリア,58.道の駅「南えちぜん山海里」 エリア,南越前町,丹南,,3泊,3泊,奥越前エリア（勝山市・大野市）,福井県外には宿泊しない,小学生以下連れの家族,"温泉や露天風呂
地元の美味しいものを食べる
テーマパーク（遊園地、動物園、博物館など）
",0,1,1,0,0,1,0,0,0,0,0,0,0,0,0,0,0,0,"レンタカー
",0,1,0,0,0,0,0,"レンタカー
",0,0,0,0,とても満足,都心より車が少なくて運転しやすかった。,"10,000円以上 20,000円未満","30,000円以上 40,000円未満","30,000円以上 40,000円未満",初めて,"インターネット・アプリ
Instagram
",0,0,0,0,0,1,0,1,0,0,0,0,0,0,大本山永平寺,,選択なし/該当施設なし,"1,000円以上 3,000円未満",とても満足,,とても満足,,感じなかった,,10,,,機会があれば行きたい,
207548,小浜市 阿納 エリア,男,1959,67,60代,大阪府,泉南郡,600万円以上 700万円未満,mobile/android,2026-09-04 16:55:00,9月,小浜市 阿納 エリア,67.小浜市 阿納 エリア,小浜市,嶺南西部,(株)まちづくり小浜,1泊,1泊,嶺南エリア（敦賀市・美浜町・若狭町・小浜市・おおい町・高浜町）,福井県外には宿泊しない,夫婦と妻の友人2名,"地元の美味しいものを食べる
",0,0,1,0,0,0,0,0,0,0,0,0,0,0,0,0,0,0,"自家用車
",1,0,0,0,0,0,0,"自家用車
",0,0,0,0,,,"10,000円以上 20,000円未満","5,000円以上 10,000円未満","10,000円以上 20,000円未満",初めて,"観光パンフレット・ポスター
インターネット・アプリ
宿泊施設
",0,0,0,1,0,1,0,0,0,0,0,0,0,1,熊川宿,,若狭フィッシャーマンズワーフ,"20,000円以上 30,000円未満",満足,美味しい料理を食べられたから。,満足,とてもくつろげていいのですが、お風呂が自由に入れないのが少し残念です。,感じた,コンビニが分からなかった。,8,美味しいふぐ料理を食べることができるから。,美味しい海鮮料理がたくさん食べられること。,機会があれば行きたい,カニ料理をリーズナブルに食べられるなら、また、来たいです。
207549,かにファクトリー 甲羅組 エリア,男,1988,38,30代,愛知県,名古屋市緑区,800万円以上 900万円未満,mobile/android,2026-09-04 16:42:58,9月,かにファクトリー 甲羅組 エリア,102.かにファクトリー 甲羅組 エリア,敦賀市,嶺南東部,,2泊,2泊,越前エリア（越前市・越前町・鯖江市・池田町・南越前町）,福井県外には宿泊しない,小学生以下連れの家族,"テーマパーク（遊園地、動物園、博物館など）
",0,0,0,0,0,1,0,0,0,0,0,0,0,0,0,0,0,0,"自家用車
",1,0,0,0,0,0,0,"自家用車
",0,0,0,0,とても満足,,"10,000円以上 20,000円未満","5,000円以上 10,000円未満","20,000円以上 30,000円未満",初めて,"友人・知人
",0,0,0,0,0,0,0,0,0,0,1,0,0,0,選択なし/該当施設なし,,めがねミュージアム,"1,000円以上 3,000円未満",とても満足,,とても満足,"子供が楽しめる設備がたくさんあった
新しいのでキレイ",感じなかった,,10,"子供が楽しめる設備
",かにみそフランスパンがとても美味しかった,また行きたい（1年以内）,
137203,福井駅前 エリア,女,1990,36,30代,愛知県,名古屋市緑区,600万円以上 700万円未満,mobile/iphone,2026-09-04 16:39:28,9月,かにファクトリー 甲羅組 エリア,102.かにファクトリー 甲羅組 エリア,敦賀市,嶺南東部,,2泊,2泊,越前エリア（越前市・越前町・鯖江市・池田町・南越前町）,福井県外には宿泊しない,小学生以下連れの家族,"名所、旧跡の観光
",0,0,0,0,1,0,0,0,0,0,0,0,0,0,0,0,0,0,"自家用車
",1,0,0,0,0,0,0,"自家用車
",0,0,0,0,とても満足,,"30,000円以上 40,000円未満","3,000円以上 5,000円未満","5,000円以上 10,000円未満",初めて,"Instagram
",0,0,0,0,0,0,0,1,0,0,0,0,0,0,選択なし/該当施設なし,,選択なし/該当施設なし,"3,000円以上 5,000円未満",とても満足,,とても満足,,感じなかった,,10,,,機会があれば行きたい,
207546,大本山 永平寺 エリア,女,1977,49,40代,東京都,品川区,"1,000万円以上 1,200万円未満",mobile/android,2026-09-04 16:37:30,9月,大本山 永平寺 エリア,34.大本山 永平寺 エリア,永平寺町,福井市・永平寺町,,2泊,1泊,福井エリア（福井市・永平寺町）,石川県金沢市,自分ひとり,"名所、旧跡の観光
お祭りやイベントへの参加・見物
",0,0,0,0,1,0,0,1,0,0,0,0,0,0,0,0,0,0,"新幹線
飛行機
",0,0,1,0,1,0,0,"路線バス
",0,1,0,0,満足,便数が少ないと思ったけれども結論として自分の旅程にちょうどいいバスに往復とも乗れました,"5,000円以上 10,000円未満","20,000円以上 30,000円未満","10,000円以上 20,000円未満",初めて,"観光パンフレット・ポスター
インターネット・アプリ
",0,0,0,1,0,1,0,0,0,0,0,0,0,0,福井駅,中央公園,金沢駅周辺（石川県）,"5,000円以上 10,000円未満",とても満足,,とても満足,とても良く整備されていました,感じなかった,途中で湧き水をいただけるとよかったかもです。,9,噂のとおり本当によいお寺で好きになったから,湧き水を味わってみたかったです。時間があれば禅体験もしたかったです。,また行きたい（1年以内）,
207542,web,女,1963,63,60代,長野県,長野市,200万円以上 300万円未満,mobile/android,2026-09-04 16:10:55,9月,越前松島水族館 エリア,11.越前松島水族館 エリア,坂井市,あわら市・坂井市,(一社)DMOさかい観光局,1泊,1泊,越前エリア（越前市・越前町・鯖江市・池田町・南越前町）,福井県外には宿泊しない,夫婦2人,"宿でのんびり過ごす
",1,0,0,0,0,0,0,0,0,0,0,0,0,0,0,0,0,0,"自家用車
",1,0,0,0,0,0,0,"自家用車
",0,0,0,0,,,"10,000円以上 20,000円未満","5,000円以上 10,000円未満","10,000円以上 20,000円未満",2～5回目,"宿泊施設
",0,0,0,0,0,0,0,0,0,0,0,0,0,1,ファーマーズマーケットきららの丘,,ファーマーズマーケットきららの丘,"20,000円以上 30,000円未満",とても満足,地元のものがとても良いので,とても満足,親切　きれい　前回の印象が良かったので,感じなかった,,7,休暇村が好きなので勧めたい,Jの新鮮な果物が購入できることが楽しみ　福井割が福井に来る決め手になった,また行きたい（1年以内）,長野からそれほど遠くなく　海がみれるので　また来たい　福井割のような企画がまたあれば　来ると思う
207541,かつやま恐竜の森 エリア,女,1993,33,30代,京都府,京都市北区,"900万円以上 1,000万円未満",mobile/iphone,2026-09-04 15:51:44,9月,かつやま恐竜の森 エリア,25.かつやま恐竜の森 エリア,勝山市,勝山市・大野市,勝山市観光まちづくり(株),2泊,2泊,福井エリア（福井市・永平寺町）,福井県外には宿泊しない,夫婦2人,"名所、旧跡の観光
",0,0,0,0,1,0,0,0,0,0,0,0,0,0,0,0,0,ジェミニ,"新幹線
",0,0,1,0,0,1,0,"旅行会社ツアーバス
",0,0,0,0,満足,ストーリー性があり、他にない経験であった。,"20,000円以上 30,000円未満","20,000円以上 30,000円未満","10,000円以上 20,000円未満",初めて,"新聞・雑誌・ガイドブック
観光パンフレット・ポスター
インターネット・アプリ
その他
",0,1,0,1,0,1,0,0,0,0,0,0,0,0,北の庄城址・柴田公園,,あわら温泉街,"3,000円以上 5,000円未満",満足,恐竜グッズが豊富であった。,満足,,感じなかった,,9,,,機会があれば行きたい,
207508,かつやま恐竜の森 エリア,男,1965,61,60代,大阪府,大阪市淀川区,"1,000万円以上 1,200万円未満",mobile/android,2026-09-04 15:18:07,9月,東尋坊 エリア,10.東尋坊 エリア,坂井市,あわら市・坂井市,(一社)DMOさかい観光局,2泊,2泊,福井エリア（福井市・永平寺町）,福井県外には宿泊しない,夫婦2人,"スポーツ観戦や芸能鑑賞（コンサート等）
",0,0,0,0,0,0,0,0,1,0,0,0,0,0,0,0,0,0,"在来線
",0,0,0,0,0,0,0,"路線バス
",0,1,0,0,どちらでもない,路線バスに満足度でいえば、料金が少しお高いです。,"20,000円以上 30,000円未満","10,000円以上 20,000円未満","40,000円以上 50,000円未満",2～5回目,"インターネット・アプリ
",0,0,0,0,0,1,0,0,0,0,0,0,0,0,選択なし/該当施設なし,福井駅前の居酒屋さん,選択なし/該当施設なし,"1,000円未満",どちらでもない,ソフトクリームが、普通に美味しかった。,どちらでもない,平日の15時過ぎで、ボチボチ店じまいで、少し寂しい感じであった。,感じなかった,,8,足がすくむ、感じを体感できる。,"海鮮は、あるものな、福井の海鮮以外が、多すぎかなぁ。
高いですし。",また行きたい（1年以内）,"崖と崖の間に、スライダー的なものがあれば、バズるかも。

でも、塩害で、ムリかなぁ"
207538,かつやま恐竜の森 エリア,女,1991,35,30代,愛知県,名古屋市北区,"900万円以上 1,000万円未満",mobile/iphone,2026-09-04 15:17:52,9月,かつやま恐竜の森 エリア,25.かつやま恐竜の森 エリア,勝山市,勝山市・大野市,勝山市観光まちづくり(株),2泊,2泊,福井エリア（福井市・永平寺町）,福井県外には宿泊しない,小学生以下連れの家族,"テーマパーク（遊園地、動物園、博物館など）
",0,0,0,0,0,1,0,0,0,0,0,0,0,0,0,0,0,0,"自家用車
",1,0,0,0,0,0,0,"自家用車
",0,0,0,0,,,"30,000円以上 40,000円未満","3,000円以上 5,000円未満","20,000円以上 30,000円未満",2～5回目,"インターネット・アプリ
",0,0,0,0,0,1,0,0,0,0,0,0,0,0,選択なし/該当施設なし,片町,選択なし/該当施設なし,"1,000円以上 3,000円未満",どちらでもない,,とても満足,子供が産まれて初めて行きましたが入ってすぐの動くティラノサウルスに圧倒されとても興奮していました。中の展示にも興奮していましたが外に置いてあるリアルな模型や遊具にも夢中で予定していたよりも長い時間遊びました。博物館ですが子どもに優しく過ごしやすいなと思いました。,感じなかった,,8,,周辺の橋などにモニュメントがあり、気持ちを高めながら博物館まで向かうことができた。,また行きたい（1年以内）,3ヶ月ほど前に年縞博物館に行きました。福井には魅力的な博物館が多いなと感じます。エリアごとに魅力が違うのでもっと人気になってもいいのになと勝手に思っています。
207534,かにファクトリー 甲羅組 エリア,女,1988,38,30代,愛知県,清須市,600万円以上 700万円未満,mobile/android,2026-09-04 14:17:17,9月,かにファクトリー 甲羅組 エリア,102.かにファクトリー 甲羅組 エリア,敦賀市,嶺南東部,,2泊,2泊,福井エリア（福井市・永平寺町）,福井県外には宿泊しない,小学生以下連れの家族,"名所、旧跡の観光
テーマパーク（遊園地、動物園、博物館など）
",0,0,0,0,1,1,0,0,0,0,0,0,0,0,0,0,0,キッズパークつるが,"自家用車
",1,0,0,0,0,0,0,"自家用車
",0,0,0,0,とても満足,,"5,000円以上 10,000円未満","5,000円以上 10,000円未満","10,000円以上 20,000円未満",初めて,"Instagram
その他
",0,0,0,0,0,0,0,1,0,0,0,0,0,0,選択なし/該当施設なし,,選択なし/該当施設なし,"3,000円以上 5,000円未満",とても満足,,満足,,感じなかった,,8,,,機会があれば行きたい,
178366,web,女,1993,33,30代,滋賀県,守山市,100万円未満,mobile/iphone,2026-09-04 14:17:01,9月,JR美浜駅 エリア,79.JR美浜駅 エリア,美浜町,嶺南東部,三方五湖DMO(株),1泊,1泊,嶺南エリア（敦賀市・美浜町・若狭町・小浜市・おおい町・高浜町）,福井県外には宿泊しない,自分ひとり,"宿でのんびり過ごす
温泉や露天風呂
名所、旧跡の観光
その他
",1,1,0,0,1,0,0,0,0,0,0,0,0,0,0,0,0,Googleマップ,"レンタカー
",0,1,0,0,0,0,0,"レンタカー
",0,0,0,0,,,"20,000円以上 30,000円未満","10,000円以上 20,000円未満","10,000円以上 20,000円未満",初めて,"Instagram
その他
",0,0,0,0,0,0,0,1,0,0,0,0,0,0,レインボーライン,,三方五湖,"10,000円以上 20,000円未満",満足,,満足,,感じなかった,,10,グルメが美味しい。自然もある。関西からのアクセスも良い。人が少なめで観光しやすい。,,また行きたい（1年以内）,福井に来て初めて知ったが本当にグルメが多い。北陸というと金沢を思い浮かべがちだが、ぜひみんな足を運んで欲しいと感じた。また来ます！
183693,web,女,1965,61,60代,福井県,福井市,300万円以上 400万円未満,mobile/android,2026-09-04 14:12:22,9月,かずら橋 エリア,48.かずら橋 エリア,池田町,丹南,（一財）いけだ農村観光公社,日帰り,福井県内には宿泊しない,福井県内には宿泊しない,福井県外には宿泊しない,自分ひとり,"まちあるき、都市散策
",0,0,0,0,0,0,0,0,0,0,1,0,0,0,0,0,0,0,"自家用車
",1,0,0,0,0,0,0,"自家用車
",0,0,0,0,,,使わない,"1,000円未満","1,000円以上 3,000円未満",6～10回目,"インターネット・アプリ
",0,0,0,0,0,1,0,0,0,0,0,0,0,0,選択なし/該当施設なし,,選択なし/該当施設なし,"1,000円以上 3,000円未満",満足,,満足,,感じなかった,,6,,,,
184781,名勝 養浩館庭園 エリア,男,1972,54,50代,神奈川県,川崎市中原区,分からない/無回答,mobile/iphone,2026-09-04 14:09:43,9月,明通寺 エリア,73.明通寺 エリア,小浜市,嶺南西部,(株)まちづくり小浜,4泊以上,4泊以上,奥越前エリア（勝山市・大野市）,静岡,夫婦2人,"アウトドア（海水浴、釣り、登山など）
",0,0,0,0,0,0,0,0,0,1,0,0,0,0,0,0,0,0,"自家用車
",1,0,0,0,0,0,0,"自家用車
",0,0,0,0,どちらでもない,,"50,000円以上 100,000円未満","20,000円以上 30,000円未満","50,000円以上 100,000円未満",2～5回目,"宿泊施設
",0,0,0,0,0,0,0,0,0,0,0,0,0,1,選択なし/該当施設なし,高浜、舞鶴,選択なし/該当施設なし,"10,000円以上 20,000円未満",満足,明通寺の寺の方がとても丁寧な対応,満足,,感じた,猿田彦神社か工事中だった,9,明通寺はとても良い、2回きても良い,,また行きたい（1年以内）,海鮮
184788,名勝 養浩館庭園 エリア,女,1972,54,50代,神奈川県,川崎市中原区,"1,000万円以上 1,200万円未満",mobile/iphone,2026-09-04 14:09:04,9月,明通寺 エリア,73.明通寺 エリア,小浜市,嶺南西部,(株)まちづくり小浜,4泊以上,4泊以上,嶺南エリア（敦賀市・美浜町・若狭町・小浜市・おおい町・高浜町）,静岡,夫婦2人,"名所、旧跡の観光
",0,0,0,0,1,0,0,0,0,0,0,0,0,0,0,0,0,0,"自家用車
",1,0,0,0,0,0,0,"自家用車
",0,0,0,0,,,"50,000円以上 100,000円未満","50,000円以上 100,000円未満","50,000円以上 100,000円未満",2～5回目,"インターネット・アプリ
",0,0,0,0,0,1,0,0,0,0,0,0,0,0,越前大野城,,敦賀赤レンガ倉庫,"5,000円以上 10,000円未満",とても満足,,とても満足,,感じた,,10,明通寺の拝観,,また行きたい（1年以内）,
207532,かつやま恐竜の森 エリア,男,1986,40,40代,兵庫県,宝塚市,700万円以上 800万円未満,mobile/iphone,2026-09-04 13:44:39,9月,かつやま恐竜の森 エリア,25.かつやま恐竜の森 エリア,勝山市,勝山市・大野市,勝山市観光まちづくり(株),1泊,1泊,福井エリア（福井市・永平寺町）,福井県外には宿泊しない,小学生以下連れの家族,"地元の美味しいものを食べる
テーマパーク（遊園地、動物園、博物館など）
",0,0,1,0,0,1,0,0,0,0,0,0,0,0,0,0,0,0,"自家用車
",1,0,0,0,0,0,0,"自家用車
",0,0,0,0,,子供も含め大変満足,"10,000円以上 20,000円未満","10,000円以上 20,000円未満","20,000円以上 30,000円未満",初めて,"新聞・雑誌・ガイドブック
インターネット・アプリ
Twitter
Instagram
",0,1,0,0,0,1,1,1,0,0,0,0,0,0,福井県立恐竜博物館,,選択なし/該当施設なし,"10,000円以上 20,000円未満",とても満足,,とても満足,,感じた,,10,,,機会があれば行きたい,
201645,紫式部公園 エリア,女,1992,34,30代,福井県,福井市,500万円以上 600万円未満,mobile/iphone,2026-09-04 13:42:08,9月,うみんぴあ大飯 エリア,84.うみんぴあ大飯 エリア,おおい町,嶺南西部,,1泊,1泊,嶺南エリア（敦賀市・美浜町・若狭町・小浜市・おおい町・高浜町）,福井県外には宿泊しない,小学生以下連れの家族,"地元の美味しいものを食べる
テーマパーク（遊園地、動物園、博物館など）
",0,0,1,0,0,1,0,0,0,0,0,0,0,0,0,0,0,0,"自家用車
",1,0,0,0,0,0,0,"自家用車
",0,0,0,0,満足,,"10,000円以上 20,000円未満","5,000円以上 10,000円未満","10,000円以上 20,000円未満",2～5回目,"Instagram
",0,0,0,0,0,0,0,1,0,0,0,0,0,0,福井県こども家族館,,福井県海浜自然センター,"1,000円以上 3,000円未満",満足,,とても満足,,感じなかった,,8,,,また行きたい（1年以内）,
183693,web,女,1965,61,60代,福井県,福井市,300万円以上 400万円未満,mobile/android,2026-09-04 13:41:18,9月,まちの駅 こってコテいけだ エリア,47.まちの駅 こってコテいけだ エリア,池田町,丹南,（一財）いけだ農村観光公社,日帰り,福井県内には宿泊しない,福井県内には宿泊しない,福井県外には宿泊しない,自分ひとり,"温泉や露天風呂
まちあるき、都市散策
",0,1,0,0,0,0,0,0,0,0,1,0,0,0,0,0,0,0,"自家用車
",1,0,0,0,0,0,0,"自家用車
",0,0,0,0,,,使わない,"1,000円未満","1,000円以上 3,000円未満",6～10回目,"インターネット・アプリ
",0,0,0,0,0,1,0,0,0,0,0,0,0,0,選択なし/該当施設なし,,選択なし/該当施設なし,"1,000円未満",満足,,満足,,感じなかった,,6,,,,
207531,web,女,1963,63,60代,三重県,いなべ市,分からない/無回答,mobile/iphone,2026-09-04 13:30:35,9月,大本山 永平寺 エリア,34.大本山 永平寺 エリア,永平寺町,福井市・永平寺町,,1泊,1泊,三国・あわらエリア（あわら市・坂井市）,福井県外には宿泊しない,夫婦2人,"温泉や露天風呂
",0,1,0,0,0,0,0,0,0,0,0,0,0,0,0,0,0,0,"自家用車
",1,0,0,0,0,0,0,"自家用車
",0,0,0,0,とても満足,,"10,000円以上 20,000円未満","10,000円以上 20,000円未満","10,000円以上 20,000円未満",初めて,"新聞・雑誌・ガイドブック
",0,1,0,0,0,0,0,0,0,0,0,0,0,0,選択なし/該当施設なし,,選択なし/該当施設なし,"3,000円以上 5,000円未満",とても満足,,とても満足,,感じなかった,,9,,,,
207530,大本山 永平寺 エリア,男,1968,58,50代,群馬県,高崎市,"1,000万円以上 1,200万円未満",mobile/android,2026-09-04 13:20:15,9月,大本山 永平寺 エリア,34.大本山 永平寺 エリア,永平寺町,福井市・永平寺町,,2泊,1泊,三国・あわらエリア（あわら市・坂井市）,石川県加賀市,夫婦2人,"温泉や露天風呂
地元の美味しいものを食べる
名所、旧跡の観光
",0,1,1,0,1,0,0,0,0,0,0,0,0,0,0,0,0,0,"自家用車
",1,0,0,0,0,0,0,"自家用車
",0,0,0,0,,,"10,000円以上 20,000円未満","20,000円以上 30,000円未満","20,000円以上 30,000円未満",2～5回目,"インターネット・アプリ
",0,0,0,0,0,1,0,0,0,0,0,0,0,0,越前松島水族館,,あわら温泉屋台村「湯けむり横丁」,"3,000円以上 5,000円未満",満足,,満足,,感じなかった,,8,,,,
207473,福井駅前 エリア（宿泊施設）,男,1974,52,50代,大阪府,大阪市西成区,200万円以上 300万円未満,mobile/iphone,2026-09-04 12:46:54,9月,福井駅前 エリア,01.福井駅前 エリア,福井市,福井市・永平寺町,,3泊,3泊,福井エリア（福井市・永平寺町）,福井県外には宿泊しない,友人,"まちあるき、都市散策
",0,0,0,0,0,0,0,0,0,0,1,0,0,0,0,0,0,0,"在来線
",0,0,0,1,0,0,0,"在来線
",0,0,0,0,,,"10,000円以上 20,000円未満","3,000円以上 5,000円未満","10,000円以上 20,000円未満",2～5回目,"友人・知人
",0,0,0,0,0,0,0,0,0,0,1,0,0,0,選択なし/該当施設なし,,選択なし/該当施設なし,"10,000円以上 20,000円未満",満足,,とても満足,,感じなかった,,9,,,また行きたい（1年以内）,
145120,明通寺 エリア,男,1992,34,30代,福井県,福井市,"1,000万円以上 1,200万円未満",mobile/iphone,2026-09-04 11:39:11,9月,越前松島水族館 エリア,11.越前松島水族館 エリア,坂井市,あわら市・坂井市,(一社)DMOさかい観光局,1泊,1泊,三国・あわらエリア（あわら市・坂井市）,福井県外には宿泊しない,小学生以下連れの家族,"テーマパーク（遊園地、動物園、博物館など）
",0,0,0,0,0,1,0,0,0,0,0,0,0,0,0,0,0,0,"県外から訪れていない（福井県在住）
",1,0,0,0,0,0,1,"自家用車
",0,0,0,0,とても満足,,"20,000円以上 30,000円未満",使わない,"5,000円以上 10,000円未満",2～5回目,"インターネット・アプリ
",0,0,0,0,0,1,0,0,0,0,0,0,0,0,選択なし/該当施設なし,,選択なし/該当施設なし,"1,000円未満",とても満足,,とても満足,,感じなかった,,8,,,また行きたい（1年以内）,
207503,web,男,1976,50,50代,愛知県,名古屋市西区,"900万円以上 1,000万円未満",mobile/android,2026-09-04 11:30:12,9月,日本海さかな街 エリア,61.日本海さかな街 エリア,敦賀市,嶺南東部,,1泊,1泊,嶺南エリア（敦賀市・美浜町・若狭町・小浜市・おおい町・高浜町）,福井県外には宿泊しない,中学生以上連れの家族,"テーマパーク（遊園地、動物園、博物館など）
",0,0,0,0,0,1,0,0,0,0,0,0,0,0,0,0,0,0,"自家用車
",1,0,0,0,0,0,0,"自家用車
",0,0,0,0,満足,,"5,000円以上 10,000円未満","5,000円以上 10,000円未満","10,000円以上 20,000円未満",2～5回目,"インターネット・アプリ
",0,0,0,0,0,1,0,0,0,0,0,0,0,0,道の駅「若狭おばま」,,選択なし/該当施設なし,"3,000円以上 5,000円未満",満足,,満足,,感じた,使える店が分かりにくい,8,,,機会があれば行きたい,
207526,web,女,1968,58,50代,東京都,練馬区,100万円未満,mobile/iphone,2026-09-04 11:29:48,9月,かずら橋 エリア,48.かずら橋 エリア,池田町,丹南,（一財）いけだ農村観光公社,1泊,1泊,越前エリア（越前市・越前町・鯖江市・池田町・南越前町）,福井県外には宿泊しない,その他家族,"温泉や露天風呂
花見や紅葉などの自然鑑賞
買い物、アウトレット
",0,1,0,1,0,0,1,0,0,0,0,0,0,0,0,0,0,0,"自家用車
",1,0,0,0,0,0,0,"自家用車
",0,0,0,0,とても満足,冠荘の温泉が良くて3回も入りました。,"5,000円以上 10,000円未満","10,000円以上 20,000円未満","40,000円以上 50,000円未満",初めて,"宿泊施設
",0,0,0,0,0,0,0,0,0,0,0,0,0,1,かずら橋,,かずら橋,"3,000円以上 5,000円未満",とても満足,,とても満足,,感じなかった,,8,,,また行きたい（1年以内）,
207525,web,女,1970,56,50代,愛知県,日進市,分からない/無回答,mobile/iphone,2026-09-04 11:22:46,9月,道の駅「恐竜渓谷かつやま」 エリア,26.道の駅「恐竜渓谷かつやま」 エリア,勝山市,勝山市・大野市,勝山市観光まちづくり(株),1泊,福井県内には宿泊しない,福井県内には宿泊しない,福井県外には宿泊しない,親,"テーマパーク（遊園地、動物園、博物館など）
",0,0,0,0,0,1,0,0,0,0,0,0,0,0,0,0,0,0,"自家用車
",1,0,0,0,0,0,0,"自家用車
",0,0,0,0,満足,駐車場が広くて施設が綺麗,使わない,"5,000円以上 10,000円未満","3,000円以上 5,000円未満",初めて,"インターネット・アプリ
",0,0,0,0,0,1,0,0,0,0,0,0,0,0,福井県立恐竜博物館,,選択なし/該当施設なし,"5,000円以上 10,000円未満",満足,,満足,,感じなかった,,8,博物館の見応え,,機会があれば行きたい,
207524,越前大仏 エリア,女,1951,75,70代,愛知県,名古屋市北区,100万円以上 200万円未満,mobile/iphone,2026-09-04 10:28:48,9月,越前大仏 エリア,28.越前大仏 エリア,勝山市,勝山市・大野市,勝山市観光まちづくり(株),日帰り,福井県内には宿泊しない,福井県内には宿泊しない,福井県外には宿泊しない,自分ひとり,"名所、旧跡の観光
",0,0,0,0,1,0,0,0,0,0,0,0,0,0,0,0,0,観光バス会社からのハガキ,"旅行会社ツアーバス
",0,0,0,0,0,1,0,"旅行会社ツアーバス
",0,0,0,0,,,"10,000円以上 20,000円未満","10,000円以上 20,000円未満","5,000円以上 10,000円未満",初めて,"その他
",0,0,0,0,0,0,0,0,0,0,0,0,0,0,選択なし/該当施設なし,,選択なし/該当施設なし,使わない,どちらでもない,大雨の後で、お店が全く開いてなかった,どちらでもない,,感じなかった,,3,,,機会があれば行きたい,
184788,名勝 養浩館庭園 エリア,女,1972,54,50代,神奈川県,川崎市中原区,"1,000万円以上 1,200万円未満",mobile/iphone,2026-09-04 09:09:30,9月,かずら橋 エリア,48.かずら橋 エリア,池田町,丹南,（一財）いけだ農村観光公社,4泊以上,4泊以上,嶺南エリア（敦賀市・美浜町・若狭町・小浜市・おおい町・高浜町）,静岡,夫婦2人,"温泉や露天風呂
地元の美味しいものを食べる
名所、旧跡の観光
",0,1,1,0,1,0,0,0,0,0,0,0,0,0,0,0,0,0,"自家用車
",1,0,0,0,0,0,0,"自家用車
",0,0,0,0,,,"50,000円以上 100,000円未満","50,000円以上 100,000円未満","50,000円以上 100,000円未満",初めて,"観光連盟やDMOのHP
インターネット・アプリ
",0,0,0,0,1,1,0,0,0,0,0,0,0,0,越前大野城,,人道の港 敦賀ムゼウム,"10,000円以上 20,000円未満",とても満足,食べ物が美味しい,とても満足,食事が美味しい,感じなかった,,10,食べ物の美味しさ,,また行きたい（1年以内）,
207508,かつやま恐竜の森 エリア,男,1965,61,60代,大阪府,大阪市淀川区,"1,000万円以上 1,200万円未満",mobile/android,2026-09-04 08:50:38,9月,福井駅前 エリア（宿泊施設）,02.福井駅前 エリア（宿泊施設）,福井市,福井市・永平寺町,,2泊,2泊,福井エリア（福井市・永平寺町）,福井県外には宿泊しない,夫婦2人,"スポーツ観戦や芸能鑑賞（コンサート等）
",0,0,0,0,0,0,0,0,1,0,0,0,0,0,0,0,0,0,"在来線
",0,0,0,1,0,0,0,"在来線
",0,0,0,0,満足,"電車旅には、まずまずの時間で移動できるから。
ただ、お尻が痛くなる。","20,000円以上 30,000円未満","10,000円以上 20,000円未満","40,000円以上 50,000円未満",2～5回目,"インターネット・アプリ
",0,0,0,0,0,1,0,0,0,0,0,0,0,0,福井県立恐竜博物館,三国競艇場,選択なし/該当施設なし,"40,000円以上 50,000円未満",満足,駅チカで、宿泊料金も、お手頃がよい。,満足,駅施設は、とても綺麗です。,感じなかった,,8,食べ物は、過去を含めて、はずしたことがないです。,仕方ないですが、駅ナカの飲食店の閉店時間が早いかなぁ。,また行きたい（1年以内）,いい意味で、田舎なので、時間を気にせず、周遊できる企画をお願いしたい。
207522,あわら湯のまち エリア,女,1957,69,60代,富山県,富山市,300万円以上 400万円未満,mobile/android,2026-09-04 08:02:57,9月,あわら湯のまち エリア,17.あわら湯のまち エリア,あわら市,あわら市・坂井市,,1泊,1泊,三国・あわらエリア（あわら市・坂井市）,福井県外には宿泊しない,夫婦2人,"温泉や露天風呂
地元の美味しいものを食べる
",0,1,1,0,0,0,0,0,0,0,0,0,0,0,0,0,0,0,"自家用車
",1,0,0,0,0,0,0,"自家用車
",0,0,0,0,満足,,"40,000円以上 50,000円未満","3,000円以上 5,000円未満","40,000円以上 50,000円未満",6～10回目,"インターネット・アプリ
",0,0,0,0,0,1,0,0,0,0,0,0,0,0,選択なし/該当施設なし,,選択なし/該当施設なし,"10,000円以上 20,000円未満",満足,,満足,,感じなかった,,8,宿の夕食が美味しい,,また行きたい（1年以内）,
207521,小浜 エリア（宿泊施設）,女,1965,61,60代,群馬県,高崎市,200万円以上 300万円未満,mobile/android,2026-09-04 06:53:12,9月,小浜 エリア（宿泊施設）,69.小浜 エリア（宿泊施設）,小浜市,嶺南西部,(株)まちづくり小浜,2泊,1泊,嶺南エリア（敦賀市・美浜町・若狭町・小浜市・おおい町・高浜町）,京都府,夫婦2人,"名所、旧跡の観光
",0,0,0,0,1,0,0,0,0,0,0,0,0,0,0,0,0,ツアー,"新幹線
",0,0,1,0,0,1,0,"旅行会社ツアーバス
",0,0,0,0,満足,,"10,000円以上 20,000円未満","30,000円以上 40,000円未満","5,000円以上 10,000円未満",初めて,"その他
",0,0,0,0,0,0,0,0,0,0,0,0,0,0,氣比神宮,,選択なし/該当施設なし,"1,000円以上 3,000円未満",どちらでもない,,どちらでもない,,感じなかった,,5,,,機会があれば行きたい,
203082,道の駅「パークイン丹生ヶ丘」 エリア,男,1985,41,40代,福井県,福井市,500万円以上 600万円未満,mobile/android,2026-09-04 00:38:41,9月,大本山 永平寺 エリア,34.大本山 永平寺 エリア,永平寺町,福井市・永平寺町,,日帰り,福井県内には宿泊しない,福井県内には宿泊しない,福井県外には宿泊しない,夫婦2人,"地元の美味しいものを食べる
名所、旧跡の観光
まちあるき、都市散策
",0,0,1,0,1,0,0,0,0,0,1,0,0,0,0,0,0,0,"自家用車
",1,0,0,0,0,0,0,"自家用車
",0,0,0,0,,,使わない,"1,000円未満","10,000円以上 20,000円未満",初めて,"観光展・物産展
新聞・雑誌・ガイドブック
観光パンフレット・ポスター
Instagram
",1,1,0,1,0,0,0,1,0,0,0,0,0,0,選択なし/該当施設なし,,道の駅「禅の里」,"10,000円以上 20,000円未満",とても満足,永平寺そば、胡麻スイーツがとても良かった,とても満足,永平寺の厳かな感じと避暑地のような風景が気持ちよく、夜にはホタルが見れたのが嬉しかった,感じた,店の閉店時間がちょっと早かった,10,胡麻スイーツかおすすめ,,また行きたい（1年以内）,
207629,JR敦賀駅前 エリア,女,2000,26,20代,神奈川県,横浜市戸塚区,300万円以上 400万円未満,mobile/android,2026-09-05 23:05:02,9月,JR敦賀駅前 エリア,63.JR敦賀駅前 エリア,敦賀市,嶺南東部,,2泊,2泊,三国・あわらエリア（あわら市・坂井市）,福井県外には宿泊しない,恋人,"温泉や露天風呂
地元の美味しいものを食べる
テーマパーク（遊園地、動物園、博物館など）
買い物、アウトレット
",0,1,1,0,0,1,1,0,0,0,0,0,0,0,0,0,0,0,"レンタカー
新幹線
",0,0,1,1,0,0,0,"在来線
",0,0,0,0,満足,,"30,000円以上 40,000円未満","30,000円以上 40,000円未満","10,000円以上 20,000円未満",初めて,"インターネット・アプリ
Twitter
Instagram
",0,0,0,0,0,1,1,1,0,0,0,0,0,0,選択なし/該当施設なし,,福井県立恐竜博物館,"1,000円以上 3,000円未満",満足,,満足,,感じなかった,,7,,,機会があれば行きたい,
207513,web,女,1961,65,60代,福井県,三方郡,400万円以上 500万円未満,mobile/iphone,2026-09-05 22:05:06,9月,道の駅「越前おおの荒島の郷」 エリア,22.道の駅「越前おおの荒島の郷」 エリア,大野市,勝山市・大野市,,1泊,1泊,越前エリア（越前市・越前町・鯖江市・池田町・南越前町）,福井県外には宿泊しない,その他家族,"温泉や露天風呂
",0,1,0,0,0,0,0,0,0,0,0,0,0,0,0,0,0,0,"自家用車
",1,0,0,0,0,0,0,"自家用車
",0,0,0,0,とても満足,"九頭竜舞茸等ほしいものが買えた。
モンベルのTシャツも欲しかったものが買えた。","5,000円以上 10,000円未満","1,000円以上 3,000円未満","5,000円以上 10,000円未満",11回目以上,"宿泊施設
",0,0,0,0,0,0,0,0,0,0,0,0,0,1,越前大野城,,道の駅「恐竜渓谷かつやま」,"10,000円以上 20,000円未満",とても満足,洗練されていて良かった。,とても満足,,感じなかった,,10,大野の野菜が安価で売っている,空いた土地に公園やフィールドアスレチックがあると良いと思う,また行きたい（1年以内）,足湯があると良い
207513,web,女,1961,65,60代,福井県,三方郡,400万円以上 500万円未満,mobile/iphone,2026-09-05 21:53:47,9月,かにファクトリー 甲羅組 エリア,102.かにファクトリー 甲羅組 エリア,敦賀市,嶺南東部,,1泊,1泊,越前エリア（越前市・越前町・鯖江市・池田町・南越前町）,福井県外には宿泊しない,その他家族,"温泉や露天風呂
",0,1,0,0,0,0,0,0,0,0,0,0,0,0,0,0,0,0,"自家用車
",1,0,0,0,0,0,0,"自家用車
",0,0,0,0,,,"5,000円以上 10,000円未満","1,000円以上 3,000円未満","5,000円以上 10,000円未満",初めて,"宿泊施設
",0,0,0,0,0,0,0,0,0,0,0,0,0,1,水晶浜海水浴場,,敦賀赤レンガ倉庫,"10,000円以上 20,000円未満",とても満足,,とても満足,,感じなかった,,5,魚介類が安価だった,他の魚介類もあると良い,また行きたい（1年以内）,
207526,web,女,1968,58,50代,東京都,練馬区,100万円未満,mobile/iphone,2026-09-05 21:49:09,9月,道の駅「越前おおの荒島の郷」 エリア,22.道の駅「越前おおの荒島の郷」 エリア,大野市,勝山市・大野市,,1泊,1泊,越前エリア（越前市・越前町・鯖江市・池田町・南越前町）,福井県外には宿泊しない,その他家族,"買い物、アウトレット
",0,0,0,0,0,0,1,0,0,0,0,0,0,0,0,0,0,0,"自家用車
",1,0,0,0,0,0,0,"自家用車
",0,0,0,0,とても満足,,"5,000円以上 10,000円未満","10,000円以上 20,000円未満","40,000円以上 50,000円未満",2～5回目,"宿泊施設
",0,0,0,0,0,0,0,0,0,0,0,0,0,1,越前大野城,,水晶浜海水浴場,"20,000円以上 30,000円未満",とても満足,,とても満足,,感じなかった,,10,,,また行きたい（1年以内）,
207526,web,女,1968,58,50代,東京都,練馬区,100万円未満,mobile/iphone,2026-09-05 21:46:05,9月,かにファクトリー 甲羅組 エリア,102.かにファクトリー 甲羅組 エリア,敦賀市,嶺南東部,,1泊,1泊,越前エリア（越前市・越前町・鯖江市・池田町・南越前町）,福井県外には宿泊しない,その他家族,"買い物、アウトレット
",0,0,0,0,0,0,1,0,0,0,0,0,0,0,0,0,0,0,"自家用車
",1,0,0,0,0,0,0,"自家用車
",0,0,0,0,,,"5,000円以上 10,000円未満","10,000円以上 20,000円未満","40,000円以上 50,000円未満",初めて,"宿泊施設
",0,0,0,0,0,0,0,0,0,0,0,0,0,1,越前大野城,,越前がにミュージアム,"10,000円以上 20,000円未満",満足,,とても満足,,感じなかった,,10,,,また行きたい（1年以内）,
207627,web,女,1971,55,50代,京都府,福知山市,700万円以上 800万円未満,mobile/iphone,2026-09-05 21:15:30,9月,道の駅みくに ふれあいパーク三里浜 エリア,15.道の駅みくに ふれあいパーク三里浜 エリア,坂井市,あわら市・坂井市,(一社)DMOさかい観光局,2泊,2泊,三国・あわらエリア（あわら市・坂井市）,京都府,夫婦2人,"温泉や露天風呂
地元の美味しいものを食べる
名所、旧跡の観光
まちあるき、都市散策
",0,1,1,0,1,0,0,0,0,0,1,0,0,0,0,0,0,0,"自家用車
",1,0,0,0,0,0,0,"自家用車
",0,0,0,0,,,"20,000円以上 30,000円未満","40,000円以上 50,000円未満","40,000円以上 50,000円未満",初めて,"インターネット・アプリ
Instagram
",0,0,0,0,0,1,0,1,0,0,0,0,0,0,選択なし/該当施設なし,,東尋坊,"20,000円以上 30,000円未満",とても満足,夕食を三国寿司に行って美味しかった,とても満足,,感じなかった,,10,夕日が綺麗だった,,また行きたい（1年以内）,
207624,あわら湯のまち エリア,男,1960,66,60代,京都府,京都市左京区,"1,000万円以上 1,200万円未満",mobile/iphone,2026-09-05 21:10:30,9月,あわら湯のまち エリア,17.あわら湯のまち エリア,あわら市,あわら市・坂井市,,1泊,1泊,三国・あわらエリア（あわら市・坂井市）,福井県外には宿泊しない,夫婦2人,"温泉や露天風呂
",0,1,0,0,0,0,0,0,0,0,0,0,0,0,0,0,0,0,"自家用車
",1,0,0,0,0,0,0,"自家用車
",0,0,0,0,,,"10,000円以上 20,000円未満","5,000円以上 10,000円未満","10,000円以上 20,000円未満",2～5回目,"インターネット・アプリ
",0,0,0,0,0,1,0,0,0,0,0,0,0,0,選択なし/該当施設なし,,選択なし/該当施設なし,"20,000円以上 30,000円未満",どちらでもない,,不満,,感じなかった,,6,,,機会があれば行きたい,
207625,小浜市 阿納 エリア,女,1969,57,50代,大阪府,豊中市,400万円以上 500万円未満,mobile/iphone,2026-09-05 20:57:01,9月,小浜市 阿納 エリア,67.小浜市 阿納 エリア,小浜市,嶺南西部,(株)まちづくり小浜,1泊,1泊,福井エリア（福井市・永平寺町）,福井県外には宿泊しない,恋人,"宿でのんびり過ごす
温泉や露天風呂
地元の美味しいものを食べる
まちあるき、都市散策
",1,1,1,0,0,0,0,0,0,0,1,0,0,0,0,0,0,0,"自家用車
",1,0,0,0,0,0,0,"自家用車
",0,0,0,0,,,"20,000円以上 30,000円未満","20,000円以上 30,000円未満","5,000円以上 10,000円未満",2～5回目,"観光展・物産展
友人・知人
",1,0,0,0,0,0,0,0,0,0,1,0,0,0,一乗谷朝倉氏遺跡,,越前大仏,"5,000円以上 10,000円未満",満足,,満足,,感じた,,8,,,機会があれば行きたい,
207623,大本山 永平寺 エリア,女,1980,46,40代,大阪府,吹田市,600万円以上 700万円未満,mobile/android,2026-09-05 20:34:32,9月,大本山 永平寺 エリア,34.大本山 永平寺 エリア,永平寺町,福井市・永平寺町,,1泊,1泊,福井エリア（福井市・永平寺町）,なし,中学生以上連れの家族,"名所、旧跡の観光
テーマパーク（遊園地、動物園、博物館など）
",0,0,0,0,1,1,0,0,0,0,0,0,0,0,0,0,0,子供に見せたかっや,"新幹線
在来線
",0,0,1,1,0,0,0,"在来線
路線バス
",0,1,0,0,どちらでもない,１時間の本数が少ないのにバスと電車が接続してない,"10,000円以上 20,000円未満","10,000円以上 20,000円未満","20,000円以上 30,000円未満",2～5回目,"その他
",0,0,0,0,0,0,0,0,0,0,0,0,0,0,福井県立恐竜博物館,どこがいいか考えてるよ,選択なし/該当施設なし,"3,000円以上 5,000円未満",どちらでもない,昔と変わらないなと先日行った秋芳洞と同じ香りがする,満足,やっぱり永平寺はすげー,感じた,バス来ない,6,ただしレンタカーか自家用車,お土産があまりピンと来ないもので味が想像出来るし食べ歩きにもしにくい,機会があれば行きたい,無知なだけかもしれませんが、意外と交通が不便でレンタカーするには面倒でお酒もたんのうしたいから。交通網が発展したら海側山側と１泊でも楽しめるのにな
149955,福井駅前 エリア（宿泊施設）,男,1994,32,30代,愛知県,豊田市,"1,000万円以上 1,200万円未満",mobile/android,2026-09-05 20:13:41,9月,福井駅前 エリア（宿泊施設）,02.福井駅前 エリア（宿泊施設）,福井市,福井市・永平寺町,,日帰り,1泊,福井エリア（福井市・永平寺町）,福井県外には宿泊しない,自分ひとり,"出張など仕事関係
",0,0,0,0,0,0,0,0,0,0,0,0,0,0,0,0,1,0,"在来線
",0,0,0,1,0,0,0,"在来線
",0,0,0,0,とても満足,,"10,000円以上 20,000円未満","10,000円以上 20,000円未満","10,000円以上 20,000円未満",6～10回目,"インターネット・アプリ
",0,0,0,0,0,1,0,0,0,0,0,0,0,0,選択なし/該当施設なし,,選択なし/該当施設なし,"10,000円以上 20,000円未満",とても満足,,とても満足,,感じなかった,,10,,,また行きたい（1年以内）,
207622,あわら湯のまち エリア,男,1977,49,40代,兵庫県,たつの市,"900万円以上 1,000万円未満",mobile/iphone,2026-09-05 19:52:33,9月,あわら湯のまち エリア,17.あわら湯のまち エリア,あわら市,あわら市・坂井市,,1泊,1泊,三国・あわらエリア（あわら市・坂井市）,福井県外には宿泊しない,小学生以下連れの家族,"宿でのんびり過ごす
テーマパーク（遊園地、動物園、博物館など）
",1,0,0,0,0,1,0,0,0,0,0,0,0,0,0,0,0,0,"自家用車
",1,0,0,0,0,0,0,"自家用車
",0,0,0,0,満足,,"10,000円以上 20,000円未満","3,000円以上 5,000円未満","5,000円以上 10,000円未満",2～5回目,"新聞・雑誌・ガイドブック
友人・知人
",0,1,0,0,0,0,0,0,0,0,1,0,0,0,芝政ワールド,水族館,選択なし/該当施設なし,"5,000円以上 10,000円未満",満足,,満足,,感じなかった,,9,,,機会があれば行きたい,
207621,北陸新幹線 越前たけふ駅 エリア,女,1969,57,50代,大阪府,堺市中区,700万円以上 800万円未満,mobile/android,2026-09-05 19:43:20,9月,北陸新幹線 越前たけふ駅 エリア,38.北陸新幹線 越前たけふ駅 エリア,越前市,丹南,,2泊,4泊以上,福井エリア（福井市・永平寺町）,福井県外には宿泊しない,夫婦2人,"宿でのんびり過ごす
地元の美味しいものを食べる
名所、旧跡の観光
お祭りやイベントへの参加・見物
まちあるき、都市散策
ドライブ・ツーリング
",1,0,1,0,1,0,0,1,0,0,1,0,0,0,1,0,0,0,"自家用車
",1,0,0,0,0,0,0,"自家用車
",0,0,0,0,,,"50,000円以上 100,000円未満","10,000円以上 20,000円未満","10,000円以上 20,000円未満",初めて,"インターネット・アプリ
",0,0,0,0,0,1,0,0,0,0,0,0,0,0,越前和紙の里,,越前和紙の里,"10,000円以上 20,000円未満",とても満足,,とても満足,,感じなかった,,10,"夫婦で宿泊してクーポン頂けたので、そのことをお友達夫婦にもお薦めしたいです。
",,また行きたい（1年以内）,今回ふくアプリを色々なお店で利用させて頂いたのですが、APITAに行った時、従業員の方にいいとこ堀りだくさんキャンペーン食料品で利用できますか?とお聞きした所、食料品でもご利用頂けます。との回答でしたので食料品売場で買い物かごに沢山入れてレジの所に行ったのですが、支払いの時にこちらはご利用できません。てなりまして慌てました。今後この様な事のない様に従業員の方にも徹底した周知をお願いしたいです。
166118,大本山 永平寺 エリア,男,1968,58,50代,石川県,金沢市,"1,000万円以上 1,200万円未満",mobile/android,2026-09-05 19:33:20,9月,北潟湖 エリア,20.北潟湖 エリア,あわら市,あわら市・坂井市,,日帰り,福井県内には宿泊しない,福井県内には宿泊しない,福井県外には宿泊しない,夫婦2人,"ドライブ・ツーリング
",0,0,0,0,0,0,0,0,0,0,0,0,0,0,1,0,0,0,"自家用車
",1,0,0,0,0,0,0,"自家用車
",0,0,0,0,,,"10,000円以上 20,000円未満","1,000円以上 3,000円未満","5,000円以上 10,000円未満",初めて,"インターネット・アプリ
",0,0,0,0,0,1,0,0,0,0,0,0,0,0,選択なし/該当施設なし,,三国サンセットビーチ,"1,000円以上 3,000円未満",満足,北ノ庄のお酒を買いました。ラベルもかわいくて、飲むのが楽しみです,満足,,感じなかった,,7,福井が好きなので。,,また行きたい（1年以内）,もっと、たくさんの方に福井に来てもらいたいです。特産の梅など、もっと知ってもらいたい
207609,web,女,1985,41,40代,大阪府,大阪市北区,"900万円以上 1,000万円未満",mobile/android,2026-09-05 19:05:46,9月,神楽通り エリア,62.神楽通りエリア,敦賀市,嶺南東部,,1泊,1泊,嶺南エリア（敦賀市・美浜町・若狭町・小浜市・おおい町・高浜町）,福井県外には宿泊しない,恋人,"宿でのんびり過ごす
",1,0,0,0,0,0,0,0,0,0,0,0,0,0,0,0,0,0,"在来線
",0,0,0,1,0,0,0,"在来線
",0,0,0,0,どちらでもない,,"10,000円以上 20,000円未満","5,000円以上 10,000円未満","5,000円以上 10,000円未満",初めて,"観光展・物産展
",1,0,0,0,0,0,0,0,0,0,0,0,0,0,選択なし/該当施設なし,,選択なし/該当施設なし,"5,000円以上 10,000円未満",満足,,満足,,感じた,,7,,,また行きたい（1年以内）,
207609,web,女,1985,41,40代,大阪府,大阪市北区,"900万円以上 1,000万円未満",mobile/android,2026-09-05 19:05:03,9月,金ヶ崎 エリア,64.金ヶ崎 エリア,敦賀市,嶺南東部,,1泊,1泊,嶺南エリア（敦賀市・美浜町・若狭町・小浜市・おおい町・高浜町）,福井県外には宿泊しない,恋人,"宿でのんびり過ごす
",1,0,0,0,0,0,0,0,0,0,0,0,0,0,0,0,0,0,"在来線
",0,0,0,1,0,0,0,"在来線
",0,0,0,0,満足,,"10,000円以上 20,000円未満","5,000円以上 10,000円未満","5,000円以上 10,000円未満",初めて,"観光展・物産展
",1,0,0,0,0,0,0,0,0,0,0,0,0,0,選択なし/該当施設なし,,選択なし/該当施設なし,"5,000円以上 10,000円未満",満足,,満足,,感じなかった,,7,,,また行きたい（1年以内）,
207619,道の駅みくに ふれあいパーク三里浜 エリア,男,1993,33,30代,富山県,射水市,800万円以上 900万円未満,mobile/iphone,2026-09-05 19:02:53,9月,道の駅みくに ふれあいパーク三里浜 エリア,15.道の駅みくに ふれあいパーク三里浜 エリア,坂井市,あわら市・坂井市,(一社)DMOさかい観光局,1泊,1泊,三国・あわらエリア（あわら市・坂井市）,福井県外には宿泊しない,小学生以下連れの家族,"宿でのんびり過ごす
地元の美味しいものを食べる
テーマパーク（遊園地、動物園、博物館など）
アウトドア（海水浴、釣り、登山など）
",1,0,1,0,0,1,0,0,0,1,0,0,0,0,0,0,0,0,"自家用車
",1,0,0,0,0,0,0,"自家用車
",0,0,0,0,,,"40,000円以上 50,000円未満","5,000円以上 10,000円未満","5,000円以上 10,000円未満",初めて,"宿泊施設
",0,0,0,0,0,0,0,0,0,0,0,0,0,1,越前松島水族館,さかいキッズパーク,選択なし/該当施設なし,"1,000円未満",満足,,とても満足,ホテルで過ごす時間で十分満足した,感じなかった,,10,,,機会があれば行きたい,
207159,JR敦賀駅前 エリア,男,1984,42,40代,大阪府,藤井寺市,"1,200万円以上 1,500万円未満",mobile/android,2026-09-05 18:57:48,9月,JR敦賀駅前 エリア,63.JR敦賀駅前 エリア,敦賀市,嶺南東部,,1泊,1泊,嶺南エリア（敦賀市・美浜町・若狭町・小浜市・おおい町・高浜町）,福井県外には宿泊しない,恋人,"宿でのんびり過ごす
温泉や露天風呂
地元の美味しいものを食べる
スキー・スノボ、マリンスポーツ
",1,1,1,0,0,0,0,0,0,0,0,0,1,0,0,0,0,0,"在来線
",0,0,0,1,0,0,0,"在来線
",0,0,0,0,どちらでもない,本数が少ない。東海道線も近江塩津止まりでは無く、敦賀まで来て欲しい。。。,"5,000円以上 10,000円未満","3,000円以上 5,000円未満","3,000円以上 5,000円未満",2～5回目,"インターネット・アプリ
",0,0,0,0,0,1,0,0,0,0,0,0,0,0,選択なし/該当施設なし,,選択なし/該当施設なし,"10,000円以上 20,000円未満",満足,,満足,,感じた,バスの本数が少ない,8,,,機会があれば行きたい,
207534,かにファクトリー 甲羅組 エリア,女,1988,38,30代,愛知県,清須市,600万円以上 700万円未満,mobile/android,2026-09-05 18:25:33,9月,道の駅「南えちぜん山海里」 エリア,58.道の駅「南えちぜん山海里」 エリア,南越前町,丹南,,2泊,2泊,福井エリア（福井市・永平寺町）,福井県外には宿泊しない,小学生以下連れの家族,"テーマパーク（遊園地、動物園、博物館など）
",0,0,0,0,0,1,0,0,0,0,0,0,0,0,0,0,0,キッズパークつるが,"自家用車
",1,0,0,0,0,0,0,"自家用車
",0,0,0,0,満足,荷物が多いので車が助かります。,"5,000円以上 10,000円未満","5,000円以上 10,000円未満","10,000円以上 20,000円未満",2～5回目,"その他
",0,0,0,0,0,0,0,0,0,0,0,0,0,0,芝政ワールド,,選択なし/該当施設なし,"5,000円以上 10,000円未満",満足,道の駅がすごい豊富で魅力的で良かった。,満足,道の駅の品物の豊富さ、公園もあり遊ばせれるのも、ゆっくり買い物できるのでいいと思った。,感じなかった,,8,道の駅で地元の特産品を買ったり、ちょっとした公園もあるので子供を遊ばせに来てほしい。,道の駅しか寄れてないので、他にも次回は寄りたいです。,機会があれば行きたい,おろし蕎麦、ソースカツ丼、谷口屋のお揚げ、その他があまり知らないのでもっと隠れた名品を知りたいです。
207620,今庄365アウトドアビレッジ エリア,男,1967,59,50代,福井県,敦賀市,"1,200万円以上 1,500万円未満",mobile/iphone,2026-09-05 18:21:14,9月,今庄365アウトドアビレッジ エリア,101.今庄365アウトドアビレッジ エリア,南越前町,丹南,,日帰り,1泊,三国・あわらエリア（あわら市・坂井市）,石川県加賀市,夫婦2人,"温泉や露天風呂
",0,1,0,0,0,0,0,0,0,0,0,0,0,0,0,0,0,0,"自家用車
",1,0,0,0,0,0,0,"自家用車
",0,0,0,0,とても満足,,"1,000円以上 3,000円未満","50,000円以上 100,000円未満","1,000円以上 3,000円未満",11回目以上,"友人・知人
",0,0,0,0,0,0,0,0,0,0,1,0,0,0,敦賀赤レンガ倉庫,,日本海さかな街,"1,000円以上 3,000円未満",とても満足,,とても満足,,感じなかった,,10,,,福井県在住,
127335,web,女,1963,63,60代,兵庫県,加古郡,300万円以上 400万円未満,mobile/iphone,2026-09-05 17:43:55,9月,道の駅「越前」 エリア,49.道の駅「越前」 エリア,越前町,丹南,一般社団法人 越前町観光連盟（DMO ECHIZEN）,2泊,1泊,越前エリア（越前市・越前町・鯖江市・池田町・南越前町）,石川県金沢市,夫婦2人,"温泉や露天風呂
地元の美味しいものを食べる
",0,1,1,0,0,0,0,0,0,0,0,0,0,0,0,0,0,0,"自家用車
",1,0,0,0,0,0,0,"自家用車
",0,0,0,0,満足,,"10,000円以上 20,000円未満","10,000円以上 20,000円未満","10,000円以上 20,000円未満",初めて,"観光パンフレット・ポスター
",0,0,0,1,0,0,0,0,0,0,0,0,0,0,選択なし/該当施設なし,,選択なし/該当施設なし,"1,000円未満",満足,,満足,,感じなかった,,7,,,,
201645,紫式部公園 エリア,女,1992,34,30代,福井県,福井市,500万円以上 600万円未満,mobile/iphone,2026-09-05 17:42:55,9月,JR美浜駅 エリア,79.JR美浜駅 エリア,美浜町,嶺南東部,三方五湖DMO(株),1泊,1泊,嶺南エリア（敦賀市・美浜町・若狭町・小浜市・おおい町・高浜町）,福井県外には宿泊しない,小学生以下連れの家族,"テーマパーク（遊園地、動物園、博物館など）
",0,0,0,0,0,1,0,0,0,0,0,0,0,0,0,0,0,0,"自家用車
",1,0,0,0,0,0,0,"自家用車
",0,0,0,0,,,"10,000円以上 20,000円未満","5,000円以上 10,000円未満","10,000円以上 20,000円未満",2～5回目,"Instagram
",0,0,0,0,0,0,0,1,0,0,0,0,0,0,選択なし/該当施設なし,,選択なし/該当施設なし,"3,000円以上 5,000円未満",満足,,満足,,感じなかった,,7,,,また行きたい（1年以内）,
127311,道の駅みくに ふれあいパーク三里浜 エリア,男,1963,63,60代,東京都,日野市,"1,000万円以上 1,200万円未満",mobile/iphone,2026-09-05 17:42:45,9月,道の駅「越前」 エリア,49.道の駅「越前」 エリア,越前町,丹南,一般社団法人 越前町観光連盟（DMO ECHIZEN）,2泊,1泊,越前エリア（越前市・越前町・鯖江市・池田町・南越前町）,石川県金沢市,夫婦2人,"温泉や露天風呂
地元の美味しいものを食べる
買い物、アウトレット
",0,1,1,0,0,0,1,0,0,0,0,0,0,0,0,0,0,0,"自家用車
",1,0,0,0,0,0,0,"自家用車
",0,0,0,0,,,"10,000円以上 20,000円未満","10,000円以上 20,000円未満","5,000円以上 10,000円未満",初めて,"観光パンフレット・ポスター
インターネット・アプリ
",0,0,0,1,0,1,0,0,0,0,0,0,0,0,選択なし/該当施設なし,,選択なし/該当施設なし,"1,000円以上 3,000円未満",満足,,満足,,感じなかった,,8,,,また行きたい（1年以内）,
150812,熊川宿 エリア,男,1960,66,60代,福井県,鯖江市,100万円以上 200万円未満,mobile/android,2026-09-05 17:22:34,9月,かにファクトリー 甲羅組 エリア,102.かにファクトリー 甲羅組 エリア,敦賀市,嶺南東部,,日帰り,福井県内には宿泊しない,福井県内には宿泊しない,福井県外には宿泊しない,夫婦2人,"まちあるき、都市散策
",0,0,0,0,0,0,0,0,0,0,1,0,0,0,0,0,0,0,"自家用車
",1,0,0,0,0,0,0,"自家用車
",0,0,0,0,,,使わない,"1,000円以上 3,000円未満","1,000円以上 3,000円未満",初めて,"TV・ラジオ番組やCM
",0,0,1,0,0,0,0,0,0,0,0,0,0,0,選択なし/該当施設なし,,選択なし/該当施設なし,"1,000円未満",どちらでもない,,どちらでもない,,感じなかった,,4,,,,
207534,かにファクトリー 甲羅組 エリア,女,1988,38,30代,愛知県,清須市,600万円以上 700万円未満,mobile/android,2026-09-05 17:12:41,9月,芝政ワールド エリア,12.芝政ワールド エリア,坂井市,あわら市・坂井市,(一社)DMOさかい観光局,2泊,2泊,福井エリア（福井市・永平寺町）,福井県外には宿泊しない,小学生以下連れの家族,"テーマパーク（遊園地、動物園、博物館など）
",0,0,0,0,0,1,0,0,0,0,0,0,0,0,0,0,0,キッズパークつるが,"自家用車
",1,0,0,0,0,0,0,"自家用車
",0,0,0,0,とても満足,プールに行くので荷物が多いので車が助かるため。あと景色がきれいでドライブを楽しめた。,"5,000円以上 10,000円未満","5,000円以上 10,000円未満","10,000円以上 20,000円未満",初めて,"その他
",0,0,0,0,0,0,0,0,0,0,0,0,0,0,選択なし/該当施設なし,,選択なし/該当施設なし,"5,000円以上 10,000円未満",どちらでもない,プールは楽しめたが、広すぎる割にマップが置いてなくて園内で迷子になりうろうろする時間が多かった為。あとゴーカートで50分近く待った。最初2台で運行していて、非効率的だな&hellip;と思って見ていたら、もう少しで順番が来る頃にもう一台稼働させていて、今までの待ち時間はなんだったのだろうと思ってしまった。,不満,,感じた,芝政ワールドのマップが置いてないからわかりにくかった。,2,,芝政ワールドが、園内が広すぎるので、効率良く観光するよう考えてもらわないと1日では回りきらないと思った。ゴーカートは私も含め待ってる方が効率悪いね、と言っていたので、早くから3台稼働したらいいのにと思った。プールは楽しかったです。,機会があれば行きたい,
106509,若狭フィッシャーマンズワーフ エリア,女,1959,67,60代,京都府,京都市南区,100万円未満,mobile/iphone,2026-09-05 16:53:01,9月,若州一滴文庫 エリア,85.若州一滴文庫 エリア,おおい町,嶺南西部,,日帰り,福井県内には宿泊しない,福井県内には宿泊しない,福井県外には宿泊しない,夫婦2人,"温泉や露天風呂
地元の美味しいものを食べる
お祭りやイベントへの参加・見物
",0,1,1,0,0,0,0,1,0,0,0,0,0,0,0,0,0,0,"自家用車
",1,0,0,0,0,0,0,"自家用車
",0,0,0,0,満足,,使わない,"1,000円未満","1,000円以上 3,000円未満",11回目以上,"インターネット・アプリ
",0,0,0,0,0,1,0,0,0,0,0,0,0,0,熊川宿,,選択なし/該当施設なし,"1,000円未満",満足,,満足,,感じなかった,,8,,,,
106507,web,男,1956,70,70代,京都府,京都市南区,100万円未満,mobile/iphone,2026-09-05 16:49:57,9月,若州一滴文庫 エリア,85.若州一滴文庫 エリア,おおい町,嶺南西部,,日帰り,福井県内には宿泊しない,福井県内には宿泊しない,福井県外には宿泊しない,夫婦2人,"地元の美味しいものを食べる
名所、旧跡の観光
",0,0,1,0,1,0,0,0,0,0,0,0,0,0,0,0,0,0,"自家用車
",1,0,0,0,0,0,0,"自家用車
",0,0,0,0,満足,,使わない,"1,000円未満","1,000円以上 3,000円未満",初めて,"インターネット・アプリ
",0,0,0,0,0,1,0,0,0,0,0,0,0,0,熊川宿,,選択なし/該当施設なし,"1,000円未満",満足,,満足,,感じなかった,,8,,,,
201645,紫式部公園 エリア,女,1992,34,30代,福井県,福井市,500万円以上 600万円未満,mobile/iphone,2026-09-05 16:36:18,9月,道の駅「若狭おばま」 エリア,68.道の駅「若狭おばま」 エリア,小浜市,嶺南西部,(株)まちづくり小浜,1泊,1泊,嶺南エリア（敦賀市・美浜町・若狭町・小浜市・おおい町・高浜町）,福井県外には宿泊しない,小学生以下連れの家族,"テーマパーク（遊園地、動物園、博物館など）
",0,0,0,0,0,1,0,0,0,0,0,0,0,0,0,0,0,0,"自家用車
",1,0,0,0,0,0,0,"自家用車
",0,0,0,0,,,"10,000円以上 20,000円未満","5,000円以上 10,000円未満","10,000円以上 20,000円未満",2～5回目,"Instagram
",0,0,0,0,0,0,0,1,0,0,0,0,0,0,選択なし/該当施設なし,,選択なし/該当施設なし,"5,000円以上 10,000円未満",満足,,満足,,感じなかった,,8,,,また行きたい（1年以内）,
191871,越前大野城・城下町 エリア,女,1970,56,50代,石川県,金沢市,分からない/無回答,mobile/android,2026-09-05 16:15:18,9月,JR美浜駅 エリア,79.JR美浜駅 エリア,美浜町,嶺南東部,三方五湖DMO(株),日帰り,福井県内には宿泊しない,福井県内には宿泊しない,福井県外には宿泊しない,夫婦2人,"まちあるき、都市散策
",0,0,0,0,0,0,0,0,0,0,1,0,0,0,0,0,0,通りかかった,"在来線
",1,0,0,0,0,0,0,"自家用車
",0,0,0,0,,,使わない,"1,000円未満","3,000円以上 5,000円未満",2～5回目,"その他
",0,0,0,0,0,0,0,0,0,0,0,0,0,0,道の駅「河野」,,道の駅「うみんぴあ大飯」,"1,000円未満",満足,,満足,,感じなかった,,8,,,また行きたい（1年以内）,
183515,web,男,1977,49,40代,石川県,金沢市,300万円以上 400万円未満,mobile/android,2026-09-05 16:15:12,9月,JR美浜駅 エリア,79.JR美浜駅 エリア,美浜町,嶺南東部,三方五湖DMO(株),日帰り,福井県内には宿泊しない,福井県内には宿泊しない,福井県外には宿泊しない,夫婦2人,"お祭りやイベントへの参加・見物
",0,0,0,0,0,0,0,1,0,0,0,0,0,0,0,0,0,通りすがり,"在来線
",1,0,0,0,0,0,0,"自家用車
",0,0,0,0,,,"3,000円以上 5,000円未満","1,000円未満","3,000円以上 5,000円未満",初めて,"その他
",0,0,0,0,0,0,0,0,0,0,0,0,0,0,道の駅「河野」,,道の駅「うみんぴあ大飯」,"1,000円未満",満足,,満足,,感じなかった,,6,,,また行きたい（1年以内）,
166118,大本山 永平寺 エリア,男,1968,58,50代,石川県,金沢市,"1,000万円以上 1,200万円未満",mobile/android,2026-09-05 15:52:43,9月,三国湊 エリア,09.三国湊 エリア,坂井市,あわら市・坂井市,(一社)DMOさかい観光局,日帰り,福井県内には宿泊しない,福井県内には宿泊しない,福井県外には宿泊しない,夫婦2人,"ドライブ・ツーリング
",0,0,0,0,0,0,0,0,0,0,0,0,0,0,1,0,0,0,"自家用車
",1,0,0,0,0,0,0,"自家用車
",0,0,0,0,満足,,"10,000円以上 20,000円未満","1,000円以上 3,000円未満","5,000円以上 10,000円未満",2～5回目,"観光パンフレット・ポスター
インターネット・アプリ
",0,0,0,1,0,1,0,0,0,0,0,0,0,0,丸岡城,,北の庄城址・柴田公園,"3,000円以上 5,000円未満",どちらでもない,,どちらでもない,,感じた,,6,,,また行きたい（1年以内）,
135450,web,女,1959,67,60代,福井県,越前市,100万円未満,mobile/android,2026-09-05 15:40:31,9月,劔神社 エリア,51.劔神社 エリア,越前町,丹南,一般社団法人 越前町観光連盟（DMO ECHIZEN）,日帰り,福井県内には宿泊しない,福井県内には宿泊しない,福井県外には宿泊しない,夫婦2人,"地元の美味しいものを食べる
買い物、アウトレット
",0,0,1,0,0,0,1,0,0,0,0,0,0,0,0,0,0,0,"自家用車
",1,0,0,0,0,0,0,"自家用車
",0,0,0,0,とても満足,,"3,000円以上 5,000円未満",使わない,"3,000円以上 5,000円未満",2～5回目,"観光パンフレット・ポスター
",0,0,0,1,0,0,0,0,0,0,0,0,0,0,選択なし/該当施設なし,,選択なし/該当施設なし,"1,000円以上 3,000円未満",満足,,満足,,感じなかった,,5,,,また行きたい（1年以内）,新鮮で安価で美味しい野菜や魚介類が、買えたり食べれる
103193,まちの駅 こってコテいけだ エリア,男,1959,67,60代,福井県,越前市,300万円以上 400万円未満,mobile/android,2026-09-05 15:39:05,9月,劔神社 エリア,51.劔神社 エリア,越前町,丹南,一般社団法人 越前町観光連盟（DMO ECHIZEN）,日帰り,福井県内には宿泊しない,福井県内には宿泊しない,福井県外には宿泊しない,夫婦2人,"地元の美味しいものを食べる
",0,0,1,0,0,0,0,0,0,0,0,0,0,0,0,0,0,0,"県外から訪れていない（福井県在住）
",1,0,0,0,0,0,1,"自家用車
",0,0,0,0,満足,豊臣兄弟縁の織田神社で、おもかる石が良かった,使わない,"1,000円以上 3,000円未満","3,000円以上 5,000円未満",2～5回目,"インターネット・アプリ
",0,0,0,0,0,1,0,0,0,0,0,0,0,0,選択なし/該当施設なし,,選択なし/該当施設なし,"3,000円以上 5,000円未満",満足,,満足,,感じなかった,,10,,,また行きたい（1年以内）,
207615,北陸新幹線 越前たけふ駅 エリア,男,1964,62,60代,大阪府,堺市中区,400万円以上 500万円未満,mobile/android,2026-09-05 15:37:10,9月,北陸新幹線 越前たけふ駅 エリア,38.北陸新幹線 越前たけふ駅 エリア,越前市,丹南,,4泊以上,4泊以上,越前エリア（越前市・越前町・鯖江市・池田町・南越前町）,福井県外には宿泊しない,夫婦2人,"まちあるき、都市散策
",0,0,0,0,0,0,0,0,0,0,1,0,0,0,0,0,0,0,"自家用車
",1,0,0,0,0,0,0,"自家用車
",0,0,0,0,,,"50,000円以上 100,000円未満","10,000円以上 20,000円未満","10,000円以上 20,000円未満",初めて,"観光パンフレット・ポスター
",0,0,0,1,0,0,0,0,0,0,0,0,0,0,選択なし/該当施設なし,,丸岡城,"1,000円以上 3,000円未満",とても満足,,とても満足,,感じなかった,,8,,,また行きたい（1年以内）,
204053,かつやま恐竜の森 エリア,男,1997,29,20代,福井県,福井市,300万円以上 400万円未満,mobile/iphone,2026-09-05 15:36:28,9月,レインボーライン エリア,77.レインボーライン エリア,美浜町,嶺南東部,三方五湖DMO(株),日帰り,福井県内には宿泊しない,福井県内には宿泊しない,福井県外には宿泊しない,夫婦2人,"名所、旧跡の観光
",0,0,0,0,1,0,0,0,0,0,0,0,0,0,0,0,0,0,"自家用車
",1,0,0,0,0,0,0,"自家用車
",0,0,0,0,とても満足,,"1,000円以上 3,000円未満","1,000円以上 3,000円未満","1,000円以上 3,000円未満",2～5回目,"Instagram
",0,0,0,0,0,0,0,1,0,0,0,0,0,0,道の駅「南えちぜん山海里」,,越前がにミュージアム,"1,000円以上 3,000円未満",とても満足,,とても満足,,感じなかった,,10,,,福井県在住,
207609,web,女,1985,41,40代,大阪府,大阪市北区,"900万円以上 1,000万円未満",mobile/android,2026-09-05 15:33:56,9月,JR敦賀駅前 エリア,63.JR敦賀駅前 エリア,敦賀市,嶺南東部,,1泊,1泊,嶺南エリア（敦賀市・美浜町・若狭町・小浜市・おおい町・高浜町）,福井県外には宿泊しない,恋人,"宿でのんびり過ごす
",1,0,0,0,0,0,0,0,0,0,0,0,0,0,0,0,0,0,"在来線
",0,0,0,1,0,0,0,"在来線
",0,0,0,0,満足,,"10,000円以上 20,000円未満","5,000円以上 10,000円未満","5,000円以上 10,000円未満",2～5回目,"観光展・物産展
",1,0,0,0,0,0,0,0,0,0,0,0,0,0,選択なし/該当施設なし,,選択なし/該当施設なし,"10,000円以上 20,000円未満",とても満足,,満足,,感じなかった,,6,,,また行きたい（1年以内）,
207591,レインボーライン エリア,女,1998,28,20代,茨城県,つくば市,400万円以上 500万円未満,mobile/android,2026-09-05 15:30:19,9月,レインボーライン エリア,77.レインボーライン エリア,美浜町,嶺南東部,三方五湖DMO(株),日帰り,福井県内には宿泊しない,福井県内には宿泊しない,石川県金沢市,親,"名所、旧跡の観光
",0,0,0,0,1,0,0,0,0,0,0,0,0,0,0,0,0,0,"自家用車
新幹線
",1,0,1,0,0,0,0,"自家用車
",0,0,0,0,,,使わない,"40,000円以上 50,000円未満","5,000円以上 10,000円未満",初めて,"新聞・雑誌・ガイドブック
",0,1,0,0,0,0,0,0,0,0,0,0,0,0,選択なし/該当施設なし,,若狭三方縄文博物館,"1,000円未満",とても満足,,満足,,感じなかった,,9,,,機会があれば行きたい,
107299,東尋坊 エリア,男,1988,38,30代,岐阜県,瑞穂市,"1,000万円以上 1,200万円未満",mobile/android,2026-09-05 15:27:15,9月,道の駅「若狭おばま」 エリア,68.道の駅「若狭おばま」 エリア,小浜市,嶺南西部,(株)まちづくり小浜,4泊以上,4泊以上,嶺南エリア（敦賀市・美浜町・若狭町・小浜市・おおい町・高浜町）,福井県外には宿泊しない,恋人,"名所、旧跡の観光
",0,0,0,0,1,0,0,0,0,0,0,0,0,0,0,0,0,0,"自家用車
",1,0,0,0,0,0,0,"自家用車
",0,0,0,0,,,"40,000円以上 50,000円未満","10,000円以上 20,000円未満","20,000円以上 30,000円未満",2～5回目,"Twitter
",0,0,0,0,0,0,1,0,0,0,0,0,0,0,選択なし/該当施設なし,,選択なし/該当施設なし,"3,000円以上 5,000円未満",とても満足,,とても満足,,感じなかった,,10,,,,
138287,web,女,1993,33,30代,岐阜県,岐阜市,300万円以上 400万円未満,mobile/android,2026-09-05 15:26:52,9月,道の駅「若狭おばま」 エリア,68.道の駅「若狭おばま」 エリア,小浜市,嶺南西部,(株)まちづくり小浜,4泊以上,4泊以上,嶺南エリア（敦賀市・美浜町・若狭町・小浜市・おおい町・高浜町）,福井県外には宿泊しない,恋人,"まちあるき、都市散策
",0,0,0,0,0,0,0,0,0,0,1,0,0,0,0,0,0,0,"自家用車
",1,0,0,0,0,0,0,"自家用車
",0,0,0,0,,,"40,000円以上 50,000円未満","3,000円以上 5,000円未満","30,000円以上 40,000円未満",2～5回目,"友人・知人
",0,0,0,0,0,0,0,0,0,0,1,0,0,0,選択なし/該当施設なし,,選択なし/該当施設なし,"1,000円未満",とても満足,,とても満足,,感じなかった,,8,,,,
202044,道の駅「禅の里」 エリア,女,1994,32,30代,福井県,敦賀市,分からない/無回答,mobile/iphone,2026-09-05 15:25:32,9月,かにファクトリー 甲羅組 エリア,102.かにファクトリー 甲羅組 エリア,敦賀市,嶺南東部,,日帰り,福井県内には宿泊しない,福井県内には宿泊しない,福井県外には宿泊しない,友人,"買い物、アウトレット
",0,0,0,0,0,0,1,0,0,0,0,0,0,0,0,0,0,0,"自家用車
",1,0,0,0,0,0,0,"自家用車
",0,0,0,0,満足,,使わない,使わない,使わない,2～5回目,"インターネット・アプリ
",0,0,0,0,0,1,0,0,0,0,0,0,0,0,選択なし/該当施設なし,,選択なし/該当施設なし,使わない,満足,,満足,,感じなかった,,6,,,,
185090,道の駅「恐竜渓谷かつやま」 エリア,男,1968,58,50代,福井県,小浜市,600万円以上 700万円未満,mobile/iphone,2026-09-05 15:21:38,9月,道の駅「恐竜渓谷かつやま」 エリア,26.道の駅「恐竜渓谷かつやま」 エリア,勝山市,勝山市・大野市,勝山市観光まちづくり(株),日帰り,1泊,福井エリア（福井市・永平寺町）,福井県外には宿泊しない,自分ひとり,"まちあるき、都市散策
",0,0,0,0,0,0,0,0,0,0,1,0,0,0,0,0,0,0,"自家用車
",1,0,0,0,0,0,0,"自家用車
",0,0,0,0,満足,,"20,000円以上 30,000円未満","10,000円以上 20,000円未満","10,000円以上 20,000円未満",11回目以上,"友人・知人
",0,0,0,0,0,0,0,0,0,0,1,0,0,0,越前大仏,,選択なし/該当施設なし,"5,000円以上 10,000円未満",満足,,満足,,感じなかった,,7,,,機会があれば行きたい,
207611,web,男,1933,93,80歳以上,福井県,敦賀市,100万円未満,mobile/iphone,2026-09-05 15:19:47,9月,道の駅「南えちぜん山海里」 エリア,58.道の駅「南えちぜん山海里」 エリア,南越前町,丹南,,1泊,福井県内には宿泊しない,福井県内には宿泊しない,石川県加賀市,中学生以上連れの家族,"まちあるき、都市散策
",0,0,0,0,0,0,0,0,0,0,1,0,0,0,0,0,0,0,"自家用車
",1,0,0,0,0,0,0,"自家用車
",0,0,0,0,,,"30,000円以上 40,000円未満",使わない,"5,000円以上 10,000円未満",2～5回目,"新聞・雑誌・ガイドブック
観光パンフレット・ポスター
",0,1,0,1,0,0,0,0,0,0,0,0,0,0,選択なし/該当施設なし,,選択なし/該当施設なし,"5,000円以上 10,000円未満",満足,,満足,,感じなかった,,5,,,,
141227,道の駅「南えちぜん山海里」 エリア,女,1972,54,50代,福井県,福井市,600万円以上 700万円未満,mobile/iphone,2026-09-05 15:15:31,9月,道の駅「恐竜渓谷かつやま」 エリア,26.道の駅「恐竜渓谷かつやま」 エリア,勝山市,勝山市・大野市,勝山市観光まちづくり(株),1泊,1泊,福井エリア（福井市・永平寺町）,その他,恋人,"地元の美味しいものを食べる
",0,0,1,0,0,0,0,0,0,0,0,0,0,0,0,0,0,0,"自家用車
",1,0,0,0,0,0,0,"自家用車
",0,0,0,0,とても満足,道路が走りやすい。,"10,000円以上 20,000円未満","3,000円以上 5,000円未満","10,000円以上 20,000円未満",2～5回目,"Instagram
",0,0,0,0,0,0,0,1,0,0,0,0,0,0,道の駅「越前おおの荒島の郷」,,越前大野城,"3,000円以上 5,000円未満",とても満足,新鮮な野菜が買えるから。,とても満足,,感じなかった,,10,来やすい,,また行きたい（1年以内）,美味しいご飯！
207608,大本山 永平寺 エリア,女,1964,62,60代,愛知県,豊川市,300万円以上 400万円未満,mobile/iphone,2026-09-05 14:55:09,9月,大本山 永平寺 エリア,34.大本山 永平寺 エリア,永平寺町,福井市・永平寺町,,1泊,1泊,三国・あわらエリア（あわら市・坂井市）,福井県外には宿泊しない,夫婦2人,"その他
",0,0,0,0,0,0,0,0,0,0,0,0,0,0,0,0,0,0,"自家用車
",1,0,0,0,0,0,0,"自家用車
",0,0,0,0,,,"10,000円以上 20,000円未満","5,000円以上 10,000円未満","3,000円以上 5,000円未満",2～5回目,"TV・ラジオ番組やCM
観光パンフレット・ポスター
インターネット・アプリ
",0,0,1,1,0,1,0,0,0,0,0,0,0,0,大本山永平寺,,福井県立恐竜博物館,"3,000円以上 5,000円未満",満足,胡麻豆腐が美味しかった。ごまのソフトクリームや、胡麻スイーツも珍しく、美味しかった。,とても満足,法要を無事に終えることができ、満足している。自然が豊かで、緑や水の音に癒された。,感じなかった,駐車場,10,,,また行きたい（1年以内）,美味しいものをお値打ちに食べたい
207493,web,男,1991,35,30代,大阪府,東大阪市,600万円以上 700万円未満,mobile/android,2026-09-05 14:10:26,9月,道の駅「恐竜渓谷かつやま」 エリア,26.道の駅「恐竜渓谷かつやま」 エリア,勝山市,勝山市・大野市,勝山市観光まちづくり(株),2泊,2泊,三国・あわらエリア（あわら市・坂井市）,福井県外には宿泊しない,小学生以下連れの家族,"テーマパーク（遊園地、動物園、博物館など）
",0,0,0,0,0,1,0,0,0,0,0,0,0,0,0,0,0,1,"自家用車
",1,0,0,0,0,0,0,"自家用車
",0,0,0,0,,,"5,000円以上 10,000円未満","3,000円以上 5,000円未満","10,000円以上 20,000円未満",初めて,"その他
",0,0,0,0,0,0,0,0,0,0,0,0,0,0,選択なし/該当施設なし,,選択なし/該当施設なし,"1,000円未満",とても満足,,とても満足,,感じなかった,,10,,,また行きたい（1年以内）,
207601,web,女,1993,33,30代,大阪府,東大阪市,"1,000万円以上 1,200万円未満",mobile/iphone,2026-09-05 14:03:29,9月,道の駅「禅の里」 エリア,35.道の駅「禅の里」 エリア,永平寺町,福井市・永平寺町,,日帰り,福井県内には宿泊しない,福井県内には宿泊しない,福井県外には宿泊しない,夫婦2人,"その他
",0,0,0,0,0,0,0,0,0,0,0,0,0,0,0,0,0,1,"自家用車
",1,0,0,0,0,0,0,"自家用車
",0,0,0,0,,,使わない,"1,000円以上 3,000円未満","3,000円以上 5,000円未満",初めて,"その他
",0,0,0,0,0,0,0,0,0,0,0,0,0,0,選択なし/該当施設なし,,選択なし/該当施設なし,"1,000円未満",とても満足,,とても満足,,感じなかった,,6,,,,
199026,web,女,1964,62,60代,京都府,京都市山科区,300万円以上 400万円未満,mobile/iphone,2026-09-05 13:57:32,9月,金ヶ崎 エリア,64.金ヶ崎 エリア,敦賀市,嶺南東部,,日帰り,福井県内には宿泊しない,福井県内には宿泊しない,京都府,夫婦2人,"その他
",0,0,0,0,0,0,0,0,0,0,0,0,0,0,0,0,0,0,"自家用車
",1,0,0,0,0,0,0,"自家用車
",0,0,0,0,満足,展示物があまり変わっていないので、ちょっと残念です,"10,000円以上 20,000円未満","3,000円以上 5,000円未満","10,000円以上 20,000円未満",11回目以上,"新聞・雑誌・ガイドブック
",0,1,0,0,0,0,0,0,0,0,0,0,0,0,敦賀鉄道資料館（旧敦賀港駅舎 ）,,氣比神宮,"10,000円以上 20,000円未満",満足,,満足,,感じなかった,,7,,複数回訪れたいような展示物をお願いします,また行きたい（1年以内）,敦賀に道の駅
191871,越前大野城・城下町 エリア,女,1970,56,50代,石川県,金沢市,分からない/無回答,mobile/android,2026-09-05 13:52:26,9月,北陸新幹線 越前たけふ駅 エリア,38.北陸新幹線 越前たけふ駅 エリア,越前市,丹南,,日帰り,福井県内には宿泊しない,福井県内には宿泊しない,福井県外には宿泊しない,夫婦2人,"お祭りやイベントへの参加・見物
まちあるき、都市散策
",0,0,0,0,0,0,0,1,0,0,1,0,0,0,0,0,0,通りかかった,"自家用車
在来線
",1,0,0,0,0,0,0,"自家用車
",0,0,0,0,,,使わない,"1,000円未満","3,000円以上 5,000円未満",初めて,"その他
",0,0,0,0,0,0,0,0,0,0,0,0,0,0,選択なし/該当施設なし,,道の駅「うみんぴあ大飯」,"1,000円以上 3,000円未満",満足,,満足,,感じなかった,,8,,,また行きたい（1年以内）,
207604,かつやま恐竜の森 エリア,男,1960,66,60代,東京都,新宿区,"1,500万円以上",mobile/iphone,2026-09-05 13:51:41,9月,かつやま恐竜の森 エリア,25.かつやま恐竜の森 エリア,勝山市,勝山市・大野市,勝山市観光まちづくり(株),日帰り,1泊,福井エリア（福井市・永平寺町）,石川県金沢市,夫婦2人,"宿でのんびり過ごす
温泉や露天風呂
地元の美味しいものを食べる
名所、旧跡の観光
テーマパーク（遊園地、動物園、博物館など）
",1,1,1,0,1,1,0,0,0,0,0,0,0,0,0,0,0,0,"飛行機
",0,1,0,0,1,0,0,"レンタカー
",0,0,0,0,とても満足,便利,"100,000円以上","100,000円以上","20,000円以上 30,000円未満",2～5回目,"観光連盟やDMOのHP
インターネット・アプリ
",0,0,0,0,1,1,0,0,0,0,0,0,0,0,大本山永平寺,,一乗谷朝倉氏遺跡,"1,000円未満",とても満足,恐竜そのもの,とても満足,珍しい体験,感じなかった,,10,永平寺での禅と歴史と恐竜をセットで楽しめる事,,また行きたい（1年以内）,東尋坊
207603,かつやま恐竜の森 エリア,女,1961,65,60代,東京都,新宿区,"1,500万円以上",mobile/iphone,2026-09-05 13:50:58,9月,かつやま恐竜の森 エリア,25.かつやま恐竜の森 エリア,勝山市,勝山市・大野市,勝山市観光まちづくり(株),1泊,1泊,奥越前エリア（勝山市・大野市）,福井県外には宿泊しない,夫婦2人,"温泉や露天風呂
名所、旧跡の観光
テーマパーク（遊園地、動物園、博物館など）
買い物、アウトレット
",0,1,0,0,1,1,1,0,0,0,0,0,0,0,0,0,0,0,"レンタカー
飛行機
",0,1,0,0,1,0,0,"レンタカー
",0,0,0,0,とても満足,,"100,000円以上",使わない,"100,000円以上",2～5回目,"TV・ラジオ番組やCM
",0,0,1,0,0,0,0,0,0,0,0,0,0,0,選択なし/該当施設なし,柴田勝家の墓,選択なし/該当施設なし,"3,000円以上 5,000円未満",とても満足,,とても満足,,感じなかった,,10,豪雨で大変だったかと思います。色々なところで消費して復興のお役に立ちたいと思います。,,また行きたい（1年以内）,
183515,web,男,1977,49,40代,石川県,金沢市,300万円以上 400万円未満,mobile/android,2026-09-05 13:50:57,9月,北陸新幹線 越前たけふ駅 エリア,38.北陸新幹線 越前たけふ駅 エリア,越前市,丹南,,日帰り,福井県内には宿泊しない,福井県内には宿泊しない,福井県外には宿泊しない,夫婦2人,"お祭りやイベントへの参加・見物
",0,0,0,0,0,0,0,1,0,0,0,0,0,0,0,0,0,通りすがり,"自家用車
在来線
",1,0,0,1,0,0,0,"自家用車
在来線
",0,0,0,0,満足,,"3,000円以上 5,000円未満","1,000円未満","3,000円以上 5,000円未満",初めて,"その他
",0,0,0,0,0,0,0,0,0,0,0,0,0,0,選択なし/該当施設なし,,道の駅「うみんぴあ大飯」,"1,000円以上 3,000円未満",満足,,満足,,感じなかった,,7,,,また行きたい（1年以内）,
103884,web,男,1963,63,60代,福井県,敦賀市,700万円以上 800万円未満,mobile/android,2026-09-05 13:43:45,9月,かにファクトリー 甲羅組 エリア,102.かにファクトリー 甲羅組 エリア,敦賀市,嶺南東部,,日帰り,1泊,三国・あわらエリア（あわら市・坂井市）,滋賀県,夫婦2人,"宿でのんびり過ごす
温泉や露天風呂
地元の美味しいものを食べる
",1,1,1,0,0,0,0,0,0,0,0,0,0,0,0,0,0,0,"自家用車
",1,0,0,0,0,0,0,"自家用車
",0,0,0,0,満足,高速から近い,"10,000円以上 20,000円未満","30,000円以上 40,000円未満","5,000円以上 10,000円未満",初めて,"新聞・雑誌・ガイドブック
TV・ラジオ番組やCM
観光パンフレット・ポスター
",0,1,1,1,0,0,0,0,0,0,0,0,0,0,敦賀赤レンガ倉庫,,氣比神宮,"1,000円以上 3,000円未満",どちらでもない,,どちらでもない,,感じなかった,,8,,,機会があれば行きたい,
198054,福井駅前 エリア,男,1981,45,40代,愛知県,名古屋市昭和区,"1,200万円以上 1,500万円未満",mobile/android,2026-09-05 13:38:55,9月,かつやま恐竜の森 エリア,25.かつやま恐竜の森 エリア,勝山市,勝山市・大野市,勝山市観光まちづくり(株),日帰り,福井県内には宿泊しない,福井県内には宿泊しない,福井県外には宿泊しない,小学生以下連れの家族,"地元の美味しいものを食べる
テーマパーク（遊園地、動物園、博物館など）
",0,0,1,0,0,1,0,0,0,0,0,0,0,0,0,0,0,0,"自家用車
新幹線
",1,0,1,0,0,0,0,"自家用車
",0,0,0,0,,,"30,000円以上 40,000円未満","10,000円以上 20,000円未満","30,000円以上 40,000円未満",初めて,"TV・ラジオ番組やCM
",0,0,1,0,0,0,0,0,0,0,0,0,0,0,選択なし/該当施設なし,,選択なし/該当施設なし,"30,000円以上 40,000円未満",とても満足,,とても満足,,感じなかった,,8,,,また行きたい（1年以内）,
207599,大本山 永平寺 エリア,男,1968,58,50代,東京都,台東区,500万円以上 600万円未満,mobile/android,2026-09-05 13:10:09,9月,大本山 永平寺 エリア,34.大本山 永平寺 エリア,永平寺町,福井市・永平寺町,,2泊,1泊,三国・あわらエリア（あわら市・坂井市）,石川県金沢市,夫婦2人,"宿でのんびり過ごす
温泉や露天風呂
地元の美味しいものを食べる
名所、旧跡の観光
まちあるき、都市散策
",1,1,1,0,1,0,0,0,0,0,1,0,0,0,0,0,0,0,"レンタカー
新幹線
",0,1,1,0,0,0,0,"レンタカー
",0,0,0,0,とても満足,,"20,000円以上 30,000円未満","20,000円以上 30,000円未満","10,000円以上 20,000円未満",2～5回目,"観光展・物産展
新聞・雑誌・ガイドブック
インターネット・アプリ
",1,1,0,0,0,1,0,0,0,0,0,0,0,0,越前大野城,,越前大野城,"10,000円以上 20,000円未満",とても満足,,とても満足,,感じなかった,,10,,,また行きたい（1年以内）,
207531,web,女,1963,63,60代,三重県,いなべ市,分からない/無回答,mobile/iphone,2026-09-05 13:09:31,9月,日本海さかな街 エリア,61.日本海さかな街 エリア,敦賀市,嶺南東部,,1泊,1泊,三国・あわらエリア（あわら市・坂井市）,福井県外には宿泊しない,夫婦2人,"温泉や露天風呂
",0,1,0,0,0,0,0,0,0,0,0,0,0,0,0,0,0,0,"自家用車
",1,0,0,0,0,0,0,"自家用車
",0,0,0,0,,,"10,000円以上 20,000円未満","10,000円以上 20,000円未満","10,000円以上 20,000円未満",初めて,"新聞・雑誌・ガイドブック
",0,1,0,0,0,0,0,0,0,0,0,0,0,0,選択なし/該当施設なし,,選択なし/該当施設なし,"1,000円以上 3,000円未満",満足,,満足,,感じなかった,,9,,,,
207594,かずら橋 エリア,男,1955,71,70代,岐阜県,羽島市,100万円未満,mobile/iphone,2026-09-05 12:55:01,9月,かずら橋 エリア,48.かずら橋 エリア,池田町,丹南,（一財）いけだ農村観光公社,日帰り,福井県内には宿泊しない,福井県内には宿泊しない,福井県外には宿泊しない,自分ひとり,"ドライブ・ツーリング
",0,0,0,0,0,0,0,0,0,0,0,0,0,0,1,0,0,0,"自家用車
",1,0,0,0,0,0,0,"自家用車
",0,0,0,0,,,使わない,"3,000円以上 5,000円未満","3,000円以上 5,000円未満",初めて,"新聞・雑誌・ガイドブック
",0,1,0,0,0,0,0,0,0,0,0,0,0,0,選択なし/該当施設なし,,選択なし/該当施設なし,"1,000円以上 3,000円未満",満足,,満足,,感じた,,8,,,機会があれば行きたい,
207596,web,女,1960,66,60代,愛知県,豊川市,500万円以上 600万円未満,mobile/iphone,2026-09-05 12:54:45,9月,日本海さかな街 エリア,61.日本海さかな街 エリア,敦賀市,嶺南東部,,日帰り,福井県内には宿泊しない,福井県内には宿泊しない,石川県金沢市,夫婦2人,"温泉や露天風呂
買い物、アウトレット
その他
",0,1,0,0,0,0,1,0,0,0,0,0,0,0,0,0,0,前から知ってた,"自家用車
",1,0,0,0,0,0,0,"自家用車
",0,0,0,0,満足,お店が減ってて寂しかった,使わない,"10,000円以上 20,000円未満","10,000円以上 20,000円未満",6～10回目,"その他
",0,0,0,0,0,0,0,0,0,0,0,0,0,0,選択なし/該当施設なし,ない,選択なし/該当施設なし,"10,000円以上 20,000円未満",満足,,どちらでもない,,感じなかった,,5,,,機会があれば行きたい,
207595,かにファクトリー 甲羅組 エリア,女,1966,60,60代,滋賀県,長浜市,500万円以上 600万円未満,mobile/iphone,2026-09-05 12:50:16,9月,かにファクトリー 甲羅組 エリア,102.かにファクトリー 甲羅組 エリア,敦賀市,嶺南東部,,日帰り,1泊,三国・あわらエリア（あわら市・坂井市）,石川県金沢市,その他家族,"宿でのんびり過ごす
",1,0,0,0,0,0,0,0,0,0,0,0,0,0,0,0,0,0,"自家用車
",1,0,0,0,0,0,0,"自家用車
",0,0,0,0,どちらでもない,,"20,000円以上 30,000円未満","10,000円以上 20,000円未満","10,000円以上 20,000円未満",初めて,"インターネット・アプリ
",0,0,0,0,0,1,0,0,0,0,0,0,0,0,越前大仏,,選択なし/該当施設なし,"5,000円以上 10,000円未満",どちらでもない,,満足,,感じなかった,,5,,,また行きたい（1年以内）,
207590,メガネストリート エリア,男,1958,68,60代,岐阜県,岐阜市,200万円以上 300万円未満,mobile/iphone,2026-09-05 12:46:17,9月,メガネストリート エリア,45.メガネストリート エリア,鯖江市,丹南,,1泊,1泊,三国・あわらエリア（あわら市・坂井市）,福井県外には宿泊しない,夫婦2人,"温泉や露天風呂
地元の美味しいものを食べる
花見や紅葉などの自然鑑賞
名所、旧跡の観光
",0,1,1,1,1,0,0,0,0,0,0,0,0,0,0,0,0,0,"自家用車
",1,0,0,0,0,0,0,"自家用車
",0,0,0,0,,,"20,000円以上 30,000円未満","10,000円以上 20,000円未満","10,000円以上 20,000円未満",初めて,"観光パンフレット・ポスター
インターネット・アプリ
",0,0,0,1,0,1,0,0,0,0,0,0,0,0,選択なし/該当施設なし,,選択なし/該当施設なし,使わない,どちらでもない,,どちらでもない,,感じなかった,,6,,,機会があれば行きたい,
207567,道の駅「若狭おばま」 エリア,女,1964,62,60代,兵庫県,神戸市東灘区,800万円以上 900万円未満,mobile/iphone,2026-09-05 12:42:35,9月,金ヶ崎 エリア,64.金ヶ崎 エリア,敦賀市,嶺南東部,,1泊,福井県内には宿泊しない,福井県内には宿泊しない,富山市,夫婦2人,"その他
",0,0,0,0,0,0,0,0,0,0,0,0,0,0,0,0,0,0,"自家用車
",1,0,0,0,0,0,0,"自家用車
",0,0,0,0,,,"1,000円以上 3,000円未満",使わない,"1,000円以上 3,000円未満",2～5回目,"インターネット・アプリ
",0,0,0,0,0,1,0,0,0,0,0,0,0,0,選択なし/該当施設なし,,選択なし/該当施設なし,"1,000円以上 3,000円未満",満足,,満足,,感じなかった,,8,,,また行きたい（1年以内）,
207587,かにファクトリー 甲羅組 エリア,男,1951,75,70代,静岡県,袋井市,200万円以上 300万円未満,mobile/android,2026-09-05 12:29:09,9月,かにファクトリー 甲羅組 エリア,102.かにファクトリー 甲羅組 エリア,敦賀市,嶺南東部,,2泊,1泊,嶺南エリア（敦賀市・美浜町・若狭町・小浜市・おおい町・高浜町）,石川県金沢市,自分ひとり,"温泉や露天風呂
お祭りやイベントへの参加・見物
",0,1,0,0,0,0,0,1,0,0,0,0,0,0,0,0,0,0,"自家用車
",1,0,0,0,0,0,0,"自家用車
",0,0,0,0,満足,,"5,000円以上 10,000円未満","20,000円以上 30,000円未満","10,000円以上 20,000円未満",初めて,"インターネット・アプリ
",0,0,0,0,0,1,0,0,0,0,0,0,0,0,氣比神宮,,劔神社,"5,000円以上 10,000円未満",満足,,満足,,感じなかった,,6,,,機会があれば行きたい,
207583,かつやま恐竜の森 エリア,女,1990,36,30代,愛知県,名古屋市東区,"1,200万円以上 1,500万円未満",mobile/iphone,2026-09-05 12:26:56,9月,かつやま恐竜の森 エリア,25.かつやま恐竜の森 エリア,勝山市,勝山市・大野市,勝山市観光まちづくり(株),1泊,1泊,福井エリア（福井市・永平寺町）,福井県外には宿泊しない,小学生以下連れの家族,"温泉や露天風呂
テーマパーク（遊園地、動物園、博物館など）
",0,1,0,0,0,1,0,0,0,0,0,0,0,0,0,0,0,0,"自家用車
",1,0,0,0,0,0,0,"自家用車
",0,0,0,0,,,"10,000円以上 20,000円未満","10,000円以上 20,000円未満","10,000円以上 20,000円未満",初めて,"インターネット・アプリ
Instagram
",0,0,0,0,0,1,0,1,0,0,0,0,0,0,福井県立恐竜博物館,,選択なし/該当施設なし,"1,000円以上 3,000円未満",とても満足,,とても満足,,感じなかった,,10,,,また行きたい（1年以内）,
194401,かずら橋 エリア,男,1962,64,60代,福井県,今立郡,200万円以上 300万円未満,mobile/iphone,2026-09-05 12:24:06,9月,かにファクトリー 甲羅組 エリア,102.かにファクトリー 甲羅組 エリア,敦賀市,嶺南東部,,日帰り,1泊,越前エリア（越前市・越前町・鯖江市・池田町・南越前町）,福井県外には宿泊しない,自分ひとり,"ドライブ・ツーリング
",0,0,0,0,0,0,0,0,0,0,0,0,0,0,1,0,0,0,"自家用車
",1,0,0,0,0,0,0,"自家用車
",0,0,0,0,満足,,"5,000円以上 10,000円未満","1,000円以上 3,000円未満","5,000円以上 10,000円未満",初めて,"新聞・雑誌・ガイドブック
",0,1,0,0,0,0,0,0,0,0,0,0,0,0,選択なし/該当施設なし,,選択なし/該当施設なし,"3,000円以上 5,000円未満",とても満足,,とても満足,,感じなかった,,10,,,福井県在住,
138287,web,女,1993,33,30代,岐阜県,岐阜市,300万円以上 400万円未満,mobile/android,2026-09-05 12:21:33,9月,若狭高浜 エリア,90.若狭高浜 エリア,高浜町,嶺南西部,,4泊以上,4泊以上,嶺南エリア（敦賀市・美浜町・若狭町・小浜市・おおい町・高浜町）,福井県外には宿泊しない,恋人,"まちあるき、都市散策
",0,0,0,0,0,0,0,0,0,0,1,0,0,0,0,0,0,0,"自家用車
",1,0,0,0,0,0,0,"自家用車
",0,0,0,0,,,"40,000円以上 50,000円未満","3,000円以上 5,000円未満","30,000円以上 40,000円未満",2～5回目,"友人・知人
",0,0,0,0,0,0,0,0,0,0,1,0,0,0,選択なし/該当施設なし,,選択なし/該当施設なし,"1,000円以上 3,000円未満",満足,,満足,,感じなかった,,10,,,,
107299,東尋坊 エリア,男,1988,38,30代,岐阜県,瑞穂市,"1,000万円以上 1,200万円未満",mobile/android,2026-09-05 12:20:26,9月,若狭高浜 エリア,90.若狭高浜 エリア,高浜町,嶺南西部,,4泊以上,4泊以上,嶺南エリア（敦賀市・美浜町・若狭町・小浜市・おおい町・高浜町）,福井県外には宿泊しない,恋人,"名所、旧跡の観光
",0,0,0,0,1,0,0,0,0,0,0,0,0,0,0,0,0,0,"自家用車
",1,0,0,0,0,0,0,"自家用車
",0,0,0,0,,,"40,000円以上 50,000円未満","10,000円以上 20,000円未満","20,000円以上 30,000円未満",2～5回目,"Twitter
",0,0,0,0,0,0,1,0,0,0,0,0,0,0,選択なし/該当施設なし,,選択なし/該当施設なし,"3,000円以上 5,000円未満",とても満足,,とても満足,,感じなかった,,10,,,,
189258,北陸新幹線 越前たけふ駅 エリア,女,1959,67,60代,富山県,砺波市,600万円以上 700万円未満,mobile/android,2026-09-05 12:07:47,9月,道の駅「越前おおの荒島の郷」 エリア,22.道の駅「越前おおの荒島の郷」 エリア,大野市,勝山市・大野市,,日帰り,福井県内には宿泊しない,福井県内には宿泊しない,福井県外には宿泊しない,夫婦2人,"買い物、アウトレット
",0,0,0,0,0,0,1,0,0,0,0,0,0,0,0,0,0,道中の買い物、トイレ休憩,"自家用車
",1,0,0,0,0,0,0,"自家用車
",0,0,0,0,,,"10,000円以上 20,000円未満","5,000円以上 10,000円未満","10,000円以上 20,000円未満",11回目以上,"Instagram
その他
",0,0,0,0,0,0,0,1,0,0,0,0,0,0,選択なし/該当施設なし,,九頭竜湖,"1,000円以上 3,000円未満",満足,"比較的新しくキレイ
品物が多い",満足,,感じた,以前飲食コーナーで舞茸唐揚げおにぎりを頼んだが、時間がかかりすぎた。一緒に頼んだお蕎麦完食してもまだできてなかった。更に塩くどかった,8,,,また行きたい（1年以内）,
207582,かにファクトリー 甲羅組 エリア,男,2004,22,20代,愛知県,東海市,100万円以上 200万円未満,mobile/android,2026-09-05 12:02:23,9月,かにファクトリー 甲羅組 エリア,102.かにファクトリー 甲羅組 エリア,敦賀市,嶺南東部,,日帰り,福井県内には宿泊しない,福井県内には宿泊しない,福井県外には宿泊しない,自分ひとり,"地元の美味しいものを食べる
買い物、アウトレット
各種体験（手作り、果物狩りなど）
その他
",0,0,1,0,0,0,1,0,0,0,0,1,0,0,0,0,0,0,"旅行会社ツアーバス
",0,0,0,0,0,1,0,"旅行会社ツアーバス
",0,0,0,0,満足,,"5,000円以上 10,000円未満","1,000円未満","5,000円以上 10,000円未満",2～5回目,"観光パンフレット・ポスター
",0,0,0,1,0,0,0,0,0,0,0,0,0,0,選択なし/該当施設なし,観光農園どんぐり山,選択なし/該当施設なし,"3,000円以上 5,000円未満",満足,,満足,,感じなかった,,7,,,機会があれば行きたい,
207580,金ヶ崎 エリア,男,1998,28,20代,滋賀県,長浜市,200万円以上 300万円未満,mobile/android,2026-09-05 11:54:54,9月,金ヶ崎 エリア,64.金ヶ崎 エリア,敦賀市,嶺南東部,,日帰り,福井県内には宿泊しない,福井県内には宿泊しない,福井県外には宿泊しない,夫婦2人,"まちあるき、都市散策
",0,0,0,0,0,0,0,0,0,0,1,0,0,0,0,0,0,0,"自家用車
",1,0,0,0,0,0,0,"自家用車
",0,0,0,0,とても満足,,"1,000円以上 3,000円未満","1,000円以上 3,000円未満","1,000円以上 3,000円未満",2～5回目,"観光展・物産展
TV・ラジオ番組やCM
",1,0,1,0,0,0,0,0,0,0,0,0,0,0,一乗谷朝倉氏遺跡,,敦賀赤レンガ倉庫,"1,000円以上 3,000円未満",とても満足,,とても満足,,感じなかった,,8,,,また行きたい（1年以内）,
207579,東尋坊 エリア,女,2003,23,20代,岡山県,倉敷市,100万円未満,mobile/iphone,2026-09-05 11:45:25,9月,東尋坊 エリア,10.東尋坊 エリア,坂井市,あわら市・坂井市,(一社)DMOさかい観光局,4泊以上,3泊,三国・あわらエリア（あわら市・坂井市）,富山県,親,"地元の美味しいものを食べる
テーマパーク（遊園地、動物園、博物館など）
",0,0,1,0,0,1,0,0,0,0,0,0,0,0,0,0,0,0,"自家用車
",1,0,0,0,0,0,0,"自家用車
",0,0,0,0,,,"40,000円以上 50,000円未満","20,000円以上 30,000円未満","10,000円以上 20,000円未満",初めて,"新聞・雑誌・ガイドブック
観光連盟やDMOのHP
",0,1,0,0,1,0,0,0,0,0,0,0,0,0,選択なし/該当施設なし,,福井県立恐竜博物館,"3,000円以上 5,000円未満",満足,,満足,,感じなかった,,7,,,機会があれば行きたい,
207551,道の駅「南えちぜん山海里」 エリア,女,1985,41,40代,東京都,杉並区,600万円以上 700万円未満,mobile/android,2026-09-05 11:44:42,9月,レインボーライン エリア,77.レインボーライン エリア,美浜町,嶺南東部,三方五湖DMO(株),3泊,3泊,奥越前エリア（勝山市・大野市）,福井県外には宿泊しない,小学生以下連れの家族,"テーマパーク（遊園地、動物園、博物館など）
",0,0,0,0,0,1,0,0,0,0,0,0,0,0,0,0,0,0,"レンタカー
",0,1,0,0,0,0,0,"レンタカー
",0,0,0,0,とても満足,レンタカーは小回りが聴いてとても快適でした。,"10,000円以上 20,000円未満","30,000円以上 40,000円未満","30,000円以上 40,000円未満",初めて,"Instagram
",0,0,0,0,0,0,0,1,0,0,0,0,0,0,道の駅「南えちぜん山海里」,,若狭和田ビーチ,"5,000円以上 10,000円未満",とても満足,天気がよく、とてもきれいに見えました。茶屋でのんびりしながらコーヒーを飲み、最高の景色が楽しめました。,とても満足,リフトの開放感が素晴らしかったです。,感じなかった,,10,湖と海が両方見えるところはなかなかないので。また、子供が虫がたくさんいて喜んでいました。,全員で景色をとる際に、スマホ置き場があるといいなと思いました。,機会があれば行きたい,地の物を使った、気軽に食べられるワンハンドのものがあるとたくさん食べられていいと思いました。
207578,大本山 永平寺 エリア,女,1996,30,30代,神奈川県,南足柄市,分からない/無回答,mobile/android,2026-09-05 11:39:57,9月,大本山 永平寺 エリア,34.大本山 永平寺 エリア,永平寺町,福井市・永平寺町,,1泊,1泊,福井エリア（福井市・永平寺町）,福井県外には宿泊しない,親,"名所、旧跡の観光
",0,0,0,0,1,0,0,0,0,0,0,0,0,0,0,0,0,0,"新幹線
",0,0,1,0,0,0,0,"タクシー
",1,0,0,0,満足,自分の好きな時間に移動できる,"10,000円以上 20,000円未満","20,000円以上 30,000円未満","5,000円以上 10,000円未満",初めて,"インターネット・アプリ
",0,0,0,0,0,1,0,0,0,0,0,0,0,0,大本山永平寺,彦根城,選択なし/該当施設なし,"1,000円以上 3,000円未満",とても満足,永平寺案内人の方にガイドをお願いしたが、とても良かったため。,満足,,感じた,坂が多い,8,魅力がいっぱいあるから。,そばが苦手な人もいるため、ホームページで飲食店を検討している時にうどんも併せて提供されているところが分かるとなお良いと思った,機会があれば行きたい,"魅力がありすぎて、関東地方から来るには一泊では足りないと感じた。
「連泊おすすめコース！」というような内容の特集がホームページ等で展開されるといいのではないか。"
153046,web,男,1973,53,50代,京都府,京都市西京区,400万円以上 500万円未満,pc/others,2026-09-05 11:33:21,9月,JR美浜駅 エリア,79.JR美浜駅 エリア,美浜町,嶺南東部,三方五湖DMO(株),日帰り,福井県内には宿泊しない,福井県内には宿泊しない,京都府,友人,"温泉や露天風呂
地元の美味しいものを食べる
花見や紅葉などの自然鑑賞
買い物、アウトレット
まちあるき、都市散策
ドライブ・ツーリング
",0,1,1,1,0,0,1,0,0,0,1,0,0,0,1,0,0,0,"自家用車
",1,0,0,0,0,0,0,"自家用車
",0,0,0,0,,空気がいい,"10,000円以上 20,000円未満","3,000円以上 5,000円未満","1,000円以上 3,000円未満",11回目以上,"インターネット・アプリ
",0,0,0,0,0,1,0,0,0,0,0,0,0,0,選択なし/該当施設なし,美浜原発,選択なし/該当施設なし,"1,000円以上 3,000円未満",とても満足,綺麗に整理されている,とても満足,落ち着いた雰囲気,感じなかった,特にない,10,,,また行きたい（1年以内）,
207577,三国湊 エリア,女,1992,34,30代,福井県,福井市,500万円以上 600万円未満,mobile/iphone,2026-09-05 11:28:28,9月,三国湊 エリア,09.三国湊 エリア,坂井市,あわら市・坂井市,(一社)DMOさかい観光局,日帰り,福井県内には宿泊しない,福井県内には宿泊しない,福井県外には宿泊しない,その他家族,"まちあるき、都市散策
",0,0,0,0,0,0,0,0,0,0,1,0,0,0,0,0,0,0,"自家用車
",1,0,0,0,0,0,0,"自家用車
",0,0,0,0,どちらでもない,,"1,000円以上 3,000円未満","1,000円未満","5,000円以上 10,000円未満",初めて,"インターネット・アプリ
",0,0,0,0,0,1,0,0,0,0,0,0,0,0,選択なし/該当施設なし,,選択なし/該当施設なし,"5,000円以上 10,000円未満",満足,,満足,,感じなかった,,6,,,また行きたい（1年以内）,
153045,web,女,1967,59,50代,京都府,京都市左京区,"1,000万円以上 1,200万円未満",mobile/android,2026-09-05 11:24:26,9月,JR美浜駅 エリア,79.JR美浜駅 エリア,美浜町,嶺南東部,三方五湖DMO(株),日帰り,福井県内には宿泊しない,福井県内には宿泊しない,福井県外には宿泊しない,友人,"地元の美味しいものを食べる
買い物、アウトレット
",0,0,1,0,0,0,1,0,0,0,0,0,0,0,0,0,0,0,"自家用車
",1,0,0,0,0,0,0,"自家用車
",0,0,0,0,とても満足,,"3,000円以上 5,000円未満","1,000円以上 3,000円未満","3,000円以上 5,000円未満",11回目以上,"インターネット・アプリ
",0,0,0,0,0,1,0,0,0,0,0,0,0,0,選択なし/該当施設なし,,選択なし/該当施設なし,"1,000円以上 3,000円未満",満足,,満足,,感じなかった,,6,,,,
207498,かにファクトリー 甲羅組 エリア,女,1988,38,30代,愛知県,春日井市,700万円以上 800万円未満,mobile/iphone,2026-09-05 11:20:23,9月,レインボーライン エリア,77.レインボーライン エリア,美浜町,嶺南東部,三方五湖DMO(株),2泊,2泊,嶺南エリア（敦賀市・美浜町・若狭町・小浜市・おおい町・高浜町）,福井県外には宿泊しない,小学生以下連れの家族,"テーマパーク（遊園地、動物園、博物館など）
",0,0,0,0,0,1,0,0,0,0,0,0,0,0,0,0,0,0,"自家用車
",1,0,0,0,0,0,0,"自家用車
",0,0,0,0,,,"20,000円以上 30,000円未満","5,000円以上 10,000円未満","5,000円以上 10,000円未満",初めて,"インターネット・アプリ
",0,0,0,0,0,1,0,0,0,0,0,0,0,0,選択なし/該当施設なし,,福井県海浜自然センター,"3,000円以上 5,000円未満",とても満足,,とても満足,,感じなかった,,9,,,また行きたい（1年以内）,
207574,web,男,1965,61,60代,石川県,かほく市,800万円以上 900万円未満,mobile/android,2026-09-05 11:17:23,9月,かずら橋 エリア,48.かずら橋 エリア,池田町,丹南,（一財）いけだ農村観光公社,日帰り,福井県内には宿泊しない,福井県内には宿泊しない,福井県外には宿泊しない,夫婦2人,"地元の美味しいものを食べる
ドライブ・ツーリング
",0,0,1,0,0,0,0,0,0,0,0,0,0,0,1,0,0,0,"自家用車
",1,0,0,0,0,0,0,"自家用車
",0,0,0,0,,,使わない,"3,000円以上 5,000円未満","5,000円以上 10,000円未満",初めて,"インターネット・アプリ
",0,0,0,0,0,1,0,0,0,0,0,0,0,0,福井駅,岐阜市内,選択なし/該当施設なし,"1,000円以上 3,000円未満",とても満足,蕎麦が絶品！,とても満足,建物も綺麗で庭も整備がされているから,感じなかった,,10,,,また行きたい（1年以内）,日本酒を飲む施設が増えたらうれしいです
207576,かつやま恐竜の森 エリア,男,2001,25,20代,福井県,敦賀市,200万円以上 300万円未満,mobile/android,2026-09-05 11:15:59,9月,かつやま恐竜の森 エリア,25.かつやま恐竜の森 エリア,勝山市,勝山市・大野市,勝山市観光まちづくり(株),日帰り,福井県内には宿泊しない,福井県内には宿泊しない,福井県外には宿泊しない,親,"テーマパーク（遊園地、動物園、博物館など）
",0,0,0,0,0,1,0,0,0,0,0,0,0,0,0,0,0,0,"自家用車
",1,0,0,0,0,0,0,"自家用車
",0,0,0,0,とても満足,,使わない,"1,000円以上 3,000円未満","5,000円以上 10,000円未満",6～10回目,"TV・ラジオ番組やCM
インターネット・アプリ
",0,0,1,0,0,1,0,0,0,0,0,0,0,0,道の駅「恐竜渓谷かつやま」,自宅もしくは南条SA,選択なし/該当施設なし,"3,000円以上 5,000円未満",とても満足,,とても満足,,感じた,,5,,,福井県在住,
207573,web,女,1974,52,50代,石川県,羽咋市,200万円以上 300万円未満,mobile/android,2026-09-05 11:15:23,9月,東尋坊 エリア,10.東尋坊 エリア,坂井市,あわら市・坂井市,(一社)DMOさかい観光局,1泊,1泊,三国・あわらエリア（あわら市・坂井市）,福井県外には宿泊しない,恋人,"友人・親戚を尋ねる
その他
",0,0,0,0,0,0,0,0,0,0,0,0,0,0,0,1,0,リピーター,"自家用車
",1,0,0,0,0,0,0,"自家用車
",0,0,0,0,,,"40,000円以上 50,000円未満","1,000円以上 3,000円未満","40,000円以上 50,000円未満",2～5回目,"その他
",0,0,0,0,0,0,0,0,0,0,0,0,0,0,選択なし/該当施設なし,,選択なし/該当施設なし,"3,000円以上 5,000円未満",満足,食事しながら、アンケート回答できる,とても不満,みんな親切,感じなかった,,8,景色,みやすくなっていた,機会があれば行きたい,また、来たいと思います
207493,web,男,1991,35,30代,大阪府,東大阪市,600万円以上 700万円未満,mobile/android,2026-09-05 10:57:11,9月,かつやま恐竜の森 エリア,25.かつやま恐竜の森 エリア,勝山市,勝山市・大野市,勝山市観光まちづくり(株),2泊,2泊,三国・あわらエリア（あわら市・坂井市）,福井県外には宿泊しない,小学生以下連れの家族,"宿でのんびり過ごす
地元の美味しいものを食べる
テーマパーク（遊園地、動物園、博物館など）
",1,0,1,0,0,1,0,0,0,0,0,0,0,0,0,0,0,1,"自家用車
",1,0,0,0,0,0,0,"自家用車
",0,0,0,0,とても満足,ありがとうございます,"5,000円以上 10,000円未満","3,000円以上 5,000円未満","10,000円以上 20,000円未満",初めて,"TV・ラジオ番組やCM
インターネット・アプリ
その他
",0,0,1,0,0,1,0,0,0,0,0,0,0,0,選択なし/該当施設なし,,選択なし/該当施設なし,"3,000円以上 5,000円未満",とても満足,,とても満足,,感じなかった,,10,,,また行きたい（1年以内）,
207508,かつやま恐竜の森 エリア,男,1965,61,60代,大阪府,大阪市淀川区,"1,000万円以上 1,200万円未満",mobile/android,2026-09-05 10:55:20,9月,ふくい鮮いちば エリア,05.ふくい鮮いちば エリア,福井市,福井市・永平寺町,,2泊,2泊,福井エリア（福井市・永平寺町）,福井県外には宿泊しない,夫婦2人,"スポーツ観戦や芸能鑑賞（コンサート等）
",0,0,0,0,0,0,0,0,1,0,0,0,0,0,0,0,0,0,"在来線
",0,0,0,0,0,0,0,"その他
",0,0,0,0,満足,無料がうれしい。,"20,000円以上 30,000円未満","10,000円以上 20,000円未満","40,000円以上 50,000円未満",初めて,"インターネット・アプリ
",0,0,0,0,0,1,0,0,0,0,0,0,0,0,選択なし/該当施設なし,トレタス,選択なし/該当施設なし,"10,000円以上 20,000円未満",満足,海鮮がいいですねー。,満足,飲食店の充実。,感じなかった,なし,9,福井の、新鮮海鮮,お酒類の充実,また行きたい（1年以内）,スタンプラリー
107299,東尋坊 エリア,男,1988,38,30代,岐阜県,瑞穂市,"1,000万円以上 1,200万円未満",mobile/android,2026-09-05 10:51:21,9月,若狭フィッシャーマンズワーフ エリア,70.若狭フィッシャーマンズワーフ エリア,小浜市,嶺南西部,(株)まちづくり小浜,4泊以上,4泊以上,嶺南エリア（敦賀市・美浜町・若狭町・小浜市・おおい町・高浜町）,福井県外には宿泊しない,恋人,"名所、旧跡の観光
",0,0,0,0,1,0,0,0,0,0,0,0,0,0,0,0,0,0,"自家用車
",1,0,0,0,0,0,0,"自家用車
",0,0,0,0,とても満足,,"40,000円以上 50,000円未満","10,000円以上 20,000円未満","20,000円以上 30,000円未満",2～5回目,"Twitter
",0,0,0,0,0,0,1,0,0,0,0,0,0,0,選択なし/該当施設なし,,選択なし/該当施設なし,"1,000円以上 3,000円未満",とても満足,,とても満足,,感じなかった,,10,,,,
137203,福井駅前 エリア,女,1990,36,30代,愛知県,名古屋市緑区,600万円以上 700万円未満,mobile/iphone,2026-09-05 10:51:10,9月,メガネストリート エリア,45.メガネストリート エリア,鯖江市,丹南,,2泊,2泊,越前エリア（越前市・越前町・鯖江市・池田町・南越前町）,福井県外には宿泊しない,小学生以下連れの家族,"名所、旧跡の観光
",0,0,0,0,1,0,0,0,0,0,0,0,0,0,0,0,0,0,"自家用車
",1,0,0,0,0,0,0,"自家用車
",0,0,0,0,満足,,"30,000円以上 40,000円未満","3,000円以上 5,000円未満","5,000円以上 10,000円未満",初めて,"Instagram
",0,0,0,0,0,0,0,1,0,0,0,0,0,0,選択なし/該当施設なし,,氣比神宮,"1,000円以上 3,000円未満",満足,,満足,,感じなかった,,6,,,機会があれば行きたい,
207572,大本山 永平寺 エリア,女,1989,37,30代,長崎県,長崎市,300万円以上 400万円未満,mobile/android,2026-09-05 10:46:31,9月,大本山 永平寺 エリア,34.大本山 永平寺 エリア,永平寺町,福井市・永平寺町,,2泊,2泊,福井エリア（福井市・永平寺町）,福井県外には宿泊しない,友人,"温泉や露天風呂
地元の美味しいものを食べる
",0,1,1,0,0,0,0,0,0,0,0,0,0,0,0,0,0,0,"新幹線
在来線
",0,1,1,0,0,0,0,"レンタカー
",0,0,0,0,とても満足,近くのパーキングが1日単位だったので、のんびり観光できた。,"20,000円以上 30,000円未満","20,000円以上 30,000円未満","10,000円以上 20,000円未満",初めて,"観光パンフレット・ポスター
",0,0,0,1,0,0,0,0,0,0,0,0,0,0,北の庄城址・柴田公園,福井市恐竜博物館,選択なし/該当施設なし,"1,000円以上 3,000円未満",とても満足,精進料理の胡麻豆腐がお土産に買えるから,とても満足,雰囲気が良かった。,感じなかった,,10,ご飯が美味しいし、外国人が少ないので静か。,,機会があれば行きたい,
207570,web,男,1998,28,20代,岐阜県,各務原市,600万円以上 700万円未満,mobile/iphone,2026-09-05 10:45:09,9月,かずら橋 エリア,48.かずら橋 エリア,池田町,丹南,（一財）いけだ農村観光公社,1泊,福井県内には宿泊しない,福井県内には宿泊しない,石川県加賀市,恋人,"地元の美味しいものを食べる
",0,0,1,0,0,0,0,0,0,0,0,0,0,0,0,0,0,0,"自家用車
",1,0,0,0,0,0,0,"自家用車
",0,0,0,0,,,"5,000円以上 10,000円未満","3,000円以上 5,000円未満","5,000円以上 10,000円未満",初めて,"観光展・物産展
",1,0,0,0,0,0,0,0,0,0,0,0,0,0,選択なし/該当施設なし,,選択なし/該当施設なし,"1,000円以上 3,000円未満",とても満足,,とても満足,,感じなかった,,10,,,,
207549,かにファクトリー 甲羅組 エリア,男,1988,38,30代,愛知県,名古屋市緑区,800万円以上 900万円未満,mobile/android,2026-09-05 10:40:48,9月,メガネストリート エリア,45.メガネストリート エリア,鯖江市,丹南,,2泊,2泊,越前エリア（越前市・越前町・鯖江市・池田町・南越前町）,福井県外には宿泊しない,小学生以下連れの家族,"テーマパーク（遊園地、動物園、博物館など）
",0,0,0,0,0,1,0,0,0,0,0,0,0,0,0,0,0,0,"自家用車
",1,0,0,0,0,0,0,"自家用車
",0,0,0,0,とても満足,,"10,000円以上 20,000円未満","5,000円以上 10,000円未満","20,000円以上 30,000円未満",初めて,"友人・知人
",0,0,0,0,0,0,0,0,0,0,1,0,0,0,選択なし/該当施設なし,鯖江駅,選択なし/該当施設なし,使わない,とても満足,メガネの歴史がよくわかった,とても満足,,感じなかった,,5,,,また行きたい（1年以内）,
207571,かずら橋 エリア,女,1999,27,20代,岐阜県,岐阜市,300万円以上 400万円未満,mobile/iphone,2026-09-05 10:39:55,9月,かずら橋 エリア,48.かずら橋 エリア,池田町,丹南,（一財）いけだ農村観光公社,1泊,福井県内には宿泊しない,福井県内には宿泊しない,石川県加賀市,恋人,"スポーツ観戦や芸能鑑賞（コンサート等）
",0,0,0,0,0,0,0,0,1,0,0,0,0,0,0,0,0,0,"自家用車
",1,0,0,0,0,0,0,"自家用車
",0,0,0,0,満足,,"5,000円以上 10,000円未満","1,000円以上 3,000円未満","1,000円以上 3,000円未満",初めて,"Instagram
",0,0,0,0,0,0,0,1,0,0,0,0,0,0,選択なし/該当施設なし,,選択なし/該当施設なし,使わない,どちらでもない,,満足,,感じなかった,,8,,,,
138287,web,女,1993,33,30代,岐阜県,岐阜市,300万円以上 400万円未満,mobile/android,2026-09-05 10:37:03,9月,若狭フィッシャーマンズワーフ エリア,70.若狭フィッシャーマンズワーフ エリア,小浜市,嶺南西部,(株)まちづくり小浜,4泊以上,4泊以上,嶺南エリア（敦賀市・美浜町・若狭町・小浜市・おおい町・高浜町）,福井県外には宿泊しない,恋人,"まちあるき、都市散策
",0,0,0,0,0,0,0,0,0,0,1,0,0,0,0,0,0,0,"自家用車
",1,0,0,0,0,0,0,"自家用車
",0,0,0,0,,,"40,000円以上 50,000円未満","3,000円以上 5,000円未満","30,000円以上 40,000円未満",2～5回目,"友人・知人
",0,0,0,0,0,0,0,0,0,0,1,0,0,0,選択なし/該当施設なし,,選択なし/該当施設なし,"1,000円以上 3,000円未満",とても満足,,満足,,感じなかった,,8,,,,
174263,小浜市まちの駅 エリア,男,1968,58,50代,福井県,敦賀市,200万円以上 300万円未満,mobile/android,2026-09-05 10:35:27,9月,レインボーライン エリア,77.レインボーライン エリア,美浜町,嶺南東部,三方五湖DMO(株),1泊,1泊,嶺南エリア（敦賀市・美浜町・若狭町・小浜市・おおい町・高浜町）,福井県外には宿泊しない,中学生以上連れの家族,"地元の美味しいものを食べる
名所、旧跡の観光
",0,0,1,0,1,0,0,0,0,0,0,0,0,0,0,0,0,0,"新幹線
",1,0,1,0,0,0,0,"自家用車
",0,0,0,0,,,"20,000円以上 30,000円未満","20,000円以上 30,000円未満","20,000円以上 30,000円未満",2～5回目,"TV・ラジオ番組やCM
",0,0,1,0,0,0,0,0,0,0,0,0,0,0,人道の港 敦賀ムゼウム,,氣比神宮,"5,000円以上 10,000円未満",どちらでもない,,どちらでもない,,感じなかった,,7,,,機会があれば行きたい,
207567,道の駅「若狭おばま」 エリア,女,1964,62,60代,兵庫県,神戸市東灘区,800万円以上 900万円未満,mobile/iphone,2026-09-05 10:21:11,9月,道の駅「若狭おばま」 エリア,68.道の駅「若狭おばま」 エリア,小浜市,嶺南西部,(株)まちづくり小浜,1泊,福井県内には宿泊しない,福井県内には宿泊しない,富山市,夫婦2人,"お祭りやイベントへの参加・見物
その他
",0,0,0,0,0,0,0,1,0,0,0,0,0,0,0,0,0,0,"自家用車
",1,0,0,0,0,0,0,"自家用車
",0,0,0,0,,,"1,000円以上 3,000円未満",使わない,"1,000円以上 3,000円未満",11回目以上,"観光パンフレット・ポスター
インターネット・アプリ
",0,0,0,1,0,1,0,0,0,0,0,0,0,0,熊川宿,金ヶ崎城,選択なし/該当施設なし,"1,000円以上 3,000円未満",満足,オシャレな商品が沢山ある,満足,,感じなかった,,8,,,また行きたい（1年以内）,
207566,道の駅「若狭おばま」 エリア,男,1965,61,60代,兵庫県,神戸市東灘区,800万円以上 900万円未満,mobile/iphone,2026-09-05 10:18:23,9月,道の駅「若狭おばま」 エリア,68.道の駅「若狭おばま」 エリア,小浜市,嶺南西部,(株)まちづくり小浜,1泊,福井県内には宿泊しない,福井県内には宿泊しない,福井県外には宿泊しない,夫婦2人,"その他
",0,0,0,0,0,0,0,0,0,0,0,0,0,0,0,0,0,お国じまんスタンプラリー,"自家用車
",1,0,0,0,0,0,0,"自家用車
",0,0,0,0,,,使わない,使わない,"1,000円未満",2～5回目,"その他
",0,0,0,0,0,0,0,0,0,0,0,0,0,0,選択なし/該当施設なし,金ヶ崎城址,選択なし/該当施設なし,"1,000円未満",満足,,満足,,感じなかった,,5,,,また行きたい（1年以内）,
113962,道の駅「シーサイド高浜」 エリア,女,1993,33,30代,京都府,舞鶴市,分からない/無回答,mobile/android,2026-09-05 09:54:48,9月,道の駅「若狭おばま」 エリア,68.道の駅「若狭おばま」 エリア,小浜市,嶺南西部,(株)まちづくり小浜,2泊,2泊,三国・あわらエリア（あわら市・坂井市）,福井県外には宿泊しない,小学生以下連れの家族,"地元の美味しいものを食べる
テーマパーク（遊園地、動物園、博物館など）
",0,0,1,0,0,1,0,0,0,0,0,0,0,0,0,0,0,0,"自家用車
",1,0,0,0,0,0,0,"自家用車
",0,0,0,0,,,"30,000円以上 40,000円未満","5,000円以上 10,000円未満","5,000円以上 10,000円未満",11回目以上,"新聞・雑誌・ガイドブック
",0,1,0,0,0,0,0,0,0,0,0,0,0,0,選択なし/該当施設なし,,選択なし/該当施設なし,"1,000円未満",とても満足,,とても満足,,感じなかった,,10,,,また行きたい（1年以内）,
139296,web,無回答,1967,59,50代,石川県,白山市,分からない/無回答,mobile/iphone,2026-09-05 09:49:21,9月,まちの駅 こってコテいけだ エリア,47.まちの駅 こってコテいけだ エリア,池田町,丹南,（一財）いけだ農村観光公社,日帰り,福井県内には宿泊しない,福井県内には宿泊しない,福井県外には宿泊しない,夫婦2人,"ドライブ・ツーリング
",0,0,0,0,0,0,0,0,0,0,0,0,0,0,1,0,0,通り道,"自家用車
",1,0,0,0,0,0,0,"自家用車
",0,0,0,0,満足,,使わない,"3,000円以上 5,000円未満","3,000円以上 5,000円未満",6～10回目,"その他
",0,0,0,0,0,0,0,0,0,0,0,0,0,0,選択なし/該当施設なし,,選択なし/該当施設なし,"1,000円以上 3,000円未満",満足,,満足,,感じなかった,,7,,,機会があれば行きたい,
207564,web,女,1983,43,40代,兵庫県,姫路市,分からない/無回答,mobile/iphone,2026-09-05 09:43:01,9月,道の駅みくに ふれあいパーク三里浜 エリア,15.道の駅みくに ふれあいパーク三里浜 エリア,坂井市,あわら市・坂井市,(一社)DMOさかい観光局,1泊,1泊,三国・あわらエリア（あわら市・坂井市）,福井県外には宿泊しない,その他家族,"宿でのんびり過ごす
地元の美味しいものを食べる
名所、旧跡の観光
テーマパーク（遊園地、動物園、博物館など）
",1,0,1,0,1,1,0,0,0,0,0,0,0,0,0,0,0,0,"自家用車
",1,0,0,0,0,0,0,"自家用車
",0,0,0,0,満足,,"100,000円以上","30,000円以上 40,000円未満","20,000円以上 30,000円未満",初めて,"インターネット・アプリ
",0,0,0,0,0,1,0,0,0,0,0,0,0,0,選択なし/該当施設なし,,選択なし/該当施設なし,"10,000円以上 20,000円未満",満足,,満足,,感じなかった,,8,,,機会があれば行きたい,
207498,かにファクトリー 甲羅組 エリア,女,1988,38,30代,愛知県,春日井市,700万円以上 800万円未満,mobile/iphone,2026-09-05 09:17:12,9月,三方五湖ネイチャークルーズ エリア,75.三方五湖ネイチャークルーズ エリア,美浜町,嶺南東部,三方五湖DMO(株),2泊,2泊,嶺南エリア（敦賀市・美浜町・若狭町・小浜市・おおい町・高浜町）,福井県外には宿泊しない,小学生以下連れの家族,"テーマパーク（遊園地、動物園、博物館など）
",0,0,0,0,0,1,0,0,0,0,0,0,0,0,0,0,0,0,"自家用車
",1,0,0,0,0,0,0,"自家用車
",0,0,0,0,,,"20,000円以上 30,000円未満","5,000円以上 10,000円未満","5,000円以上 10,000円未満",初めて,"インターネット・アプリ
",0,0,0,0,0,1,0,0,0,0,0,0,0,0,選択なし/該当施設なし,,レインボーライン,"3,000円以上 5,000円未満",とても満足,,とても満足,,感じなかった,,9,,,また行きたい（1年以内）,
203612,越前海岸 北部 エリア,男,1963,63,60代,長野県,長野市,200万円以上 300万円未満,mobile/android,2026-09-05 08:21:01,9月,越前松島水族館 エリア,11.越前松島水族館 エリア,坂井市,あわら市・坂井市,(一社)DMOさかい観光局,1泊,1泊,三国・あわらエリア（あわら市・坂井市）,福井県外には宿泊しない,夫婦2人,"宿でのんびり過ごす
温泉や露天風呂
",1,1,0,0,0,0,0,0,0,0,0,0,0,0,0,0,0,0,"自家用車
",1,0,0,0,0,0,0,"自家用車
",0,0,0,0,とても満足,自由度,"20,000円以上 30,000円未満","10,000円以上 20,000円未満","10,000円以上 20,000円未満",2～5回目,"宿泊施設
",0,0,0,0,0,0,0,0,0,0,0,0,0,1,越前大野城,,選択なし/該当施設なし,"3,000円以上 5,000円未満",満足,,満足,,感じなかった,,8,,,機会があれば行きたい,
207560,北陸新幹線 越前たけふ駅 エリア,女,1959,67,60代,大阪府,東大阪市,700万円以上 800万円未満,mobile/iphone,2026-09-05 07:32:52,9月,北陸新幹線 越前たけふ駅 エリア,38.北陸新幹線 越前たけふ駅 エリア,越前市,丹南,,2泊,1泊,越前エリア（越前市・越前町・鯖江市・池田町・南越前町）,岐阜県,恋人,"名所、旧跡の観光
お祭りやイベントへの参加・見物
",0,0,0,0,1,0,0,1,0,0,0,0,0,0,0,0,0,0,"自家用車
",1,0,0,0,0,0,0,"自家用車
",0,0,0,0,,,"5,000円以上 10,000円未満","10,000円以上 20,000円未満","5,000円以上 10,000円未満",初めて,"インターネット・アプリ
",0,0,0,0,0,1,0,0,0,0,0,0,0,0,越前そばの里,,越前和紙の里,"5,000円以上 10,000円未満",どちらでもない,,どちらでもない,,感じなかった,,5,,,機会があれば行きたい,
107299,東尋坊 エリア,男,1988,38,30代,岐阜県,瑞穂市,"1,000万円以上 1,200万円未満",mobile/android,2026-09-05 07:19:56,9月,小浜市 阿納 エリア,67.小浜市 阿納 エリア,小浜市,嶺南西部,(株)まちづくり小浜,4泊以上,4泊以上,嶺南エリア（敦賀市・美浜町・若狭町・小浜市・おおい町・高浜町）,福井県外には宿泊しない,恋人,"名所、旧跡の観光
",0,0,0,0,1,0,0,0,0,0,0,0,0,0,0,0,0,0,"自家用車
",1,0,0,0,0,0,0,"自家用車
",0,0,0,0,とても満足,,"40,000円以上 50,000円未満","10,000円以上 20,000円未満","20,000円以上 30,000円未満",2～5回目,"Twitter
",0,0,0,0,0,0,1,0,0,0,0,0,0,0,選択なし/該当施設なし,,選択なし/該当施設なし,"10,000円以上 20,000円未満",とても満足,,とても満足,,感じなかった,,10,,,,
138287,web,女,1993,33,30代,岐阜県,岐阜市,300万円以上 400万円未満,mobile/android,2026-09-05 07:17:40,9月,小浜市 阿納 エリア,67.小浜市 阿納 エリア,小浜市,嶺南西部,(株)まちづくり小浜,4泊以上,4泊以上,嶺南エリア（敦賀市・美浜町・若狭町・小浜市・おおい町・高浜町）,福井県外には宿泊しない,恋人,"まちあるき、都市散策
",0,0,0,0,0,0,0,0,0,0,1,0,0,0,0,0,0,0,"自家用車
",1,0,0,0,0,0,0,"自家用車
",0,0,0,0,,,"40,000円以上 50,000円未満","3,000円以上 5,000円未満","30,000円以上 40,000円未満",2～5回目,"友人・知人
",0,0,0,0,0,0,0,0,0,0,1,0,0,0,選択なし/該当施設なし,,選択なし/該当施設なし,"10,000円以上 20,000円未満",とても満足,,とても満足,,感じなかった,,8,,,,
109496,道の駅「パークイン丹生ヶ丘」 エリア,女,1967,59,50代,京都府,京都市伏見区,400万円以上 500万円未満,mobile/android,2026-09-05 06:56:46,9月,かずら橋 エリア,48.かずら橋 エリア,池田町,丹南,（一財）いけだ農村観光公社,1泊,1泊,越前エリア（越前市・越前町・鯖江市・池田町・南越前町）,福井県外には宿泊しない,恋人,"温泉や露天風呂
買い物、アウトレット
",0,1,0,0,0,0,1,0,0,0,0,0,0,0,0,0,0,0,"自家用車
",1,0,0,0,0,0,0,"自家用車
",0,0,0,0,,,"10,000円以上 20,000円未満","1,000円以上 3,000円未満","5,000円以上 10,000円未満",6～10回目,"インターネット・アプリ
宿泊施設
",0,0,0,0,0,1,0,0,0,0,0,0,0,1,選択なし/該当施設なし,バロー,選択なし/該当施設なし,"1,000円未満",満足,,満足,,感じなかった,,8,宿周りに何も無い以外は完璧,,また行きたい（1年以内）,
207559,web,男,1960,66,60代,栃木県,佐野市,500万円以上 600万円未満,mobile/android,2026-09-05 06:51:08,9月,越前松島水族館 エリア,11.越前松島水族館 エリア,坂井市,あわら市・坂井市,(一社)DMOさかい観光局,2泊,2泊,三国・あわらエリア（あわら市・坂井市）,福井県外には宿泊しない,夫婦2人,"名所、旧跡の観光
",0,0,0,0,1,0,0,0,0,0,0,0,0,0,0,0,0,0,"自家用車
",1,0,0,0,0,0,0,"自家用車
",0,0,0,0,,,"40,000円以上 50,000円未満","30,000円以上 40,000円未満","50,000円以上 100,000円未満",初めて,"TV・ラジオ番組やCM
",0,0,1,0,0,0,0,0,0,0,0,0,0,0,選択なし/該当施設なし,,選択なし/該当施設なし,"10,000円以上 20,000円未満",満足,,満足,,感じなかった,,8,,,,
145788,web,男,2001,25,20代,愛知県,安城市,600万円以上 700万円未満,mobile/iphone,2026-09-05 02:30:04,9月,一乗谷朝倉氏遺跡 エリア,06.一乗谷朝倉氏遺跡 エリア,福井市,福井市・永平寺町,,2泊,2泊,福井エリア（福井市・永平寺町）,福井県外には宿泊しない,中学生以上連れの家族,"温泉や露天風呂
",0,1,0,0,0,0,0,0,0,0,0,0,0,0,0,0,0,0,"自家用車
",1,0,0,0,0,0,0,"自家用車
",0,0,0,0,,,"30,000円以上 40,000円未満","10,000円以上 20,000円未満","40,000円以上 50,000円未満",2～5回目,"観光パンフレット・ポスター
",0,0,0,1,0,0,0,0,0,0,0,0,0,0,選択なし/該当施設なし,,選択なし/該当施設なし,"20,000円以上 30,000円未満",満足,,とても満足,,感じなかった,,10,,,また行きたい（1年以内）,
145788,web,男,2001,25,20代,愛知県,安城市,600万円以上 700万円未満,mobile/iphone,2026-09-05 02:29:20,9月,道の駅「南えちぜん山海里」 エリア,58.道の駅「南えちぜん山海里」 エリア,南越前町,丹南,,2泊,2泊,福井エリア（福井市・永平寺町）,福井県外には宿泊しない,中学生以上連れの家族,"温泉や露天風呂
",0,1,0,0,0,0,0,0,0,0,0,0,0,0,0,0,0,0,"自家用車
",1,0,0,0,0,0,0,"自家用車
",0,0,0,0,とても満足,,"30,000円以上 40,000円未満","10,000円以上 20,000円未満","40,000円以上 50,000円未満",2～5回目,"観光展・物産展
観光パンフレット・ポスター
",1,0,0,1,0,0,0,0,0,0,0,0,0,0,一乗谷朝倉氏遺跡,,選択なし/該当施設なし,"20,000円以上 30,000円未満",とても満足,,とても満足,,感じた,,10,,,また行きたい（1年以内）,
207544,かつやま恐竜の森 エリア,女,1973,53,50代,大阪府,大阪市東淀川区,600万円以上 700万円未満,mobile/iphone,2026-09-05 00:51:01,9月,かつやま恐竜の森 エリア,25.かつやま恐竜の森 エリア,勝山市,勝山市・大野市,勝山市観光まちづくり(株),2泊,1泊,三国・あわらエリア（あわら市・坂井市）,滋賀県,中学生以上連れの家族,"テーマパーク（遊園地、動物園、博物館など）
",0,0,0,0,0,1,0,0,0,0,0,0,0,0,0,0,0,0,"自家用車
",1,0,0,0,0,0,0,"自家用車
",0,0,0,0,どちらでもない,,"10,000円以上 20,000円未満","10,000円以上 20,000円未満","30,000円以上 40,000円未満",初めて,"インターネット・アプリ
",0,0,0,0,0,1,0,0,0,0,0,0,0,0,福井県立恐竜博物館,,選択なし/該当施設なし,"5,000円以上 10,000円未満",とても満足,,とても満足,,感じなかった,,10,,,機会があれば行きたい,
207682,JR美浜駅 エリア,女,2002,24,20代,埼玉県,川越市,600万円以上 700万円未満,mobile/iphone,2026-09-06 21:56:17,9月,JR美浜駅 エリア,79.JR美浜駅 エリア,美浜町,嶺南東部,三方五湖DMO(株),3泊,2泊,福井エリア（福井市・永平寺町）,石川県金沢市,恋人,"地元の美味しいものを食べる
名所、旧跡の観光
テーマパーク（遊園地、動物園、博物館など）
まちあるき、都市散策
",0,0,1,0,1,1,0,0,0,0,1,0,0,0,0,0,0,0,"自家用車
",1,0,0,0,0,0,0,"自家用車
",0,0,0,0,どちらでもない,自家用車で来たため公共交通機関は利用しておりません。誤って選択してしまいました。申し訳ありません！,"5,000円以上 10,000円未満","20,000円以上 30,000円未満","30,000円以上 40,000円未満",初めて,"新聞・雑誌・ガイドブック
TV・ラジオ番組やCM
インターネット・アプリ
Twitter
Instagram
友人・知人
宿泊施設
",0,1,1,0,0,1,1,1,0,0,1,0,0,1,三方五湖,,福井県立恐竜博物館,"3,000円以上 5,000円未満",とても満足,福井県の商品がたくさん並べられていてとても楽しかったです。訪れた時間が閉店間際なのもあり実際の購入には至りませんでしたので、次回は余裕を持って伺いたいと思います！,とても満足,"公共交通機関の利用はありませんでしたが、道の駅に伺いたく美浜駅まで向かいました。
全体的に明るく整備された空間に、24時間利用可能(?)なお手洗いもあり、地域住民のみならず観光できた者にも優しい駅だなと思いました。",感じなかった,,10,"圧倒的に人の優しさや温かさかと思います！
観光で訪れた場所はどこも丁寧なご対応をしてくださり、湖を回る遊覧船では出発時にみなさん総出で手を振ってくださりなんて温かい街なのだろうと感激いたしました。温かい人たちで作り上げられた街は、至る所にぬくもりが感じられるような、時の流れがゆったりとしていました。
青々とした木々に澄んだ空気、今まで見たことがないほどの言葉通りの「満点の星空」にも感動したので、次回は友人を連れてきてグランピングしたいと思います！",上記項目にかなりまとめてしまったのですが、全体的に大満足でした！とっても素敵な経験が出来、福井に来て良かったと心から感じています。,また行きたい（1年以内）,
207681,JR美浜駅 エリア,男,2000,26,20代,埼玉県,川越市,800万円以上 900万円未満,mobile/iphone,2026-09-06 21:47:00,9月,JR美浜駅 エリア,79.JR美浜駅 エリア,美浜町,嶺南東部,三方五湖DMO(株),3泊,2泊,嶺南エリア（敦賀市・美浜町・若狭町・小浜市・おおい町・高浜町）,石川県金沢市,恋人,"地元の美味しいものを食べる
名所、旧跡の観光
テーマパーク（遊園地、動物園、博物館など）
買い物、アウトレット
アウトドア（海水浴、釣り、登山など）
まちあるき、都市散策
その他
",0,0,1,0,1,1,1,0,0,1,1,0,0,0,0,0,0,平岡海月さんのブログ、YouTube,"自家用車
",1,0,0,0,0,0,0,"自家用車
",0,0,0,0,とても満足,,"20,000円以上 30,000円未満","30,000円以上 40,000円未満","10,000円以上 20,000円未満",2～5回目,"観光パンフレット・ポスター
観光連盟やDMOのHP
インターネット・アプリ
Instagram
その他
",0,0,0,1,1,1,0,1,0,0,0,0,0,0,若狭たかはま エルどらんど,,福井県こども家族館,"5,000円以上 10,000円未満",とても満足,とにかく人がお優しく、従業員の方やスタッフの方が丁寧で心優しい接客をしてくださったため,とても満足,同上,感じなかった,,10,ご飯も美味しく、景色も綺麗で、更に人もお優しいため、積極的に薦めたいです。,,また行きたい（1年以内）,
207680,web,女,1960,66,60代,神奈川県,川崎市幸区,400万円以上 500万円未満,mobile/android,2026-09-06 21:38:42,9月,タケフナイフビレッジ エリア,39.タケフナイフビレッジ エリア,越前市,丹南,,2泊,福井県内には宿泊しない,福井県内には宿泊しない,石川県小松市,夫婦2人,"名所、旧跡の観光
",0,0,0,0,1,0,0,0,0,0,0,0,0,0,0,0,0,0,"旅行会社ツアーバス
",0,0,0,0,0,1,0,"旅行会社ツアーバス
",0,0,0,0,満足,駐車場が近くて楽,使わない,"30,000円以上 40,000円未満","5,000円以上 10,000円未満",初めて,"観光パンフレット・ポスター
",0,0,0,1,0,0,0,0,0,0,0,0,0,0,越前大仏,,東尋坊,"1,000円以上 3,000円未満",満足,,どちらでもない,,感じなかった,,4,,,機会があれば行きたい,
201732,名田庄 エリア,女,1970,56,50代,京都府,京都市山科区,100万円未満,mobile/android,2026-09-06 20:55:04,9月,かつやま恐竜の森 エリア,25.かつやま恐竜の森 エリア,勝山市,勝山市・大野市,勝山市観光まちづくり(株),1泊,1泊,福井エリア（福井市・永平寺町）,福井県外には宿泊しない,夫婦2人,"温泉や露天風呂
地元の美味しいものを食べる
名所、旧跡の観光
",0,1,1,0,1,0,0,0,0,0,0,0,0,0,0,0,0,0,"自家用車
",1,0,0,0,0,0,0,"自家用車
",0,0,0,0,とても満足,,"5,000円以上 10,000円未満",使わない,"5,000円以上 10,000円未満",初めて,"インターネット・アプリ
",0,0,0,0,0,1,0,0,0,0,0,0,0,0,選択なし/該当施設なし,,選択なし/該当施設なし,"1,000円以上 3,000円未満",とても満足,,とても満足,,感じなかった,,10,,,また行きたい（1年以内）,
207679,三国湊 エリア,女,1967,59,50代,愛知県,豊橋市,500万円以上 600万円未満,mobile/iphone,2026-09-06 20:28:47,9月,三国湊 エリア,09.三国湊 エリア,坂井市,あわら市・坂井市,(一社)DMOさかい観光局,1泊,1泊,三国・あわらエリア（あわら市・坂井市）,福井県外には宿泊しない,その他家族,"その他
",0,0,0,0,0,0,0,0,0,0,0,0,0,0,0,0,0,0,"旅行会社ツアーバス
",1,0,0,0,0,0,0,"自家用車
",0,0,0,0,,,"10,000円以上 20,000円未満","10,000円以上 20,000円未満","5,000円以上 10,000円未満",2～5回目,"友人・知人
",0,0,0,0,0,0,0,0,0,0,1,0,0,0,大本山永平寺,,福井県立恐竜博物館,"5,000円以上 10,000円未満",満足,,とても満足,,感じなかった,,10,,,機会があれば行きたい,
122696,かずら橋 エリア,男,1980,46,40代,大阪府,泉大津市,分からない/無回答,mobile/android,2026-09-06 19:54:58,9月,かつやま恐竜の森 エリア,25.かつやま恐竜の森 エリア,勝山市,勝山市・大野市,勝山市観光まちづくり(株),1泊,1泊,福井エリア（福井市・永平寺町）,福井県外には宿泊しない,夫婦2人,"テーマパーク（遊園地、動物園、博物館など）
",0,0,0,0,0,1,0,0,0,0,0,0,0,0,0,0,0,妻,"自家用車
",1,0,0,0,0,0,0,"自家用車
",0,0,0,0,,,"10,000円以上 20,000円未満","5,000円以上 10,000円未満","5,000円以上 10,000円未満",6～10回目,"その他
",0,0,0,0,0,0,0,0,0,0,0,0,0,0,選択なし/該当施設なし,,スキージャム勝山,"1,000円未満",満足,,満足,,感じなかった,,6,ジャムテラスのリフトとハンモック,,また行きたい（1年以内）,8番ラーメンを大阪に！
122694,web,女,1983,43,40代,大阪府,泉大津市,200万円以上 300万円未満,mobile/android,2026-09-06 19:52:58,9月,福井駅前 エリア（宿泊施設）,02.福井駅前 エリア（宿泊施設）,福井市,福井市・永平寺町,,1泊,1泊,福井エリア（福井市・永平寺町）,福井県外には宿泊しない,夫婦2人,"テーマパーク（遊園地、動物園、博物館など）
",0,0,0,0,0,1,0,0,0,0,0,0,0,0,0,0,0,0,"自家用車
",1,0,0,0,0,0,0,"自家用車
",0,0,0,0,,,"10,000円以上 20,000円未満","10,000円以上 20,000円未満","20,000円以上 30,000円未満",6～10回目,"観光協会等の案内所
",0,0,0,0,0,0,0,0,0,0,0,1,0,0,選択なし/該当施設なし,,選択なし/該当施設なし,"1,000円以上 3,000円未満",とても満足,コンビニが多く、便利でした。,とても満足,24時間コーヒマシンを設置していただいていて、とてもありがたかったです。,感じなかった,,10,JAMテラスのリフトがスリル満点で最高でした！,お店がたくさんあり、とても便利に感じました。,また行きたい（1年以内）,アイドルタイムのない飲食店が欲しいです。
122696,かずら橋 エリア,男,1980,46,40代,大阪府,泉大津市,分からない/無回答,mobile/android,2026-09-06 19:51:13,9月,福井駅前 エリア（宿泊施設）,02.福井駅前 エリア（宿泊施設）,福井市,福井市・永平寺町,,1泊,1泊,福井エリア（福井市・永平寺町）,福井県外には宿泊しない,夫婦2人,"テーマパーク（遊園地、動物園、博物館など）
",0,0,0,0,0,1,0,0,0,0,0,0,0,0,0,0,0,妻,"自家用車
",1,0,0,0,0,0,0,"自家用車
",0,0,0,0,,,"10,000円以上 20,000円未満","5,000円以上 10,000円未満","5,000円以上 10,000円未満",6～10回目,"その他
",0,0,0,0,0,0,0,0,0,0,0,0,0,0,選択なし/該当施設なし,,選択なし/該当施設なし,"1,000円以上 3,000円未満",満足,,満足,,感じなかった,,6,ウェルカムドリンクが24時間だぞ！,,また行きたい（1年以内）,8番ラーメンを大阪に！
122694,web,女,1983,43,40代,大阪府,泉大津市,200万円以上 300万円未満,mobile/android,2026-09-06 19:48:01,9月,かつやま恐竜の森 エリア,25.かつやま恐竜の森 エリア,勝山市,勝山市・大野市,勝山市観光まちづくり(株),1泊,1泊,福井エリア（福井市・永平寺町）,福井県外には宿泊しない,夫婦2人,"テーマパーク（遊園地、動物園、博物館など）
",0,0,0,0,0,1,0,0,0,0,0,0,0,0,0,0,0,0,"自家用車
",1,0,0,0,0,0,0,"自家用車
",0,0,0,0,,,"10,000円以上 20,000円未満","10,000円以上 20,000円未満","20,000円以上 30,000円未満",6～10回目,"観光協会等の案内所
",0,0,0,0,0,0,0,0,0,0,0,1,0,0,選択なし/該当施設なし,イトヨの里,選択なし/該当施設なし,使わない,とても満足,,とても満足,,感じなかった,,10,JAMテラスのリフトがスリル満点でオススメ。,福井の名物が食べられるファミレスみたいな飲食店が欲しいと思いました。,また行きたい（1年以内）,ランチの時間が短いので、アイドルタイムのない飲食店が欲しいと思いました。
122696,かずら橋 エリア,男,1980,46,40代,大阪府,泉大津市,分からない/無回答,mobile/android,2026-09-06 19:47:30,9月,かにファクトリー 甲羅組 エリア,102.かにファクトリー 甲羅組 エリア,敦賀市,嶺南東部,,1泊,1泊,福井エリア（福井市・永平寺町）,福井県外には宿泊しない,夫婦2人,"名所、旧跡の観光
テーマパーク（遊園地、動物園、博物館など）
",0,0,0,0,1,1,0,0,0,0,0,0,0,0,0,0,0,妻,"自家用車
",1,0,0,0,0,0,0,"自家用車
",0,0,0,0,,,"10,000円以上 20,000円未満","5,000円以上 10,000円未満","5,000円以上 10,000円未満",初めて,"その他
",0,0,0,0,0,0,0,0,0,0,0,0,0,0,選択なし/該当施設なし,あっとほうむ,選択なし/該当施設なし,使わない,満足,涼しい,満足,ゆっくりさせてもらいました。,感じなかった,,6,,,また行きたい（1年以内）,8番ラーメンを大阪に！
122694,web,女,1983,43,40代,大阪府,泉大津市,200万円以上 300万円未満,mobile/android,2026-09-06 19:43:19,9月,かにファクトリー 甲羅組 エリア,102.かにファクトリー 甲羅組 エリア,敦賀市,嶺南東部,,1泊,1泊,福井エリア（福井市・永平寺町）,福井県外には宿泊しない,夫婦2人,"地元の美味しいものを食べる
名所、旧跡の観光
テーマパーク（遊園地、動物園、博物館など）
",0,0,1,0,1,1,0,0,0,0,0,0,0,0,0,0,0,0,"自家用車
",1,0,0,0,0,0,0,"自家用車
",0,0,0,0,,,"10,000円以上 20,000円未満","10,000円以上 20,000円未満","20,000円以上 30,000円未満",初めて,"新聞・雑誌・ガイドブック
観光パンフレット・ポスター
観光協会等の案内所
",0,1,0,1,0,0,0,0,0,0,0,1,0,0,選択なし/該当施設なし,エルパ,選択なし/該当施設なし,使わない,とても満足,お土産スペースが広く、見ていて楽しかったです。,とても満足,お手洗いのダイソンのエアタオルが素敵でした。,感じなかった,,10,敦賀ヨーロッパ軒のミックス丼がとても美味しく、ここでしか食べられないものでオススメ。,かにファクトリーでしか買えないカニグッズがもっとあったら&hellip;と思いました。かわいいかにのぬいぐるみが欲しかったので、今後期待します！,また行きたい（1年以内）,常温のお土産がもっと欲しいです。
207678,あわら湯のまち エリア,女,1964,62,60代,大阪府,吹田市,"900万円以上 1,000万円未満",mobile/android,2026-09-06 19:36:31,9月,あわら湯のまち エリア,17.あわら湯のまち エリア,あわら市,あわら市・坂井市,,1泊,1泊,三国・あわらエリア（あわら市・坂井市）,福井県外には宿泊しない,夫婦2人,"アウトドア（海水浴、釣り、登山など）
",0,0,0,0,0,0,0,0,0,1,0,0,0,0,0,0,0,0,"自家用車
",1,0,0,0,0,0,0,"自家用車
",0,0,0,0,とても不満,交通の便が悪い,"30,000円以上 40,000円未満","10,000円以上 20,000円未満","20,000円以上 30,000円未満",11回目以上,"宿泊施設
",0,0,0,0,0,0,0,0,0,0,0,0,0,1,道の駅「河野」,,道の駅「三方五湖」,"30,000円以上 40,000円未満",とても満足,,とても満足,,感じなかった,,10,,,また行きたい（1年以内）,
100467,道の駅「若狭おばま」,女,1975,51,50代,京都府,福知山市,分からない/無回答,mobile/android,2026-09-06 19:28:09,9月,美浜町健康楽膳拠点施設こるぱエリア,92.美浜町健康楽膳拠点施設こるぱエリア,美浜町,嶺南東部,,日帰り,福井県内には宿泊しない,福井県内には宿泊しない,福井県外には宿泊しない,夫婦2人,"地元の美味しいものを食べる
テーマパーク（遊園地、動物園、博物館など）
買い物、アウトレット
各種体験（手作り、果物狩りなど）
",0,0,1,0,0,1,1,0,0,0,0,1,0,0,0,0,0,0,"自家用車
",1,0,0,0,0,0,0,"自家用車
",0,0,0,0,,,使わない,"3,000円以上 5,000円未満","10,000円以上 20,000円未満",2～5回目,"インターネット・アプリ
",0,0,0,0,0,1,0,0,0,0,0,0,0,0,選択なし/該当施設なし,敦賀市内の千成そば,選択なし/該当施設なし,"1,000円未満",とても満足,"トマトを沢山とれて、ピーマンまでもらえた。
対応して下さったスタッフさんがいい人ばかりで、ほっこり楽しめました!
",とても満足,"広いのにキレイに整備されており素敵でした。
また来たいです!",感じなかった,,10,関西に比べ何でも安くて美味しく、店も空いていて、車で出かけやすいです!,ランチを以前はできたのに、今回は出来なかったのが残念でした。,また行きたい（1年以内）,食べ物が新鮮で美味しくて、海も山もあり、大好きです!またきます。
207676,web,女,1973,53,50代,奈良県,奈良市,200万円以上 300万円未満,mobile/android,2026-09-06 19:27:50,9月,若州一滴文庫 エリア,85.若州一滴文庫 エリア,おおい町,嶺南西部,,1泊,1泊,嶺南エリア（敦賀市・美浜町・若狭町・小浜市・おおい町・高浜町）,福井県外には宿泊しない,小学生以下連れの家族,"お祭りやイベントへの参加・見物
",0,0,0,0,0,0,0,1,0,0,0,0,0,0,0,0,0,0,"自家用車
",1,0,0,0,0,0,0,"自家用車
",0,0,0,0,,,使わない,"5,000円以上 10,000円未満","5,000円以上 10,000円未満",2～5回目,"インターネット・アプリ
",0,0,0,0,0,1,0,0,0,0,0,0,0,0,エルガイアおおい,,道の駅「名田庄」,"3,000円以上 5,000円未満",とても満足,,とても満足,,感じなかった,,10,初めて参加したスーパー大火勢がとても良かった,,また行きたい（1年以内）,福井県はこどもが大好きで食べ物も美味しいしまた行きたいです
207632,道の駅「恐竜渓谷かつやま」 エリア,男,1986,40,40代,和歌山県,紀の川市,200万円以上 300万円未満,mobile/android,2026-09-06 19:23:19,9月,道の駅「恐竜渓谷かつやま」 エリア,26.道の駅「恐竜渓谷かつやま」 エリア,勝山市,勝山市・大野市,勝山市観光まちづくり(株),2泊,1泊,福井エリア（福井市・永平寺町）,石川県金沢市,自分ひとり,"花見や紅葉などの自然鑑賞
名所、旧跡の観光
",0,0,0,1,1,0,0,0,0,0,0,0,0,0,0,0,0,0,"自家用車
",1,0,0,0,0,0,0,"自家用車
",0,0,0,0,,,"3,000円以上 5,000円未満","5,000円以上 10,000円未満","3,000円以上 5,000円未満",2～5回目,"インターネット・アプリ
",0,0,0,0,0,1,0,0,0,0,0,0,0,0,氣比神宮,白山白川郷ホワイトロード,選択なし/該当施設なし,使わない,とても満足,トイレが綺麗,とても満足,トイレが綺麗,感じなかった,,2,,,また行きたい（1年以内）,
180578,名田庄 エリア,男,1977,49,40代,大阪府,交野市,300万円以上 400万円未満,mobile/android,2026-09-06 18:43:27,9月,道の駅「三方五湖」  エリア,83.道の駅「三方五湖」 エリア,若狭町,嶺南東部,三方五湖DMO(株),1泊,福井県内には宿泊しない,福井県内には宿泊しない,新潟県,夫婦2人,"ドライブ・ツーリング
",0,0,0,0,0,0,0,0,0,0,0,0,0,0,1,0,0,0,"自家用車
",1,0,0,0,0,0,0,"自家用車
",0,0,0,0,,,使わない,"5,000円以上 10,000円未満","1,000円以上 3,000円未満",2～5回目,"インターネット・アプリ
",0,0,0,0,0,1,0,0,0,0,0,0,0,0,選択なし/該当施設なし,,選択なし/該当施設なし,使わない,どちらでもない,,どちらでもない,,感じなかった,,6,,,機会があれば行きたい,
207562,web,女,1962,64,60代,京都府,京都市南区,300万円以上 400万円未満,mobile/iphone,2026-09-06 18:24:26,9月,北潟湖 エリア,20.北潟湖 エリア,あわら市,あわら市・坂井市,,1泊,1泊,三国・あわらエリア（あわら市・坂井市）,福井県外には宿泊しない,親,"宿でのんびり過ごす
地元の美味しいものを食べる
その他
",1,0,1,0,0,0,0,0,0,0,0,0,0,0,0,0,0,0,"新幹線
在来線
",0,0,1,0,0,0,0,"その他
",0,0,0,0,とても満足,運転手さんに地元の話しや、大雨災害の様子を教えてもらえた。,"30,000円以上 40,000円未満","40,000円以上 50,000円未満","3,000円以上 5,000円未満",初めて,"インターネット・アプリ
",0,0,0,0,0,1,0,0,0,0,0,0,0,0,選択なし/該当施設なし,,選択なし/該当施設なし,"20,000円以上 30,000円未満",満足,"ホテルのスタッフの方々はとても気持ちのいい対応でとても良かったです。
",満足,混雑してなくて、のんびりできた。,感じなかった,,10,旅の目的にもよりますが、気を張らずリラックスできたので、のんびりしたい方にはお勧めしたいです。ただ、食事は普通でしたが。,花菖蒲園だけでなく、季節のお花があれば、なお良いと思います。,また行きたい（1年以内）,日本酒、お米、養殖のフグ、梅、特に辛味大根おろし蕎麦なんて最高です。
207667,越前海岸 くりや旅館街 エリア,女,1964,62,60代,愛知県,豊田市,200万円以上 300万円未満,mobile/iphone,2026-09-06 17:54:29,9月,大本山 永平寺 エリア,34.大本山 永平寺 エリア,永平寺町,福井市・永平寺町,,1泊,1泊,越前エリア（越前市・越前町・鯖江市・池田町・南越前町）,なし,夫婦2人,"地元の美味しいものを食べる
",0,0,1,0,0,0,0,0,0,0,0,0,0,0,0,0,0,0,"自家用車
",1,0,0,0,0,0,0,"自家用車
",0,0,0,0,満足,,"10,000円以上 20,000円未満","10,000円以上 20,000円未満","5,000円以上 10,000円未満",2～5回目,"インターネット・アプリ
",0,0,0,0,0,1,0,0,0,0,0,0,0,0,選択なし/該当施設なし,,選択なし/該当施設なし,"3,000円以上 5,000円未満",満足,,満足,,感じなかった,,8,,,また行きたい（1年以内）,
201976,レインボーライン エリア,男,1973,53,50代,愛知県,名古屋市北区,700万円以上 800万円未満,mobile/iphone,2026-09-06 17:51:44,9月,JR芦原温泉駅 エリア,16.JR芦原温泉駅 エリア,あわら市,あわら市・坂井市,,1泊,福井県内には宿泊しない,福井県内には宿泊しない,石川県金沢市,友人,"友人・親戚を尋ねる
",0,0,0,0,0,0,0,0,0,0,0,0,0,0,0,1,0,0,"新幹線
在来線
",0,0,1,0,0,0,0,"その他
",0,0,0,0,どちらでもない,敦賀での乗り換えが面倒と感じる,"5,000円以上 10,000円未満","5,000円以上 10,000円未満","5,000円以上 10,000円未満",11回目以上,"友人・知人
",0,0,0,0,0,0,0,0,0,0,1,0,0,0,吉崎御坊跡,新幹線にて帰宅,選択なし/該当施設なし,"3,000円以上 5,000円未満",どちらでもない,新幹線乗車前の時間を有効に使える施設がある,満足,,感じなかった,,9,知らない人が多いけれども、見どころがいっぱいある！,オーカワパンを売って欲しい（帰りに買って帰りたい）,また行きたい（1年以内）,
138561,web,女,1974,52,50代,大阪府,交野市,500万円以上 600万円未満,mobile/android,2026-09-06 17:44:46,9月,道の駅「三方五湖」  エリア,83.道の駅「三方五湖」 エリア,若狭町,嶺南東部,三方五湖DMO(株),1泊,福井県内には宿泊しない,福井県内には宿泊しない,新潟県,夫婦2人,"ドライブ・ツーリング
",0,0,0,0,0,0,0,0,0,0,0,0,0,0,1,0,0,0,"自家用車
",1,0,0,0,0,0,0,"自家用車
",0,0,0,0,,,使わない,"10,000円以上 20,000円未満",使わない,2～5回目,"観光パンフレット・ポスター
",0,0,0,1,0,0,0,0,0,0,0,0,0,0,選択なし/該当施設なし,,選択なし/該当施設なし,使わない,どちらでもない,,どちらでもない,,感じなかった,,5,,,機会があれば行きたい,
137203,福井駅前 エリア,女,1990,36,30代,愛知県,名古屋市緑区,600万円以上 700万円未満,mobile/iphone,2026-09-06 17:36:49,9月,JR敦賀駅前 エリア,63.JR敦賀駅前 エリア,敦賀市,嶺南東部,,2泊,2泊,越前エリア（越前市・越前町・鯖江市・池田町・南越前町）,福井県外には宿泊しない,小学生以下連れの家族,"名所、旧跡の観光
",0,0,0,0,1,0,0,0,0,0,0,0,0,0,0,0,0,0,"自家用車
",1,0,0,0,0,0,0,"自家用車
",0,0,0,0,満足,,"30,000円以上 40,000円未満","3,000円以上 5,000円未満","5,000円以上 10,000円未満",初めて,"Instagram
",0,0,0,0,0,0,0,1,0,0,0,0,0,0,西山動物園,,選択なし/該当施設なし,"1,000円以上 3,000円未満",とても満足,,満足,,感じなかった,,7,,,機会があれば行きたい,
207549,かにファクトリー 甲羅組 エリア,男,1988,38,30代,愛知県,名古屋市緑区,800万円以上 900万円未満,mobile/android,2026-09-06 17:35:41,9月,JR敦賀駅前 エリア,63.JR敦賀駅前 エリア,敦賀市,嶺南東部,,2泊,2泊,越前エリア（越前市・越前町・鯖江市・池田町・南越前町）,福井県外には宿泊しない,小学生以下連れの家族,"テーマパーク（遊園地、動物園、博物館など）
",0,0,0,0,0,1,0,0,0,0,0,0,0,0,0,0,0,0,"自家用車
",1,0,0,0,0,0,0,"自家用車
",0,0,0,0,,,"10,000円以上 20,000円未満","5,000円以上 10,000円未満","20,000円以上 30,000円未満",2～5回目,"友人・知人
",0,0,0,0,0,0,0,0,0,0,1,0,0,0,氣比神宮,,選択なし/該当施設なし,"1,000円以上 3,000円未満",とても満足,小堀日之出堂のだんごがおいしかった,とても満足,,感じなかった,,5,,,また行きたい（1年以内）,
207674,道の駅「南えちぜん山海里」 エリア,女,1967,59,50代,岐阜県,岐阜市,500万円以上 600万円未満,mobile/android,2026-09-06 17:21:19,9月,道の駅「南えちぜん山海里」 エリア,58.道の駅「南えちぜん山海里」 エリア,南越前町,丹南,,日帰り,福井県内には宿泊しない,福井県内には宿泊しない,福井県外には宿泊しない,その他家族,"地元の美味しいものを食べる
名所、旧跡の観光
",0,0,1,0,1,0,0,0,0,0,0,0,0,0,0,0,0,0,"自家用車
",1,0,0,0,0,0,0,"自家用車
",0,0,0,0,,,使わない,"3,000円以上 5,000円未満","10,000円以上 20,000円未満",初めて,"Instagram
",0,0,0,0,0,0,0,1,0,0,0,0,0,0,選択なし/該当施設なし,永平寺,選択なし/該当施設なし,"10,000円以上 20,000円未満",とても満足,施設がきれい。品ぞろえ豊富で飲食店も豊富で充実した道の駅でした。,とても満足,,感じなかった,,10,,,また行きたい（1年以内）,
203910,web,男,1958,68,60代,福井県,敦賀市,400万円以上 500万円未満,mobile/android,2026-09-06 17:08:13,9月,福井駅前 エリア,01.福井駅前 エリア,福井市,福井市・永平寺町,,1泊,1泊,福井エリア（福井市・永平寺町）,福井県外には宿泊しない,夫婦2人,"温泉や露天風呂
",0,1,0,0,0,0,0,0,0,0,0,0,0,0,0,0,0,0,"自家用車
",1,0,0,0,0,0,0,"自家用車
",0,0,0,0,,,"5,000円以上 10,000円未満",使わない,"1,000円以上 3,000円未満",11回目以上,"友人・知人
",0,0,0,0,0,0,0,0,0,0,1,0,0,0,選択なし/該当施設なし,,選択なし/該当施設なし,"1,000円以上 3,000円未満",どちらでもない,,どちらでもない,,感じなかった,,7,,,,
191362,web,女,1968,58,50代,福井県,敦賀市,300万円以上 400万円未満,mobile/android,2026-09-06 17:08:02,9月,福井駅前 エリア,01.福井駅前 エリア,福井市,福井市・永平寺町,,1泊,1泊,福井エリア（福井市・永平寺町）,福井県外には宿泊しない,夫婦2人,"買い物、アウトレット
",0,0,0,0,0,0,1,0,0,0,0,0,0,0,0,0,0,0,"県外から訪れていない（福井県在住）
",1,0,0,0,0,0,1,"自家用車
",0,0,0,0,,,"5,000円以上 10,000円未満",使わない,"10,000円以上 20,000円未満",11回目以上,"インターネット・アプリ
",0,0,0,0,0,1,0,0,0,0,0,0,0,0,選択なし/該当施設なし,,選択なし/該当施設なし,"3,000円以上 5,000円未満",満足,,満足,,感じなかった,,8,,,,
203476,一乗谷朝倉氏遺跡 エリア,女,1985,41,40代,大阪府,大阪市都島区,分からない/無回答,mobile/iphone,2026-09-06 16:55:51,9月,道の駅「三方五湖」  エリア,83.道の駅「三方五湖」 エリア,若狭町,嶺南東部,三方五湖DMO(株),1泊,1泊,嶺南エリア（敦賀市・美浜町・若狭町・小浜市・おおい町・高浜町）,福井県外には宿泊しない,その他家族,"宿でのんびり過ごす
温泉や露天風呂
地元の美味しいものを食べる
名所、旧跡の観光
ドライブ・ツーリング
",1,1,1,0,1,0,0,0,0,0,0,0,0,0,1,0,0,0,"自家用車
",1,0,0,0,0,0,0,"自家用車
",0,0,0,0,,,"10,000円以上 20,000円未満","5,000円以上 10,000円未満","20,000円以上 30,000円未満",初めて,"インターネット・アプリ
",0,0,0,0,0,1,0,0,0,0,0,0,0,0,熊川宿,,御食国若狭おばま食文化館,"1,000円以上 3,000円未満",満足,,満足,,感じなかった,,9,年縞博物館,,また行きたい（1年以内）,
207672,福井駅前 エリア,女,1968,58,50代,神奈川県,川崎市中原区,100万円未満,mobile/iphone,2026-09-06 16:35:58,9月,福井駅前 エリア,01.福井駅前 エリア,福井市,福井市・永平寺町,,2泊,2泊,福井エリア（福井市・永平寺町）,福井県外には宿泊しない,自分ひとり,"友人・親戚を尋ねる
",0,0,0,0,0,0,0,0,0,0,0,0,0,0,0,1,0,0,"新幹線
",0,0,1,1,0,0,0,"在来線
",0,0,0,0,満足,時間通りだった,使わない,"30,000円以上 40,000円未満","1,000円以上 3,000円未満",6～10回目,"観光パンフレット・ポスター
友人・知人
",0,0,0,1,0,0,0,0,0,0,1,0,0,0,選択なし/該当施設なし,,選択なし/該当施設なし,"1,000円以上 3,000円未満",満足,,満足,,感じなかった,,5,,,また行きたい（1年以内）,お寿司が美味しい
207671,かにファクトリー 甲羅組 エリア,女,1961,65,60代,福井県,南条郡,分からない/無回答,mobile/iphone,2026-09-06 16:24:07,9月,かにファクトリー 甲羅組 エリア,102.かにファクトリー 甲羅組 エリア,敦賀市,嶺南東部,,日帰り,福井県内には宿泊しない,越前エリア（越前市・越前町・鯖江市・池田町・南越前町）,福井県外には宿泊しない,その他家族,"買い物、アウトレット
お祭りやイベントへの参加・見物
",0,0,0,0,0,0,1,1,0,0,0,0,0,0,0,0,0,0,"自家用車
",1,0,0,0,0,0,0,"自家用車
",0,0,0,0,,,"10,000円以上 20,000円未満","1,000円未満","10,000円以上 20,000円未満",初めて,"TV・ラジオ番組やCM
",0,0,1,0,0,0,0,0,0,0,0,0,0,0,選択なし/該当施設なし,,選択なし/該当施設なし,"3,000円以上 5,000円未満",どちらでもない,,満足,,感じなかった,,5,,,,
150634,JR敦賀駅前 エリア,男,1994,32,30代,京都府,京都市中京区,300万円以上 400万円未満,mobile/iphone,2026-09-06 16:21:47,9月,金ヶ崎 エリア,64.金ヶ崎 エリア,敦賀市,嶺南東部,,日帰り,福井県内には宿泊しない,福井県内には宿泊しない,福井県外には宿泊しない,自分ひとり,"地元の美味しいものを食べる
",0,0,1,0,0,0,0,0,0,0,0,0,0,0,0,0,0,0,"在来線
",0,0,0,1,0,0,0,"在来線
",0,0,0,0,,,"1,000円未満","1,000円未満","1,000円未満",初めて,"観光展・物産展
",1,0,0,0,0,0,0,0,0,0,0,0,0,0,選択なし/該当施設なし,,選択なし/該当施設なし,"1,000円未満",満足,,満足,,感じなかった,,9,,,,
207670,web,女,1987,39,30代,三重県,名張市,600万円以上 700万円未満,mobile/iphone,2026-09-06 16:16:36,9月,かつやま恐竜の森 エリア,25.かつやま恐竜の森 エリア,勝山市,勝山市・大野市,勝山市観光まちづくり(株),1泊,1泊,三国・あわらエリア（あわら市・坂井市）,福井県外には宿泊しない,小学生以下連れの家族,"宿でのんびり過ごす
温泉や露天風呂
地元の美味しいものを食べる
テーマパーク（遊園地、動物園、博物館など）
",1,1,1,0,0,1,0,0,0,0,0,0,0,0,0,0,0,何回か訪れており、子どものリクエストで来たので、情報源なし。,"自家用車
",1,0,0,0,0,0,0,"自家用車
",0,0,0,0,,,"50,000円以上 100,000円未満","10,000円以上 20,000円未満","50,000円以上 100,000円未満",2～5回目,"その他
",0,0,0,0,0,0,0,0,0,0,0,0,0,0,芝政ワールド,,選択なし/該当施設なし,"10,000円以上 20,000円未満",満足,,満足,,感じなかった,,8,,,機会があれば行きたい,
172604,越前海岸 北部 エリア,女,1976,50,50代,石川県,加賀市,800万円以上 900万円未満,mobile/android,2026-09-06 16:01:20,9月,かにファクトリー 甲羅組 エリア,102.かにファクトリー 甲羅組 エリア,敦賀市,嶺南東部,,日帰り,1泊,三国・あわらエリア（あわら市・坂井市）,福井県外には宿泊しない,職場の同僚,"お祭りやイベントへの参加・見物
",0,0,0,0,0,0,0,1,0,0,0,0,0,0,0,0,0,0,"自家用車
",1,0,0,0,0,0,0,"自家用車
",0,0,0,0,どちらでもない,,"10,000円以上 20,000円未満","10,000円以上 20,000円未満","20,000円以上 30,000円未満",初めて,"インターネット・アプリ
",0,0,0,0,0,1,0,0,0,0,0,0,0,0,選択なし/該当施設なし,,選択なし/該当施設なし,"1,000円以上 3,000円未満",満足,,満足,,感じなかった,,9,,,,
161354,紫式部公園 エリア,女,1984,42,40代,愛知県,名古屋市中川区,500万円以上 600万円未満,mobile/android,2026-09-06 15:57:54,9月,今庄宿 エリア,60.今庄宿 エリア,南越前町,丹南,,1泊,1泊,越前エリア（越前市・越前町・鯖江市・池田町・南越前町）,福井県外には宿泊しない,夫婦2人,"地元の美味しいものを食べる
アウトドア（海水浴、釣り、登山など）
",0,0,1,0,0,0,0,0,0,1,0,0,0,0,0,0,0,0,"自家用車
",1,0,0,0,0,0,0,"自家用車
",0,0,0,0,満足,,"10,000円以上 20,000円未満","5,000円以上 10,000円未満","5,000円以上 10,000円未満",初めて,"インターネット・アプリ
",0,0,0,0,0,1,0,0,0,0,0,0,0,0,選択なし/該当施設なし,帰宅,選択なし/該当施設なし,"5,000円以上 10,000円未満",満足,,満足,,感じなかった,,10,ハピコインが利用できたのが良かったです。,登山のマップがあると嬉しいです。,また行きたい（1年以内）,
161357,紫式部公園 エリア,男,1980,46,40代,愛知県,名古屋市中川区,"1,000万円以上 1,200万円未満",mobile/android,2026-09-06 15:56:00,9月,今庄宿 エリア,60.今庄宿 エリア,南越前町,丹南,,1泊,1泊,越前エリア（越前市・越前町・鯖江市・池田町・南越前町）,福井県外には宿泊しない,夫婦2人,"宿でのんびり過ごす
温泉や露天風呂
地元の美味しいものを食べる
",1,1,1,0,0,0,0,0,0,0,0,0,0,0,0,0,0,0,"自家用車
",1,0,0,0,0,0,0,"自家用車
徒歩
",0,0,1,0,とても満足,,"10,000円以上 20,000円未満","3,000円以上 5,000円未満","10,000円以上 20,000円未満",初めて,"観光パンフレット・ポスター
観光協会等の案内所
",0,0,0,1,0,0,0,0,0,0,0,1,0,0,今庄宿,,越前大仏,"5,000円以上 10,000円未満",とても満足,,とても満足,,感じなかった,,8,,,また行きたい（1年以内）,
207667,越前海岸 くりや旅館街 エリア,女,1964,62,60代,愛知県,豊田市,200万円以上 300万円未満,mobile/iphone,2026-09-06 15:53:49,9月,越前海岸 くりや旅館街 エリア,57.越前海岸 くりや旅館街 エリア,越前町,丹南,一般社団法人 越前町観光連盟（DMO ECHIZEN）,1泊,1泊,越前エリア（越前市・越前町・鯖江市・池田町・南越前町）,なし,夫婦2人,"地元の美味しいものを食べる
",0,0,1,0,0,0,0,0,0,0,0,0,0,0,0,0,0,0,"自家用車
",1,0,0,0,0,0,0,"自家用車
",0,0,0,0,,,"10,000円以上 20,000円未満","10,000円以上 20,000円未満","5,000円以上 10,000円未満",初めて,"インターネット・アプリ
",0,0,0,0,0,1,0,0,0,0,0,0,0,0,越前そばの里,,選択なし/該当施設なし,"10,000円以上 20,000円未満",満足,,満足,,感じなかった,,8,,,また行きたい（1年以内）,
184788,名勝 養浩館庭園 エリア,女,1972,54,50代,神奈川県,川崎市中原区,"1,000万円以上 1,200万円未満",mobile/iphone,2026-09-06 15:43:05,9月,JR美浜駅 エリア,79.JR美浜駅 エリア,美浜町,嶺南東部,三方五湖DMO(株),4泊以上,4泊以上,嶺南エリア（敦賀市・美浜町・若狭町・小浜市・おおい町・高浜町）,静岡,夫婦2人,"名所、旧跡の観光
",0,0,0,0,1,0,0,0,0,0,0,0,0,0,0,0,0,0,"自家用車
",1,0,0,0,0,0,0,"自家用車
",0,0,0,0,満足,,"50,000円以上 100,000円未満","50,000円以上 100,000円未満","50,000円以上 100,000円未満",初めて,"インターネット・アプリ
",0,0,0,0,0,1,0,0,0,0,0,0,0,0,敦賀赤レンガ倉庫,,選択なし/該当施設なし,"1,000円以上 3,000円未満",満足,,とても満足,,感じなかった,,8,,,また行きたい（1年以内）,
182259,道の駅「南えちぜん山海里」 エリア,女,1985,41,40代,京都府,京都市左京区,100万円未満,mobile/android,2026-09-06 15:38:44,9月,かにファクトリー 甲羅組 エリア,102.かにファクトリー 甲羅組 エリア,敦賀市,嶺南東部,,1泊,福井県内には宿泊しない,福井県内には宿泊しない,石川県加賀市,小学生以下連れの家族,"宿でのんびり過ごす
テーマパーク（遊園地、動物園、博物館など）
",1,0,0,0,0,1,0,0,0,0,0,0,0,0,0,0,0,0,"自家用車
",1,0,0,0,0,0,0,"自家用車
",0,0,0,0,どちらでもない,,使わない,使わない,"5,000円以上 10,000円未満",初めて,"インターネット・アプリ
タクシードライバーや地元の人
",0,0,0,0,0,1,0,0,0,0,0,0,1,0,道の駅「河野」,,敦賀赤レンガ倉庫,"1,000円以上 3,000円未満",とても満足,カニ料理が美味しかったから,どちらでもない,子供が遊べるところもあり、家族で楽しめてよかったから,感じなかった,,10,,,また行きたい（1年以内）,
207664,かずら橋 エリア,女,1953,73,70代,福井県,南条郡,分からない/無回答,mobile/android,2026-09-06 15:36:27,9月,かずら橋 エリア,48.かずら橋 エリア,池田町,丹南,（一財）いけだ農村観光公社,日帰り,福井県内には宿泊しない,福井県内には宿泊しない,福井県外には宿泊しない,夫婦2人,"地元の美味しいものを食べる
",0,0,1,0,0,0,0,0,0,0,0,0,0,0,0,0,0,0,"自家用車
",1,0,0,0,0,0,0,"自家用車
",0,0,0,0,とても満足,ゆったりとしていて半年に1度訪れてますがいつ来ても人の穏やかなあたたかさをかんじております,使わない,"3,000円以上 5,000円未満",使わない,2～5回目,"観光パンフレット・ポスター
観光協会等の案内所
",0,0,0,1,0,0,0,0,0,0,0,1,0,0,まちの市場 こってコテいけだ,,敦賀赤レンガ倉庫,"1,000円以上 3,000円未満",とても満足,皆さん観光客にたいして、どなたも親切でお声がけやらとても癒やされました,とても満足,おそばの味は格別でした&hellip;&hellip;近場にあるおそばさんよりもひと味もふた味も違ってました,感じなかった,,10,景色にもいやされましたが食のおそばやらお土産なども毎回利用させて頂いてお裾分けしながら？感想も伝えております,今回は購入しませんでしたが？コーヒーを近くのお店で頂いてやはり水がおいしいのかコーヒーの味やらソフトクリームも格別でした&hellip;&hellip;又いつも購入してるあられもおいしくて知人にまとめて購入しました,また行きたい（1年以内）,
107299,東尋坊 エリア,男,1988,38,30代,岐阜県,瑞穂市,"1,000万円以上 1,200万円未満",mobile/android,2026-09-06 15:30:43,9月,金ヶ崎 エリア,64.金ヶ崎 エリア,敦賀市,嶺南東部,,4泊以上,4泊以上,嶺南エリア（敦賀市・美浜町・若狭町・小浜市・おおい町・高浜町）,福井県外には宿泊しない,恋人,"名所、旧跡の観光
",0,0,0,0,1,0,0,0,0,0,0,0,0,0,0,0,0,0,"自家用車
",1,0,0,0,0,0,0,"自家用車
",0,0,0,0,とても満足,,"40,000円以上 50,000円未満","10,000円以上 20,000円未満","20,000円以上 30,000円未満",2～5回目,"Twitter
",0,0,0,0,0,0,1,0,0,0,0,0,0,0,選択なし/該当施設なし,,選択なし/該当施設なし,"3,000円以上 5,000円未満",とても満足,,とても満足,,感じなかった,,10,,,,
207645,web,男,1989,37,30代,石川県,金沢市,100万円未満,mobile/android,2026-09-06 15:29:08,9月,東尋坊 エリア,10.東尋坊 エリア,坂井市,あわら市・坂井市,(一社)DMOさかい観光局,4泊以上,2泊,福井エリア（福井市・永平寺町）,石川県金沢市,自分ひとり,"名所、旧跡の観光
",0,0,0,0,1,0,0,0,0,0,0,0,0,0,0,0,0,0,"新幹線
",0,0,1,0,0,0,0,"路線バス
",0,1,0,0,とても満足,,"10,000円以上 20,000円未満","1,000円以上 3,000円未満","10,000円以上 20,000円未満",初めて,"観光連盟やDMOのHP
",0,0,0,0,1,0,0,0,0,0,0,0,0,0,選択なし/該当施設なし,,選択なし/該当施設なし,"1,000円以上 3,000円未満",とても満足,,とても満足,,感じなかった,,9,,,,
184781,名勝 養浩館庭園 エリア,男,1972,54,50代,神奈川県,川崎市中原区,分からない/無回答,mobile/iphone,2026-09-06 15:28:27,9月,JR美浜駅 エリア,79.JR美浜駅 エリア,美浜町,嶺南東部,三方五湖DMO(株),4泊以上,4泊以上,奥越前エリア（勝山市・大野市）,静岡,夫婦2人,"アウトドア（海水浴、釣り、登山など）
",0,0,0,0,0,0,0,0,0,1,0,0,0,0,0,0,0,0,"自家用車
",1,0,0,0,0,0,0,"自家用車
",0,0,0,0,とても満足,国吉城跡を訪問して良かった,"50,000円以上 100,000円未満","20,000円以上 30,000円未満","50,000円以上 100,000円未満",初めて,"宿泊施設
",0,0,0,0,0,0,0,0,0,0,0,0,0,1,越前大野城,敦賀市,選択なし/該当施設なし,"1,000円以上 3,000円未満",満足,,満足,,感じなかった,,9,,,また行きたい（1年以内）,
207666,かずら橋 エリア,女,1990,36,30代,福井県,坂井市,分からない/無回答,mobile/iphone,2026-09-06 15:25:21,9月,かずら橋 エリア,48.かずら橋 エリア,池田町,丹南,（一財）いけだ農村観光公社,日帰り,福井県内には宿泊しない,福井県内には宿泊しない,福井県外には宿泊しない,その他家族,"温泉や露天風呂
地元の美味しいものを食べる
まちあるき、都市散策
",0,1,1,0,0,0,0,0,0,0,1,0,0,0,0,0,0,0,"県外から訪れていない（福井県在住）
",1,0,0,0,0,0,1,"自家用車
",0,0,0,0,満足,,"10,000円以上 20,000円未満","1,000円以上 3,000円未満","10,000円以上 20,000円未満",2～5回目,"TV・ラジオ番組やCM
友人・知人
",0,0,1,0,0,0,0,0,0,0,1,0,0,0,選択なし/該当施設なし,,選択なし/該当施設なし,"3,000円以上 5,000円未満",満足,,満足,,感じなかった,,8,,,福井県在住,
207665,青葉山ハーバルビレッジ エリア,女,1974,52,50代,福井県,福井市,300万円以上 400万円未満,mobile/iphone,2026-09-06 15:24:10,9月,青葉山ハーバルビレッジ エリア,94.青葉山ハーバルビレッジ エリア,高浜町,嶺南西部,,1泊,1泊,嶺南エリア（敦賀市・美浜町・若狭町・小浜市・おおい町・高浜町）,福井県外には宿泊しない,友人,"お祭りやイベントへの参加・見物
",0,0,0,0,0,0,0,1,0,0,0,0,0,0,0,0,0,0,"自家用車
",1,0,0,0,0,0,0,"自家用車
",0,0,0,0,とても満足,"スーパーオオガセ見に来ました。
最高でひた","5,000円以上 10,000円未満","5,000円以上 10,000円未満","3,000円以上 5,000円未満",2～5回目,"Instagram
友人・知人
",0,0,0,0,0,0,0,1,0,0,1,0,0,0,中山寺,,選択なし/該当施設なし,"1,000円以上 3,000円未満",とても満足,,とても満足,,感じなかった,,10,,,また行きたい（1年以内）,
207566,道の駅「若狭おばま」 エリア,男,1965,61,60代,兵庫県,神戸市東灘区,800万円以上 900万円未満,mobile/iphone,2026-09-06 15:21:27,9月,越前和紙の里 エリア,36.越前和紙の里 エリア,越前市,丹南,,1泊,福井県内には宿泊しない,福井県内には宿泊しない,福井県外には宿泊しない,夫婦2人,"その他
",0,0,0,0,0,0,0,0,0,0,0,0,0,0,0,0,0,お国じまんスタンプラリー,"自家用車
",1,0,0,0,0,0,0,"自家用車
",0,0,0,0,,,使わない,使わない,"1,000円未満",初めて,"その他
",0,0,0,0,0,0,0,0,0,0,0,0,0,0,北の庄城址・柴田公園,,選択なし/該当施設なし,"1,000円未満",満足,,満足,,感じなかった,,5,,,また行きたい（1年以内）,
138287,web,女,1993,33,30代,岐阜県,岐阜市,300万円以上 400万円未満,mobile/android,2026-09-06 15:19:50,9月,金ヶ崎 エリア,64.金ヶ崎 エリア,敦賀市,嶺南東部,,4泊以上,4泊以上,嶺南エリア（敦賀市・美浜町・若狭町・小浜市・おおい町・高浜町）,福井県外には宿泊しない,恋人,"まちあるき、都市散策
",0,0,0,0,0,0,0,0,0,0,1,0,0,0,0,0,0,0,"自家用車
",1,0,0,0,0,0,0,"自家用車
",0,0,0,0,,,"40,000円以上 50,000円未満","3,000円以上 5,000円未満","30,000円以上 40,000円未満",2～5回目,"友人・知人
",0,0,0,0,0,0,0,0,0,0,1,0,0,0,選択なし/該当施設なし,,選択なし/該当施設なし,"1,000円未満",満足,,とても満足,,感じなかった,,8,,,,
207534,かにファクトリー 甲羅組 エリア,女,1988,38,30代,愛知県,清須市,600万円以上 700万円未満,mobile/android,2026-09-06 15:19:39,9月,道の駅「恐竜渓谷かつやま」 エリア,26.道の駅「恐竜渓谷かつやま」 エリア,勝山市,勝山市・大野市,勝山市観光まちづくり(株),2泊,2泊,福井エリア（福井市・永平寺町）,福井県外には宿泊しない,小学生以下連れの家族,"テーマパーク（遊園地、動物園、博物館など）
",0,0,0,0,0,1,0,0,0,0,0,0,0,0,0,0,0,キッズパークつるが,"自家用車
",1,0,0,0,0,0,0,"自家用車
",0,0,0,0,満足,荷物が多い為車が助かります。,"5,000円以上 10,000円未満","5,000円以上 10,000円未満","10,000円以上 20,000円未満",初めて,"その他
",0,0,0,0,0,0,0,0,0,0,0,0,0,0,かつやまディノパーク,,選択なし/該当施設なし,"3,000円以上 5,000円未満",満足,おそばとカツ丼食べれたのが嬉しかったです。,満足,食べ物だけでなく、お野菜も買えて嬉しかったです。,感じなかった,,7,恐竜博物館とセットでおすすめしたいです。,子連れで行ったのですが、恐竜博物館が大人向けだったので、かつやまディノパークの存在がだいぶありがたかったです。,機会があれば行きたい,福井の新たな名物、メジャーでない名物を知りたいです。
207567,道の駅「若狭おばま」 エリア,女,1964,62,60代,兵庫県,神戸市東灘区,800万円以上 900万円未満,mobile/iphone,2026-09-06 15:17:35,9月,越前和紙の里 エリア,36.越前和紙の里 エリア,越前市,丹南,,1泊,福井県内には宿泊しない,福井県内には宿泊しない,富山市,夫婦2人,"その他
",0,0,0,0,0,0,0,0,0,0,0,0,0,0,0,0,0,0,"自家用車
",1,0,0,0,0,0,0,"自家用車
",0,0,0,0,,,"1,000円以上 3,000円未満",使わない,"1,000円以上 3,000円未満",初めて,"インターネット・アプリ
",0,0,0,0,0,1,0,0,0,0,0,0,0,0,選択なし/該当施設なし,,選択なし/該当施設なし,"1,000円未満",満足,,どちらでもない,,感じなかった,,8,,,また行きたい（1年以内）,
105317,レインボーライン エリア,女,1969,57,50代,福井県,越前市,"1,000万円以上 1,200万円未満",mobile/android,2026-09-06 15:10:45,9月,道の駅「恐竜渓谷かつやま」 エリア,26.道の駅「恐竜渓谷かつやま」 エリア,勝山市,勝山市・大野市,勝山市観光まちづくり(株),日帰り,福井県内には宿泊しない,福井県内には宿泊しない,福井県外には宿泊しない,夫婦2人,"地元の美味しいものを食べる
名所、旧跡の観光
",0,0,1,0,1,0,0,0,0,0,0,0,0,0,0,0,0,0,"自家用車
",1,0,0,0,0,0,0,"自家用車
",0,0,0,0,,,使わない,"1,000円未満","1,000円未満",11回目以上,"友人・知人
",0,0,0,0,0,0,0,0,0,0,1,0,0,0,選択なし/該当施設なし,,選択なし/該当施設なし,"1,000円未満",とても満足,,とても満足,,感じなかった,,5,,,機会があれば行きたい,
135450,web,女,1959,67,60代,福井県,越前市,100万円未満,mobile/android,2026-09-06 15:00:48,9月,道の駅「パークイン丹生ヶ丘」 エリア,50.道の駅「パークイン丹生ヶ丘」 エリア,越前町,丹南,一般社団法人 越前町観光連盟（DMO ECHIZEN）,日帰り,福井県内には宿泊しない,福井県内には宿泊しない,福井県外には宿泊しない,夫婦2人,"買い物、アウトレット
",0,0,0,0,0,0,1,0,0,0,0,0,0,0,0,0,0,0,"自家用車
",1,0,0,0,0,0,0,"自家用車
",0,0,0,0,満足,,"3,000円以上 5,000円未満",使わない,"3,000円以上 5,000円未満",6～10回目,"観光パンフレット・ポスター
",0,0,0,1,0,0,0,0,0,0,0,0,0,0,選択なし/該当施設なし,,選択なし/該当施設なし,"1,000円未満",どちらでもない,,どちらでもない,,感じなかった,,5,,,また行きたい（1年以内）,
135450,web,女,1959,67,60代,福井県,越前市,100万円未満,mobile/android,2026-09-06 14:53:09,9月,道の駅みくに ふれあいパーク三里浜 エリア,15.道の駅みくに ふれあいパーク三里浜 エリア,坂井市,あわら市・坂井市,(一社)DMOさかい観光局,日帰り,福井県内には宿泊しない,福井県内には宿泊しない,福井県外には宿泊しない,夫婦2人,"買い物、アウトレット
",0,0,0,0,0,0,1,0,0,0,0,0,0,0,0,0,0,0,"自家用車
",1,0,0,0,0,0,0,"自家用車
",0,0,0,0,満足,,"3,000円以上 5,000円未満",使わない,"3,000円以上 5,000円未満",6～10回目,"観光パンフレット・ポスター
",0,0,0,1,0,0,0,0,0,0,0,0,0,0,選択なし/該当施設なし,,選択なし/該当施設なし,"1,000円以上 3,000円未満",不満,野菜や果物があまり無かった,どちらでもない,,感じなかった,,5,,,また行きたい（1年以内）,
103193,まちの駅 こってコテいけだ エリア,男,1959,67,60代,福井県,越前市,300万円以上 400万円未満,mobile/android,2026-09-06 14:50:52,9月,道の駅「パークイン丹生ヶ丘」 エリア,50.道の駅「パークイン丹生ヶ丘」 エリア,越前町,丹南,一般社団法人 越前町観光連盟（DMO ECHIZEN）,日帰り,福井県内には宿泊しない,福井県内には宿泊しない,福井県外には宿泊しない,夫婦2人,"地元の美味しいものを食べる
",0,0,1,0,0,0,0,0,0,0,0,0,0,0,0,0,0,0,"県外から訪れていない（福井県在住）
",1,0,0,0,0,0,1,"自家用車
",0,0,0,0,,,使わない,"1,000円以上 3,000円未満","3,000円以上 5,000円未満",2～5回目,"インターネット・アプリ
",0,0,0,0,0,1,0,0,0,0,0,0,0,0,選択なし/該当施設なし,,選択なし/該当施設なし,"1,000円以上 3,000円未満",とても満足,,とても満足,,感じなかった,,10,,,また行きたい（1年以内）,
103193,まちの駅 こってコテいけだ エリア,男,1959,67,60代,福井県,越前市,300万円以上 400万円未満,mobile/android,2026-09-06 14:50:08,9月,道の駅みくに ふれあいパーク三里浜 エリア,15.道の駅みくに ふれあいパーク三里浜 エリア,坂井市,あわら市・坂井市,(一社)DMOさかい観光局,日帰り,福井県内には宿泊しない,福井県内には宿泊しない,福井県外には宿泊しない,夫婦2人,"地元の美味しいものを食べる
",0,0,1,0,0,0,0,0,0,0,0,0,0,0,0,0,0,0,"県外から訪れていない（福井県在住）
",1,0,0,0,0,0,1,"自家用車
",0,0,0,0,とても満足,,使わない,"1,000円以上 3,000円未満","3,000円以上 5,000円未満",2～5回目,"インターネット・アプリ
",0,0,0,0,0,1,0,0,0,0,0,0,0,0,選択なし/該当施設なし,,選択なし/該当施設なし,"3,000円以上 5,000円未満",とても満足,,とても満足,,感じなかった,,10,,,また行きたい（1年以内）,
203271,道の駅「若狭おばま」 エリア,男,1974,52,50代,大阪府,大東市,800万円以上 900万円未満,mobile/android,2026-09-06 14:44:17,9月,道の駅「恐竜渓谷かつやま」 エリア,26.道の駅「恐竜渓谷かつやま」 エリア,勝山市,勝山市・大野市,勝山市観光まちづくり(株),2泊,2泊,福井エリア（福井市・永平寺町）,福井県外には宿泊しない,夫婦2人,"地元の美味しいものを食べる
",0,0,1,0,0,0,0,0,0,0,0,0,0,0,0,0,0,0,"自家用車
",1,0,0,0,0,0,0,"自家用車
",0,0,0,0,,,"10,000円以上 20,000円未満","5,000円以上 10,000円未満","10,000円以上 20,000円未満",2～5回目,"新聞・雑誌・ガイドブック
",0,1,0,0,0,0,0,0,0,0,0,0,0,0,選択なし/該当施設なし,,選択なし/該当施設なし,使わない,とても満足,,満足,,感じなかった,,9,,,また行きたい（1年以内）,
173605,ふくい鮮いちば エリア,女,1968,58,50代,三重県,鈴鹿市,"900万円以上 1,000万円未満",mobile/iphone,2026-09-06 14:40:12,9月,道の駅「三方五湖」  エリア,83.道の駅「三方五湖」 エリア,若狭町,嶺南東部,三方五湖DMO(株),日帰り,福井県内には宿泊しない,福井県内には宿泊しない,福井県外には宿泊しない,夫婦2人,"地元の美味しいものを食べる
",0,0,1,0,0,0,0,0,0,0,0,0,0,0,0,0,0,通りすがり,"自家用車
",1,0,0,0,0,0,0,"自家用車
",0,0,0,0,,,"5,000円以上 10,000円未満","10,000円以上 20,000円未満","3,000円以上 5,000円未満",2～5回目,"その他
",0,0,0,0,0,0,0,0,0,0,0,0,0,0,選択なし/該当施設なし,,選択なし/該当施設なし,"1,000円未満",満足,三方五湖の5つの湖の違いについて知ることができた,満足,,感じなかった,,7,,,また行きたい（1年以内）,
207567,道の駅「若狭おばま」 エリア,女,1964,62,60代,兵庫県,神戸市東灘区,800万円以上 900万円未満,mobile/iphone,2026-09-06 14:31:29,9月,北ノ庄 エリア,03.北ノ庄 エリア,福井市,福井市・永平寺町,,1泊,福井県内には宿泊しない,福井県内には宿泊しない,富山市,夫婦2人,"その他
",0,0,0,0,0,0,0,0,0,0,0,0,0,0,0,0,0,0,"自家用車
",1,0,0,0,0,0,0,"自家用車
",0,0,0,0,,,"1,000円以上 3,000円未満",使わない,"1,000円以上 3,000円未満",初めて,"インターネット・アプリ
",0,0,0,0,0,1,0,0,0,0,0,0,0,0,選択なし/該当施設なし,,選択なし/該当施設なし,"3,000円以上 5,000円未満",とても満足,,とても満足,,感じなかった,,10,,,また行きたい（1年以内）,
207566,道の駅「若狭おばま」 エリア,男,1965,61,60代,兵庫県,神戸市東灘区,800万円以上 900万円未満,mobile/iphone,2026-09-06 14:31:28,9月,北ノ庄 エリア,03.北ノ庄 エリア,福井市,福井市・永平寺町,,1泊,福井県内には宿泊しない,福井県内には宿泊しない,福井県外には宿泊しない,夫婦2人,"その他
",0,0,0,0,0,0,0,0,0,0,0,0,0,0,0,0,0,お国じまんスタンプラリー,"自家用車
",1,0,0,0,0,0,0,"自家用車
",0,0,0,0,,,使わない,使わない,"1,000円未満",初めて,"その他
",0,0,0,0,0,0,0,0,0,0,0,0,0,0,道の駅「恐竜渓谷かつやま」,,越前和紙の里,"1,000円以上 3,000円未満",とても満足,,とても満足,,感じなかった,,5,,,また行きたい（1年以内）,
100334,道の駅「名田庄」,男,1965,61,60代,福井県,越前市,"900万円以上 1,000万円未満",mobile/iphone,2026-09-06 14:29:24,9月,道の駅「恐竜渓谷かつやま」 エリア,26.道の駅「恐竜渓谷かつやま」 エリア,勝山市,勝山市・大野市,勝山市観光まちづくり(株),日帰り,福井県内には宿泊しない,福井県内には宿泊しない,福井県外には宿泊しない,自分ひとり,"出張など仕事関係
",0,0,0,0,0,0,0,0,0,0,0,0,0,0,0,0,1,0,"自家用車
",1,0,0,0,0,0,0,"自家用車
",0,0,0,0,,,使わない,使わない,使わない,11回目以上,"TV・ラジオ番組やCM
",0,0,1,0,0,0,0,0,0,0,0,0,0,0,選択なし/該当施設なし,,選択なし/該当施設なし,使わない,どちらでもない,,どちらでもない,,感じなかった,,5,,,,
150634,JR敦賀駅前 エリア,男,1994,32,30代,京都府,京都市中京区,300万円以上 400万円未満,mobile/iphone,2026-09-06 14:22:18,9月,道の駅「三方五湖」  エリア,83.道の駅「三方五湖」 エリア,若狭町,嶺南東部,三方五湖DMO(株),日帰り,福井県内には宿泊しない,福井県内には宿泊しない,福井県外には宿泊しない,自分ひとり,"地元の美味しいものを食べる
",0,0,1,0,0,0,0,0,0,0,0,0,0,0,0,0,0,0,"在来線
",0,0,0,1,0,0,0,"在来線
",0,0,0,0,満足,,"1,000円未満","1,000円未満","1,000円未満",初めて,"観光展・物産展
",1,0,0,0,0,0,0,0,0,0,0,0,0,0,選択なし/該当施設なし,,選択なし/該当施設なし,"1,000円未満",満足,,満足,,感じなかった,,10,,,,
207538,かつやま恐竜の森 エリア,女,1991,35,30代,愛知県,名古屋市北区,"900万円以上 1,000万円未満",mobile/iphone,2026-09-06 14:19:16,9月,道の駅「越前」 エリア,49.道の駅「越前」 エリア,越前町,丹南,一般社団法人 越前町観光連盟（DMO ECHIZEN）,2泊,2泊,福井エリア（福井市・永平寺町）,福井県外には宿泊しない,小学生以下連れの家族,"テーマパーク（遊園地、動物園、博物館など）
",0,0,0,0,0,1,0,0,0,0,0,0,0,0,0,0,0,0,"自家用車
",1,0,0,0,0,0,0,"自家用車
",0,0,0,0,とても満足,,"30,000円以上 40,000円未満","3,000円以上 5,000円未満","20,000円以上 30,000円未満",初めて,"インターネット・アプリ
",0,0,0,0,0,1,0,0,0,0,0,0,0,0,大安禅寺,,道の駅「南えちぜん山海里」,"10,000円以上 20,000円未満",とても満足,,とても満足,ホタルイカミュージアムで少し残念な気持ちになった経験があったので、越前がにミュージアムにそこまで期待せずに向かいましたが、内容の濃さにとても満足しました。1時間では足りなかったねともっと早くきたらよかったと思ったほどです。カニ漁船体験ができなかったのでまた訪れたいと思います。,感じなかった,,10,,ふくはぴコインを宿泊キャンペーンでいただいたのでえちぜんさんでランチを予約して向かいましたが、ホスピタリティにとても満足しました。ご飯が美味しいのはもちろんですが小さな子供がいても親切にしていただいて、次は両親も連れてきたいなと思っています。,また行きたい（1年以内）,甘エビがこんなに美味しいと思わなかったのでもっと宣伝すべきです
207648,かつやま恐竜の森 エリア,男,2001,25,20代,愛知県,名古屋市昭和区,400万円以上 500万円未満,mobile/android,2026-09-06 14:18:59,9月,かつやま恐竜の森 エリア,25.かつやま恐竜の森 エリア,勝山市,勝山市・大野市,勝山市観光まちづくり(株),1泊,1泊,福井エリア（福井市・永平寺町）,福井県外には宿泊しない,親,"名所、旧跡の観光
テーマパーク（遊園地、動物園、博物館など）
",0,0,0,0,1,1,0,0,0,0,0,0,0,0,0,0,0,0,"自家用車
",1,0,0,0,0,0,0,"自家用車
",0,0,0,0,,,"50,000円以上 100,000円未満","1,000円以上 3,000円未満","50,000円以上 100,000円未満",2～5回目,"観光パンフレット・ポスター
観光連盟やDMOのHP
インターネット・アプリ
",0,0,0,1,1,1,0,0,0,0,0,0,0,0,選択なし/該当施設なし,,選択なし/該当施設なし,"1,000円以上 3,000円未満",とても満足,恐竜の知識が深まった,とても満足,,感じなかった,,10,,,また行きたい（1年以内）,
207661,大本山 永平寺 エリア,女,1985,41,40代,静岡県,静岡市駿河区,"1,500万円以上",mobile/iphone,2026-09-06 14:10:14,9月,大本山 永平寺 エリア,34.大本山 永平寺 エリア,永平寺町,福井市・永平寺町,,1泊,1泊,福井エリア（福井市・永平寺町）,福井県外には宿泊しない,恋人,"地元の美味しいものを食べる
名所、旧跡の観光
お祭りやイベントへの参加・見物
",0,0,1,0,1,0,0,1,0,0,0,0,0,0,0,0,0,0,"新幹線
",0,1,1,0,0,0,0,"レンタカー
徒歩
",0,0,1,0,,,"10,000円以上 20,000円未満","30,000円以上 40,000円未満","40,000円以上 50,000円未満",2～5回目,"インターネット・アプリ
",0,0,0,0,0,1,0,0,0,0,0,0,0,0,福井県立恐竜博物館,,越前大野城,"10,000円以上 20,000円未満",とても満足,,とても満足,,感じなかった,,10,,,機会があれば行きたい,
207659,かずら橋 エリア,女,1971,55,50代,石川県,加賀市,300万円以上 400万円未満,mobile/iphone,2026-09-06 13:54:06,9月,かずら橋 エリア,48.かずら橋 エリア,池田町,丹南,（一財）いけだ農村観光公社,日帰り,1泊,福井県内には宿泊しない,愛知県,中学生以上連れの家族,"ドライブ・ツーリング
",0,0,0,0,0,0,0,0,0,0,0,0,0,0,1,0,0,0,"自家用車
",1,0,0,0,0,0,0,"自家用車
",0,0,0,0,とても満足,,"30,000円以上 40,000円未満","5,000円以上 10,000円未満","3,000円以上 5,000円未満",初めて,"インターネット・アプリ
",0,0,0,0,0,1,0,0,0,0,0,0,0,0,選択なし/該当施設なし,,一乗谷朝倉氏遺跡,"1,000円以上 3,000円未満",満足,,満足,,感じなかった,,6,ドキドキ体験と美味しいお蕎麦が食べられたから,,機会があれば行きたい,
207551,道の駅「南えちぜん山海里」 エリア,女,1985,41,40代,東京都,杉並区,600万円以上 700万円未満,mobile/android,2026-09-06 13:50:00,9月,JR美浜駅 エリア,79.JR美浜駅 エリア,美浜町,嶺南東部,三方五湖DMO(株),3泊,3泊,奥越前エリア（勝山市・大野市）,福井県外には宿泊しない,小学生以下連れの家族,"テーマパーク（遊園地、動物園、博物館など）
",0,0,0,0,0,1,0,0,0,0,0,0,0,0,0,0,0,0,"レンタカー
",1,0,0,0,0,0,0,"自家用車
",0,0,0,0,とても満足,急な予定変更にも対応しやすいから。,"10,000円以上 20,000円未満","30,000円以上 40,000円未満","30,000円以上 40,000円未満",初めて,"Instagram
",0,0,0,0,0,0,0,1,0,0,0,0,0,0,道の駅「若狭おばま」,,福井駅,"5,000円以上 10,000円未満",とても満足,お昼に訪れたカフェがおいしかった。また、アイドルが歌を歌っていて応援したくなった。,とても満足,御当地もののお土産が豊富で楽しく、子供も喜んでいました。,感じなかった,,10,美しいビーチ。こんなに海がきれいだとは知らず、夏に訪れたいと感じました。,鯖がとてもおいしかったです。また、羽二重もちもおいしいのですが、最初イメージがわかなかったので、試食があるといいと思いました。,機会があれば行きたい,福井のポテンシャルの高さに驚きです。また、海浜自然センターのように無料で遊べる場所があり、子連れには大変有り難いです。
207534,かにファクトリー 甲羅組 エリア,女,1988,38,30代,愛知県,清須市,600万円以上 700万円未満,mobile/android,2026-09-06 13:49:48,9月,かつやま恐竜の森 エリア,25.かつやま恐竜の森 エリア,勝山市,勝山市・大野市,勝山市観光まちづくり(株),2泊,2泊,福井エリア（福井市・永平寺町）,福井県外には宿泊しない,小学生以下連れの家族,"テーマパーク（遊園地、動物園、博物館など）
",0,0,0,0,0,1,0,0,0,0,0,0,0,0,0,0,0,キッズパークつるが,"自家用車
",1,0,0,0,0,0,0,"自家用車
",0,0,0,0,満足,荷物が多いので車が助かります。,"5,000円以上 10,000円未満","5,000円以上 10,000円未満","10,000円以上 20,000円未満",2～5回目,"その他
",0,0,0,0,0,0,0,0,0,0,0,0,0,0,今庄宿,勝山の大仏,選択なし/該当施設なし,"5,000円以上 10,000円未満",満足,,満足,恐竜博物館に行ったのですが、博物館自体は大人向けだったが、かつやまディノパークと公園があったので子供も楽しめました。,感じなかった,,8,大人と子供両方楽しめる。,,機会があれば行きたい,福井のメジャーでやい名物を色々知りたいです。
207622,あわら湯のまち エリア,男,1977,49,40代,兵庫県,たつの市,"900万円以上 1,000万円未満",mobile/iphone,2026-09-06 13:45:43,9月,東尋坊 エリア,10.東尋坊 エリア,坂井市,あわら市・坂井市,(一社)DMOさかい観光局,1泊,1泊,三国・あわらエリア（あわら市・坂井市）,福井県外には宿泊しない,小学生以下連れの家族,"テーマパーク（遊園地、動物園、博物館など）
",0,0,0,0,0,1,0,0,0,0,0,0,0,0,0,0,0,0,"自家用車
",1,0,0,0,0,0,0,"自家用車
",0,0,0,0,満足,行きたかったから,"10,000円以上 20,000円未満","3,000円以上 5,000円未満","5,000円以上 10,000円未満",11回目以上,"友人・知人
",0,0,0,0,0,0,0,0,0,0,1,0,0,0,越前松島水族館,帰宅する,選択なし/該当施設なし,"1,000円以上 3,000円未満",満足,,満足,,感じた,階段が狭い,8,名所だから,東尋坊のキャラクターができていたのにびっくり,機会があれば行きたい,カツが美味しい
207658,かずら橋 エリア,男,1972,54,50代,石川県,加賀市,300万円以上 400万円未満,mobile/iphone,2026-09-06 13:38:14,9月,かずら橋 エリア,48.かずら橋 エリア,池田町,丹南,（一財）いけだ農村観光公社,2泊,1泊,福井エリア（福井市・永平寺町）,静岡県,中学生以上連れの家族,"温泉や露天風呂
",0,1,0,0,0,0,0,0,0,0,0,0,0,0,0,0,0,0,"自家用車
",1,0,0,0,0,0,0,"自家用車
",0,0,0,0,とても満足,,"20,000円以上 30,000円未満","10,000円以上 20,000円未満","20,000円以上 30,000円未満",初めて,"Instagram
",0,0,0,0,0,0,0,1,0,0,0,0,0,0,選択なし/該当施設なし,,選択なし/該当施設なし,"5,000円以上 10,000円未満",とても満足,,とても満足,,感じなかった,,10,,,,
170207,名田庄 エリア,女,1965,61,60代,兵庫県,川西市,分からない/無回答,mobile/iphone,2026-09-06 13:29:27,9月,JR美浜駅 エリア,79.JR美浜駅 エリア,美浜町,嶺南東部,三方五湖DMO(株),日帰り,福井県内には宿泊しない,福井県内には宿泊しない,福井県外には宿泊しない,夫婦2人,"地元の美味しいものを食べる
",0,0,1,0,0,0,0,0,0,0,0,0,0,0,0,0,0,0,"自家用車
",1,0,0,0,0,0,0,"自家用車
",0,0,0,0,満足,,"20,000円以上 30,000円未満","3,000円以上 5,000円未満","5,000円以上 10,000円未満",2～5回目,"インターネット・アプリ
",0,0,0,0,0,1,0,0,0,0,0,0,0,0,道の駅「名田庄」,,若狭三方縄文博物館,"1,000円以上 3,000円未満",満足,ハマカフェのコーヒーも美味しくいただきました。もちろんお土産も買わせていただきました。,満足,新しくて、トイレも綺麗で気持ち良い,感じなかった,,8,"うなぎが美味しい。
年縞博物館も面白かった",,また行きたい（1年以内）,
203910,web,男,1958,68,60代,福井県,敦賀市,400万円以上 500万円未満,mobile/android,2026-09-06 13:25:42,9月,道の駅「西山公園」 エリア,44.道の駅「西山公園」 エリア,鯖江市,丹南,,1泊,1泊,福井エリア（福井市・永平寺町）,福井県外には宿泊しない,夫婦2人,"温泉や露天風呂
",0,1,0,0,0,0,0,0,0,0,0,0,0,0,0,0,0,0,"自家用車
",1,0,0,0,0,0,0,"自家用車
",0,0,0,0,,,"5,000円以上 10,000円未満",使わない,"1,000円以上 3,000円未満",11回目以上,"友人・知人
",0,0,0,0,0,0,0,0,0,0,1,0,0,0,選択なし/該当施設なし,,選択なし/該当施設なし,使わない,満足,,満足,,感じなかった,,7,,,,
191362,web,女,1968,58,50代,福井県,敦賀市,300万円以上 400万円未満,mobile/android,2026-09-06 13:25:40,9月,道の駅「西山公園」 エリア,44.道の駅「西山公園」 エリア,鯖江市,丹南,,1泊,1泊,福井エリア（福井市・永平寺町）,福井県外には宿泊しない,夫婦2人,"買い物、アウトレット
",0,0,0,0,0,0,1,0,0,0,0,0,0,0,0,0,0,0,"県外から訪れていない（福井県在住）
",1,0,0,0,0,0,1,"自家用車
",0,0,0,0,,,"5,000円以上 10,000円未満",使わない,"10,000円以上 20,000円未満",11回目以上,"インターネット・アプリ
",0,0,0,0,0,1,0,0,0,0,0,0,0,0,選択なし/該当施設なし,,選択なし/該当施設なし,"1,000円未満",満足,,満足,,感じなかった,,8,,,,
207655,道の駅「南えちぜん山海里」 エリア,女,1960,66,60代,愛知県,名古屋市中村区,100万円未満,mobile/iphone,2026-09-06 13:23:19,9月,道の駅「南えちぜん山海里」 エリア,58.道の駅「南えちぜん山海里」 エリア,南越前町,丹南,,1泊,1泊,越前エリア（越前市・越前町・鯖江市・池田町・南越前町）,福井県外には宿泊しない,小学生以下連れの家族,"宿でのんびり過ごす
名所、旧跡の観光
お祭りやイベントへの参加・見物
",1,0,0,0,1,0,0,1,0,0,0,0,0,0,0,0,0,0,"自家用車
",1,0,0,0,0,0,0,"自家用車
",0,0,0,0,とても満足,,"5,000円以上 10,000円未満","1,000円以上 3,000円未満","1,000円以上 3,000円未満",初めて,"観光連盟やDMOのHP
インターネット・アプリ
",0,0,0,0,1,1,0,0,0,0,0,0,0,0,選択なし/該当施設なし,今庄宿,選択なし/該当施設なし,"1,000円以上 3,000円未満",とても満足,道の駅や宿泊施設が綺麗。,とても満足,子供が遊べる公園があり綺麗。,感じなかった,なし,10,　　道の駅や今庄宿,新しくたくさんお土産が揃って楽しかった。,また行きたい（1年以内）,越後松島水族館で晴天で日本海がとても青く綺麗だった
207654,かずら橋 エリア,男,1946,80,80歳以上,福井県,福井市,100万円未満,mobile/android,2026-09-06 13:19:02,9月,かずら橋 エリア,48.かずら橋 エリア,池田町,丹南,（一財）いけだ農村観光公社,日帰り,福井県内には宿泊しない,福井県内には宿泊しない,福井県外には宿泊しない,夫婦2人,"温泉や露天風呂
地元の美味しいものを食べる
",0,1,1,0,0,0,0,0,0,0,0,0,0,0,0,0,0,1,"自家用車
",1,0,0,0,0,0,0,"自家用車
",0,0,0,0,満足,,"5,000円以上 10,000円未満",使わない,"5,000円以上 10,000円未満",11回目以上,"その他
",0,0,0,0,0,0,0,0,0,0,0,0,0,0,選択なし/該当施設なし,,選択なし/該当施設なし,"1,000円以上 3,000円未満",満足,,満足,,感じなかった,,10,,,,
203271,道の駅「若狭おばま」 エリア,男,1974,52,50代,大阪府,大東市,800万円以上 900万円未満,mobile/android,2026-09-06 13:15:58,9月,JR九頭竜湖駅 エリア,23.JR九頭竜湖駅 エリア,大野市,勝山市・大野市,,2泊,2泊,福井エリア（福井市・永平寺町）,福井県外には宿泊しない,夫婦2人,"地元の美味しいものを食べる
",0,0,1,0,0,0,0,0,0,0,0,0,0,0,0,0,0,0,"自家用車
",1,0,0,0,0,0,0,"自家用車
",0,0,0,0,,,"10,000円以上 20,000円未満","5,000円以上 10,000円未満","10,000円以上 20,000円未満",初めて,"新聞・雑誌・ガイドブック
",0,1,0,0,0,0,0,0,0,0,0,0,0,0,道の駅「越前おおの荒島の郷」,,選択なし/該当施設なし,使わない,満足,,満足,,感じなかった,,6,,,また行きたい（1年以内）,
207652,若狭高浜 エリア,女,1966,60,60代,京都府,舞鶴市,500万円以上 600万円未満,mobile/iphone,2026-09-06 13:14:50,9月,若狭高浜 エリア,90.若狭高浜 エリア,高浜町,嶺南西部,,日帰り,福井県内には宿泊しない,福井県内には宿泊しない,京都府,夫婦2人,"地元の美味しいものを食べる
",0,0,1,0,0,0,0,0,0,0,0,0,0,0,0,0,0,0,"自家用車
",1,0,0,0,0,0,0,"自家用車
",0,0,0,0,,,"5,000円以上 10,000円未満","1,000円未満","5,000円以上 10,000円未満",11回目以上,"インターネット・アプリ
",0,0,0,0,0,1,0,0,0,0,0,0,0,0,道の駅「うみんぴあ大飯」,,選択なし/該当施設なし,"5,000円以上 10,000円未満",満足,,満足,,感じなかった,,6,,,また行きたい（1年以内）,
207653,レインボーライン エリア,女,1988,38,30代,岐阜県,多治見市,500万円以上 600万円未満,mobile/iphone,2026-09-06 13:07:15,9月,レインボーライン エリア,77.レインボーライン エリア,美浜町,嶺南東部,三方五湖DMO(株),1泊,1泊,嶺南エリア（敦賀市・美浜町・若狭町・小浜市・おおい町・高浜町）,福井県外には宿泊しない,小学生以下連れの家族,"地元の美味しいものを食べる
アウトドア（海水浴、釣り、登山など）
",0,0,1,0,0,0,0,0,0,1,0,0,0,0,0,0,0,0,"自家用車
",1,0,0,0,0,0,0,"自家用車
",0,0,0,0,,,"10,000円以上 20,000円未満","5,000円以上 10,000円未満","5,000円以上 10,000円未満",初めて,"観光展・物産展
宿泊施設
",1,0,0,0,0,0,0,0,0,0,0,0,0,1,水晶浜海水浴場,,選択なし/該当施設なし,"3,000円以上 5,000円未満",とても満足,,とても満足,,感じなかった,,8,,,機会があれば行きたい,
122712,web,女,1960,66,60代,兵庫県,三木市,700万円以上 800万円未満,mobile/iphone,2026-09-06 13:05:32,9月,若狭高浜 エリア,90.若狭高浜 エリア,高浜町,嶺南西部,,1泊,1泊,嶺南エリア（敦賀市・美浜町・若狭町・小浜市・おおい町・高浜町）,福井県外には宿泊しない,小学生以下連れの家族,"お祭りやイベントへの参加・見物
",0,0,0,0,0,0,0,1,0,0,0,0,0,0,0,0,0,0,"自家用車
",1,0,0,0,0,0,0,"自家用車
",0,0,0,0,満足,,"40,000円以上 50,000円未満","10,000円以上 20,000円未満","30,000円以上 40,000円未満",11回目以上,"インターネット・アプリ
",0,0,0,0,0,1,0,0,0,0,0,0,0,0,ホテルうみんぴあ,,福井県こども家族館,"50,000円以上 100,000円未満",満足,こども家族館が無料だから,満足,,感じなかった,,8,"子供が低学年だど楽しい施設がある
景色が素敵",魚が美味しい,また行きたい（1年以内）,
172604,越前海岸 北部 エリア,女,1976,50,50代,石川県,加賀市,800万円以上 900万円未満,mobile/android,2026-09-06 12:56:16,9月,レインボーライン エリア,77.レインボーライン エリア,美浜町,嶺南東部,三方五湖DMO(株),日帰り,1泊,三国・あわらエリア（あわら市・坂井市）,福井県外には宿泊しない,職場の同僚,"地元の美味しいものを食べる
名所、旧跡の観光
お祭りやイベントへの参加・見物
",0,0,1,0,1,0,0,1,0,0,0,0,0,0,0,0,0,0,"自家用車
",1,0,0,0,0,0,0,"自家用車
",0,0,0,0,,,"10,000円以上 20,000円未満","10,000円以上 20,000円未満","20,000円以上 30,000円未満",2～5回目,"観光連盟やDMOのHP
インターネット・アプリ
",0,0,0,0,1,1,0,0,0,0,0,0,0,0,選択なし/該当施設なし,,選択なし/該当施設なし,"1,000円以上 3,000円未満",とても満足,,とても満足,,感じなかった,,8,,,,
207566,道の駅「若狭おばま」 エリア,男,1965,61,60代,兵庫県,神戸市東灘区,800万円以上 900万円未満,mobile/iphone,2026-09-06 12:47:19,9月,道の駅「恐竜渓谷かつやま」 エリア,26.道の駅「恐竜渓谷かつやま」 エリア,勝山市,勝山市・大野市,勝山市観光まちづくり(株),1泊,福井県内には宿泊しない,福井県内には宿泊しない,福井県外には宿泊しない,夫婦2人,"その他
",0,0,0,0,0,0,0,0,0,0,0,0,0,0,0,0,0,お国じまんスタンプラリー,"自家用車
",1,0,0,0,0,0,0,"自家用車
",0,0,0,0,満足,,使わない,使わない,"1,000円未満",2～5回目,"その他
",0,0,0,0,0,0,0,0,0,0,0,0,0,0,スーベニアショップ ラプトル,,北の庄城址・柴田公園,"1,000円未満",満足,,満足,,感じなかった,,5,,,また行きたい（1年以内）,
207567,道の駅「若狭おばま」 エリア,女,1964,62,60代,兵庫県,神戸市東灘区,800万円以上 900万円未満,mobile/iphone,2026-09-06 12:46:33,9月,道の駅「恐竜渓谷かつやま」 エリア,26.道の駅「恐竜渓谷かつやま」 エリア,勝山市,勝山市・大野市,勝山市観光まちづくり(株),1泊,福井県内には宿泊しない,福井県内には宿泊しない,富山市,夫婦2人,"その他
",0,0,0,0,0,0,0,0,0,0,0,0,0,0,0,0,0,0,"自家用車
",1,0,0,0,0,0,0,"自家用車
",0,0,0,0,,,"1,000円以上 3,000円未満",使わない,"1,000円以上 3,000円未満",初めて,"インターネット・アプリ
",0,0,0,0,0,1,0,0,0,0,0,0,0,0,選択なし/該当施設なし,,選択なし/該当施設なし,"1,000円未満",満足,,満足,,感じなかった,,10,,,また行きたい（1年以内）,
191362,web,女,1968,58,50代,福井県,敦賀市,300万円以上 400万円未満,mobile/android,2026-09-06 12:40:16,9月,劔神社 エリア,51.劔神社 エリア,越前町,丹南,一般社団法人 越前町観光連盟（DMO ECHIZEN）,1泊,1泊,福井エリア（福井市・永平寺町）,福井県外には宿泊しない,夫婦2人,"買い物、アウトレット
",0,0,0,0,0,0,1,0,0,0,0,0,0,0,0,0,0,0,"県外から訪れていない（福井県在住）
",1,0,0,0,0,0,1,"自家用車
",0,0,0,0,,,"5,000円以上 10,000円未満",使わない,"10,000円以上 20,000円未満",11回目以上,"インターネット・アプリ
",0,0,0,0,0,1,0,0,0,0,0,0,0,0,選択なし/該当施設なし,,選択なし/該当施設なし,使わない,満足,,満足,,感じなかった,,8,,,,
203910,web,男,1958,68,60代,福井県,敦賀市,400万円以上 500万円未満,mobile/android,2026-09-06 12:39:59,9月,劔神社 エリア,51.劔神社 エリア,越前町,丹南,一般社団法人 越前町観光連盟（DMO ECHIZEN）,1泊,1泊,福井エリア（福井市・永平寺町）,福井県外には宿泊しない,夫婦2人,"温泉や露天風呂
",0,1,0,0,0,0,0,0,0,0,0,0,0,0,0,0,0,0,"自家用車
",1,0,0,0,0,0,0,"自家用車
",0,0,0,0,,,"5,000円以上 10,000円未満",使わない,"1,000円以上 3,000円未満",11回目以上,"友人・知人
",0,0,0,0,0,0,0,0,0,0,1,0,0,0,選択なし/該当施設なし,,選択なし/該当施設なし,使わない,満足,,満足,,感じなかった,,7,,,,
203271,道の駅「若狭おばま」 エリア,男,1974,52,50代,大阪府,大東市,800万円以上 900万円未満,mobile/android,2026-09-06 12:30:29,9月,道の駅「越前おおの荒島の郷」 エリア,22.道の駅「越前おおの荒島の郷」 エリア,大野市,勝山市・大野市,,2泊,2泊,福井エリア（福井市・永平寺町）,福井県外には宿泊しない,夫婦2人,"地元の美味しいものを食べる
",0,0,1,0,0,0,0,0,0,0,0,0,0,0,0,0,0,0,"自家用車
",1,0,0,0,0,0,0,"自家用車
",0,0,0,0,,,"10,000円以上 20,000円未満","5,000円以上 10,000円未満","10,000円以上 20,000円未満",初めて,"新聞・雑誌・ガイドブック
",0,1,0,0,0,0,0,0,0,0,0,0,0,0,一乗谷朝倉氏遺跡,,福井県立恐竜博物館,"1,000円未満",満足,,満足,,感じなかった,,9,,,また行きたい（1年以内）,
207567,道の駅「若狭おばま」 エリア,女,1964,62,60代,兵庫県,神戸市東灘区,800万円以上 900万円未満,mobile/iphone,2026-09-06 12:30:07,9月,かつやま恐竜の森 エリア,25.かつやま恐竜の森 エリア,勝山市,勝山市・大野市,勝山市観光まちづくり(株),1泊,福井県内には宿泊しない,福井県内には宿泊しない,富山市,夫婦2人,"その他
",0,0,0,0,0,0,0,0,0,0,0,0,0,0,0,0,0,0,"自家用車
",1,0,0,0,0,0,0,"自家用車
",0,0,0,0,,,"1,000円以上 3,000円未満",使わない,"1,000円以上 3,000円未満",2～5回目,"インターネット・アプリ
",0,0,0,0,0,1,0,0,0,0,0,0,0,0,選択なし/該当施設なし,,選択なし/該当施設なし,"1,000円未満",満足,,満足,,感じなかった,,9,,,また行きたい（1年以内）,
207566,道の駅「若狭おばま」 エリア,男,1965,61,60代,兵庫県,神戸市東灘区,800万円以上 900万円未満,mobile/iphone,2026-09-06 12:29:30,9月,かつやま恐竜の森 エリア,25.かつやま恐竜の森 エリア,勝山市,勝山市・大野市,勝山市観光まちづくり(株),1泊,福井県内には宿泊しない,福井県内には宿泊しない,福井県外には宿泊しない,夫婦2人,"その他
",0,0,0,0,0,0,0,0,0,0,0,0,0,0,0,0,0,お国じまんスタンプラリー,"自家用車
",1,0,0,0,0,0,0,"自家用車
",0,0,0,0,,,使わない,使わない,"1,000円未満",2～5回目,"その他
",0,0,0,0,0,0,0,0,0,0,0,0,0,0,六呂師高原,,道の駅「恐竜渓谷かつやま」,"1,000円未満",満足,,満足,,感じなかった,,5,,,また行きたい（1年以内）,
207647,かつやま恐竜の森 エリア,女,2004,22,20代,愛知県,名古屋市昭和区,100万円未満,mobile/android,2026-09-06 12:22:19,9月,かつやま恐竜の森 エリア,25.かつやま恐竜の森 エリア,勝山市,勝山市・大野市,勝山市観光まちづくり(株),1泊,1泊,福井エリア（福井市・永平寺町）,福井県外には宿泊しない,親,"テーマパーク（遊園地、動物園、博物館など）
",0,0,0,0,0,1,0,0,0,0,0,0,0,0,0,0,0,0,"自家用車
",1,0,0,0,0,0,0,"自家用車
",0,0,0,0,とても満足,駐車場代無料のため。,"5,000円以上 10,000円未満","3,000円以上 5,000円未満","5,000円以上 10,000円未満",初めて,"友人・知人
",0,0,0,0,0,0,0,0,0,0,1,0,0,0,大本山永平寺,,選択なし/該当施設なし,"1,000円以上 3,000円未満",満足,,満足,,感じなかった,,10,,,,
207651,かにファクトリー 甲羅組 エリア,男,1967,59,50代,滋賀県,守山市,500万円以上 600万円未満,mobile/iphone,2026-09-06 12:21:35,9月,かにファクトリー 甲羅組 エリア,102.かにファクトリー 甲羅組 エリア,敦賀市,嶺南東部,,日帰り,福井県内には宿泊しない,福井県内には宿泊しない,福井県外には宿泊しない,小学生以下連れの家族,"その他
",0,0,0,0,0,0,0,0,0,0,0,0,0,0,0,0,0,0,"自家用車
",1,0,0,0,0,0,0,"自家用車
",0,0,0,0,とても満足,店内がとてもキレイで、無料ブースも充実していて、3歳の孫も大喜びだった。,使わない,"3,000円以上 5,000円未満","20,000円以上 30,000円未満",初めて,"Instagram
",0,0,0,0,0,0,0,1,0,0,0,0,0,0,一乗谷朝倉氏遺跡,,選択なし/該当施設なし,"10,000円以上 20,000円未満",とても満足,とてもキレイで孫も大喜びだった。,とても満足,お土産も安くて、カニをたくさん購入できた,感じなかった,,10,大人にはカニの購入、家族にはレジャーを勧めたい。,値段も手頃で美味しかった。,また行きたい（1年以内）,新幹線関連のレジャー施設がもっとあったら良いです。
191362,web,女,1968,58,50代,福井県,敦賀市,300万円以上 400万円未満,mobile/android,2026-09-06 12:07:46,9月,道の駅「越前」 エリア,49.道の駅「越前」 エリア,越前町,丹南,一般社団法人 越前町観光連盟（DMO ECHIZEN）,1泊,1泊,福井エリア（福井市・永平寺町）,福井県外には宿泊しない,夫婦2人,"買い物、アウトレット
",0,0,0,0,0,0,1,0,0,0,0,0,0,0,0,0,0,0,"県外から訪れていない（福井県在住）
",1,0,0,0,0,0,1,"自家用車
",0,0,0,0,,,"5,000円以上 10,000円未満",使わない,"10,000円以上 20,000円未満",11回目以上,"インターネット・アプリ
",0,0,0,0,0,1,0,0,0,0,0,0,0,0,選択なし/該当施設なし,,選択なし/該当施設なし,"1,000円以上 3,000円未満",満足,,満足,,感じなかった,,8,,,,
203910,web,男,1958,68,60代,福井県,敦賀市,400万円以上 500万円未満,mobile/android,2026-09-06 12:07:42,9月,道の駅「越前」 エリア,49.道の駅「越前」 エリア,越前町,丹南,一般社団法人 越前町観光連盟（DMO ECHIZEN）,1泊,1泊,福井エリア（福井市・永平寺町）,福井県外には宿泊しない,夫婦2人,"温泉や露天風呂
",0,1,0,0,0,0,0,0,0,0,0,0,0,0,0,0,0,0,"自家用車
",1,0,0,0,0,0,0,"自家用車
",0,0,0,0,,,"5,000円以上 10,000円未満",使わない,"1,000円以上 3,000円未満",11回目以上,"友人・知人
",0,0,0,0,0,0,0,0,0,0,1,0,0,0,選択なし/該当施設なし,,選択なし/該当施設なし,使わない,どちらでもない,,どちらでもない,,感じなかった,,6,,,,
137203,福井駅前 エリア,女,1990,36,30代,愛知県,名古屋市緑区,600万円以上 700万円未満,mobile/iphone,2026-09-06 12:02:12,9月,金ヶ崎 エリア,64.金ヶ崎 エリア,敦賀市,嶺南東部,,2泊,2泊,越前エリア（越前市・越前町・鯖江市・池田町・南越前町）,福井県外には宿泊しない,小学生以下連れの家族,"名所、旧跡の観光
",0,0,0,0,1,0,0,0,0,0,0,0,0,0,0,0,0,0,"自家用車
",1,0,0,0,0,0,0,"自家用車
",0,0,0,0,満足,,"30,000円以上 40,000円未満","3,000円以上 5,000円未満","5,000円以上 10,000円未満",初めて,"Instagram
",0,0,0,0,0,0,0,1,0,0,0,0,0,0,西山動物園,,選択なし/該当施設なし,使わない,満足,,満足,,感じなかった,,6,,,機会があれば行きたい,
207549,かにファクトリー 甲羅組 エリア,男,1988,38,30代,愛知県,名古屋市緑区,800万円以上 900万円未満,mobile/android,2026-09-06 11:59:41,9月,金ヶ崎 エリア,64.金ヶ崎 エリア,敦賀市,嶺南東部,,2泊,2泊,越前エリア（越前市・越前町・鯖江市・池田町・南越前町）,福井県外には宿泊しない,小学生以下連れの家族,"テーマパーク（遊園地、動物園、博物館など）
",0,0,0,0,0,1,0,0,0,0,0,0,0,0,0,0,0,0,"自家用車
",1,0,0,0,0,0,0,"自家用車
",0,0,0,0,,,"10,000円以上 20,000円未満","5,000円以上 10,000円未満","20,000円以上 30,000円未満",初めて,"友人・知人
",0,0,0,0,0,0,0,0,0,0,1,0,0,0,敦賀鉄道資料館（旧敦賀港駅舎 ）,,選択なし/該当施設なし,"1,000円以上 3,000円未満",とても満足,,とても満足,鉄道資料館が充実していた,感じなかった,,5,,,また行きたい（1年以内）,
150634,JR敦賀駅前 エリア,男,1994,32,30代,京都府,京都市中京区,300万円以上 400万円未満,mobile/iphone,2026-09-06 11:44:47,9月,JR美浜駅 エリア,79.JR美浜駅 エリア,美浜町,嶺南東部,三方五湖DMO(株),日帰り,福井県内には宿泊しない,福井県内には宿泊しない,福井県外には宿泊しない,自分ひとり,"地元の美味しいものを食べる
",0,0,1,0,0,0,0,0,0,0,0,0,0,0,0,0,0,0,"在来線
",0,0,0,0,0,0,0,"レンタサイクル
",0,0,0,1,とても満足,,"1,000円未満","1,000円未満","1,000円未満",2～5回目,"観光展・物産展
",1,0,0,0,0,0,0,0,0,0,0,0,0,0,選択なし/該当施設なし,,選択なし/該当施設なし,"1,000円未満",満足,,満足,,感じなかった,,10,,,,
207566,道の駅「若狭おばま」 エリア,男,1965,61,60代,兵庫県,神戸市東灘区,800万円以上 900万円未満,mobile/iphone,2026-09-06 11:42:35,9月,六呂師高原 エリア,24.六呂師高原 エリア,大野市,勝山市・大野市,,1泊,福井県内には宿泊しない,福井県内には宿泊しない,福井県外には宿泊しない,夫婦2人,"その他
",0,0,0,0,0,0,0,0,0,0,0,0,0,0,0,0,0,お国じまんスタンプラリー,"自家用車
",1,0,0,0,0,0,0,"自家用車
",0,0,0,0,,,使わない,使わない,"1,000円未満",初めて,"その他
",0,0,0,0,0,0,0,0,0,0,0,0,0,0,敦賀赤レンガ倉庫,,北の庄城址・柴田公園,"1,000円未満",満足,,満足,,感じなかった,,6,,,また行きたい（1年以内）,
207646,越前そばの里 エリア,男,1973,53,50代,埼玉県,朝霞市,"1,000万円以上 1,200万円未満",mobile/iphone,2026-09-06 11:40:08,9月,越前そばの里 エリア,37.越前そばの里 エリア,越前市,丹南,,1泊,1泊,福井エリア（福井市・永平寺町）,福井県外には宿泊しない,自分ひとり,"地元の美味しいものを食べる
お祭りやイベントへの参加・見物
",0,0,1,0,0,0,0,1,0,0,0,0,0,0,0,0,0,0,"新幹線
",0,0,1,1,0,0,0,"在来線
",0,0,0,0,,,"10,000円以上 20,000円未満","20,000円以上 30,000円未満","10,000円以上 20,000円未満",初めて,"友人・知人
",0,0,0,0,0,0,0,0,0,0,1,0,0,0,選択なし/該当施設なし,,選択なし/該当施設なし,"1,000円以上 3,000円未満",とても満足,ボルガライスがおいしい,とても満足,,感じなかった,,8,ボルガライスならヨコガワ分店なので,,また行きたい（1年以内）,お餅とそば
207567,道の駅「若狭おばま」 エリア,女,1964,62,60代,兵庫県,神戸市東灘区,800万円以上 900万円未満,mobile/iphone,2026-09-06 11:38:03,9月,六呂師高原 エリア,24.六呂師高原 エリア,大野市,勝山市・大野市,,1泊,福井県内には宿泊しない,福井県内には宿泊しない,富山市,夫婦2人,"その他
",0,0,0,0,0,0,0,0,0,0,0,0,0,0,0,0,0,0,"自家用車
",1,0,0,0,0,0,0,"自家用車
",0,0,0,0,,,"1,000円以上 3,000円未満",使わない,"1,000円以上 3,000円未満",初めて,"インターネット・アプリ
",0,0,0,0,0,1,0,0,0,0,0,0,0,0,選択なし/該当施設なし,,選択なし/該当施設なし,"1,000円未満",満足,,満足,,感じなかった,,8,,,また行きたい（1年以内）,
207638,web,男,1983,43,40代,京都府,城陽市,分からない/無回答,mobile/android,2026-09-06 11:34:32,9月,かつやま恐竜の森 エリア,25.かつやま恐竜の森 エリア,勝山市,勝山市・大野市,勝山市観光まちづくり(株),1泊,1泊,福井エリア（福井市・永平寺町）,福井県外には宿泊しない,小学生以下連れの家族,"地元の美味しいものを食べる
テーマパーク（遊園地、動物園、博物館など）
買い物、アウトレット
まちあるき、都市散策
",0,0,1,0,0,1,1,0,0,0,1,0,0,0,0,0,0,0,"自家用車
",1,0,0,0,0,0,0,"自家用車
",0,0,0,0,,,"10,000円以上 20,000円未満","3,000円以上 5,000円未満","5,000円以上 10,000円未満",2～5回目,"インターネット・アプリ
",0,0,0,0,0,1,0,0,0,0,0,0,0,0,福井駅,,選択なし/該当施設なし,"3,000円以上 5,000円未満",とても満足,,とても満足,,感じた,"恐竜博物館から帰路すぐの信号待ち
車がほぼ通らない通りの青信号を待つ虚無時間",10,,,また行きたい（1年以内）,海産物
188915,かつやま恐竜の森 エリア,女,1991,35,30代,静岡県,掛川市,800万円以上 900万円未満,mobile/android,2026-09-06 11:32:51,9月,日本海さかな街 エリア,61.日本海さかな街 エリア,敦賀市,嶺南東部,,2泊,2泊,福井エリア（福井市・永平寺町）,福井県外には宿泊しない,恋人,"地元の美味しいものを食べる
買い物、アウトレット
お祭りやイベントへの参加・見物
",0,0,1,0,0,0,1,1,0,0,0,0,0,0,0,0,0,0,"自家用車
",1,0,0,0,0,0,0,"自家用車
",0,0,0,0,どちらでもない,,"5,000円以上 10,000円未満","10,000円以上 20,000円未満","10,000円以上 20,000円未満",初めて,"インターネット・アプリ
",0,0,0,0,0,1,0,0,0,0,0,0,0,0,敦賀赤レンガ倉庫,,選択なし/該当施設なし,使わない,どちらでもない,,どちらでもない,,感じなかった,,4,,,機会があれば行きたい,
176093,web,女,1947,79,70代,福井県,坂井市,200万円以上 300万円未満,mobile/android,2026-09-06 11:28:09,9月,かにファクトリー 甲羅組 エリア,102.かにファクトリー 甲羅組 エリア,敦賀市,嶺南東部,,日帰り,福井県内には宿泊しない,福井県内には宿泊しない,福井県外には宿泊しない,団体旅行,"地元の美味しいものを食べる
",0,0,1,0,0,0,0,0,0,0,0,0,0,0,0,0,0,0,"県外から訪れていない（福井県在住）
",0,0,0,0,0,1,1,"旅行会社ツアーバス
",0,0,0,0,満足,歩かずに施設前まで連れて行ってくれるから。,使わない,"10,000円以上 20,000円未満","20,000円以上 30,000円未満",初めて,"新聞・雑誌・ガイドブック
TV・ラジオ番組やCM
観光協会等の案内所
",0,1,1,0,0,0,0,0,0,0,0,1,0,0,選択なし/該当施設なし,名田庄の「崇」というお食事処,選択なし/該当施設なし,使わない,満足,品揃えが豊富、明るい、清潔感,どちらでもない,幼児と一緒に訪れるなら楽しめるかもしれないが、大人だけだと食事をしないとあまり魅力がない。スタッフの説明があると質問もでき、もつと身近に感じると思う,感じなかった,,3,施設が新しいので一度ほ訪れてみるのはよい,"体験のエリアはあったが、時間の都合や
予約の必要があったりで、体験できなかったのは残念。
ムキムキみっちゃんのように、館内でかにを上手に剥くパフォーマンスがあるとよい
",福井県在住,"ここでしか買えない、食べられない良品があれば、代価を払い行動を起こすのでオリジナルを求める
崇はお高いがそれに見合う満足がえられた"
191362,web,女,1968,58,50代,福井県,敦賀市,300万円以上 400万円未満,mobile/android,2026-09-06 11:11:44,9月,越前海岸 高佐米ノ旅館街 エリア,56.越前海岸 高佐米ノ旅館街 エリア,越前町,丹南,一般社団法人 越前町観光連盟（DMO ECHIZEN）,1泊,1泊,福井エリア（福井市・永平寺町）,福井県外には宿泊しない,夫婦2人,"地元の美味しいものを食べる
買い物、アウトレット
",0,0,1,0,0,0,1,0,0,0,0,0,0,0,0,0,0,0,"県外から訪れていない（福井県在住）
",1,0,0,0,0,0,1,"自家用車
",0,0,0,0,,,"5,000円以上 10,000円未満",使わない,"10,000円以上 20,000円未満",11回目以上,"インターネット・アプリ
",0,0,0,0,0,1,0,0,0,0,0,0,0,0,選択なし/該当施設なし,,選択なし/該当施設なし,"3,000円以上 5,000円未満",満足,,満足,,感じなかった,,8,,,,
138287,web,女,1993,33,30代,岐阜県,岐阜市,300万円以上 400万円未満,mobile/android,2026-09-06 11:11:37,9月,道の駅「三方五湖」  エリア,83.道の駅「三方五湖」 エリア,若狭町,嶺南東部,三方五湖DMO(株),4泊以上,4泊以上,嶺南エリア（敦賀市・美浜町・若狭町・小浜市・おおい町・高浜町）,福井県外には宿泊しない,恋人,"まちあるき、都市散策
",0,0,0,0,0,0,0,0,0,0,1,0,0,0,0,0,0,0,"自家用車
",1,0,0,0,0,0,0,"自家用車
",0,0,0,0,,,"40,000円以上 50,000円未満","3,000円以上 5,000円未満","30,000円以上 40,000円未満",2～5回目,"友人・知人
",0,0,0,0,0,0,0,0,0,0,1,0,0,0,選択なし/該当施設なし,,選択なし/該当施設なし,"1,000円未満",とても満足,,とても満足,,感じなかった,,8,,,,
203910,web,男,1958,68,60代,福井県,敦賀市,400万円以上 500万円未満,mobile/android,2026-09-06 11:10:49,9月,越前海岸 高佐米ノ旅館街 エリア,56.越前海岸 高佐米ノ旅館街 エリア,越前町,丹南,一般社団法人 越前町観光連盟（DMO ECHIZEN）,1泊,1泊,福井エリア（福井市・永平寺町）,福井県外には宿泊しない,夫婦2人,"温泉や露天風呂
",0,1,0,0,0,0,0,0,0,0,0,0,0,0,0,0,0,0,"自家用車
",1,0,0,0,0,0,0,"自家用車
",0,0,0,0,,,"5,000円以上 10,000円未満",使わない,"1,000円以上 3,000円未満",11回目以上,"友人・知人
",0,0,0,0,0,0,0,0,0,0,1,0,0,0,選択なし/該当施設なし,,選択なし/該当施設なし,"1,000円以上 3,000円未満",満足,,満足,,感じなかった,,7,,,,
127311,道の駅みくに ふれあいパーク三里浜 エリア,男,1963,63,60代,東京都,日野市,"1,000万円以上 1,200万円未満",mobile/iphone,2026-09-06 11:10:16,9月,道の駅「南えちぜん山海里」 エリア,58.道の駅「南えちぜん山海里」 エリア,南越前町,丹南,,2泊,1泊,越前エリア（越前市・越前町・鯖江市・池田町・南越前町）,石川県金沢市,夫婦2人,"買い物、アウトレット
",0,0,0,0,0,0,1,0,0,0,0,0,0,0,0,0,0,0,"自家用車
",1,0,0,0,0,0,0,"自家用車
",0,0,0,0,満足,,"10,000円以上 20,000円未満","10,000円以上 20,000円未満","5,000円以上 10,000円未満",2～5回目,"インターネット・アプリ
",0,0,0,0,0,1,0,0,0,0,0,0,0,0,選択なし/該当施設なし,,選択なし/該当施設なし,"1,000円以上 3,000円未満",満足,,満足,,感じなかった,,8,,,また行きたい（1年以内）,
127335,web,女,1963,63,60代,兵庫県,加古郡,300万円以上 400万円未満,mobile/iphone,2026-09-06 11:10:16,9月,道の駅「南えちぜん山海里」 エリア,58.道の駅「南えちぜん山海里」 エリア,南越前町,丹南,,2泊,1泊,越前エリア（越前市・越前町・鯖江市・池田町・南越前町）,石川県金沢市,夫婦2人,"地元の美味しいものを食べる
",0,0,1,0,0,0,0,0,0,0,0,0,0,0,0,0,0,0,"自家用車
",1,0,0,0,0,0,0,"自家用車
",0,0,0,0,,,"10,000円以上 20,000円未満","10,000円以上 20,000円未満","10,000円以上 20,000円未満",初めて,"観光パンフレット・ポスター
",0,0,0,1,0,0,0,0,0,0,0,0,0,0,選択なし/該当施設なし,,選択なし/該当施設なし,"1,000円未満",満足,,満足,,感じた,,8,,,,
107299,東尋坊 エリア,男,1988,38,30代,岐阜県,瑞穂市,"1,000万円以上 1,200万円未満",mobile/android,2026-09-06 11:00:17,9月,道の駅「三方五湖」  エリア,83.道の駅「三方五湖」 エリア,若狭町,嶺南東部,三方五湖DMO(株),4泊以上,4泊以上,嶺南エリア（敦賀市・美浜町・若狭町・小浜市・おおい町・高浜町）,福井県外には宿泊しない,恋人,"名所、旧跡の観光
",0,0,0,0,1,0,0,0,0,0,0,0,0,0,0,0,0,0,"自家用車
",1,0,0,0,0,0,0,"自家用車
",0,0,0,0,とても満足,,"40,000円以上 50,000円未満","10,000円以上 20,000円未満","20,000円以上 30,000円未満",2～5回目,"Twitter
",0,0,0,0,0,0,1,0,0,0,0,0,0,0,選択なし/該当施設なし,,選択なし/該当施設なし,"3,000円以上 5,000円未満",とても満足,,とても満足,,感じなかった,,10,,,,
207643,大本山 永平寺 エリア,女,1982,44,40代,愛知県,岡崎市,"900万円以上 1,000万円未満",mobile/iphone,2026-09-06 10:59:58,9月,大本山 永平寺 エリア,34.大本山 永平寺 エリア,永平寺町,福井市・永平寺町,,1泊,1泊,福井エリア（福井市・永平寺町）,福井県外には宿泊しない,その他家族,"宿でのんびり過ごす
地元の美味しいものを食べる
名所、旧跡の観光
買い物、アウトレット
",1,0,1,0,1,0,1,0,0,0,0,0,0,0,0,0,0,0,"自家用車
",1,0,0,0,0,0,0,"自家用車
",0,0,0,0,満足,割と近い,"5,000円以上 10,000円未満","5,000円以上 10,000円未満","10,000円以上 20,000円未満",初めて,"インターネット・アプリ
",0,0,0,0,0,1,0,0,0,0,0,0,0,0,大本山永平寺,,大本山永平寺,"1,000円以上 3,000円未満",とても満足,永平寺が緑がたくさんあって良い,とても満足,お店もある,感じなかった,,9,"友達
近々福井に来る予定だから",そばが多い,また行きたい（1年以内）,足湯
207644,大本山 永平寺 エリア,男,1974,52,50代,愛知県,岡崎市,"900万円以上 1,000万円未満",mobile/iphone,2026-09-06 10:55:25,9月,大本山 永平寺 エリア,34.大本山 永平寺 エリア,永平寺町,福井市・永平寺町,,1泊,1泊,福井エリア（福井市・永平寺町）,福井県外には宿泊しない,その他家族,"宿でのんびり過ごす
地元の美味しいものを食べる
名所、旧跡の観光
",1,0,1,0,1,0,0,0,0,0,0,0,0,0,0,0,0,0,"自家用車
",1,0,0,0,0,0,0,"自家用車
",0,0,0,0,とても満足,,"5,000円以上 10,000円未満","3,000円以上 5,000円未満","5,000円以上 10,000円未満",初めて,"友人・知人
",0,0,0,0,0,0,0,0,0,0,1,0,0,0,選択なし/該当施設なし,,選択なし/該当施設なし,"1,000円以上 3,000円未満",とても満足,,とても満足,,感じなかった,,10,,,機会があれば行きたい,
115052,一乗谷朝倉氏遺跡 エリア,男,1967,59,50代,福井県,南条郡,100万円未満,mobile/android,2026-09-06 10:31:13,9月,JR美浜駅 エリア,79.JR美浜駅 エリア,美浜町,嶺南東部,三方五湖DMO(株),日帰り,福井県内には宿泊しない,福井県内には宿泊しない,福井県外には宿泊しない,友人,"地元の美味しいものを食べる
",0,0,1,0,0,0,0,0,0,0,0,0,0,0,0,0,0,0,"県外から訪れていない（福井県在住）
",1,0,0,0,0,0,1,"自家用車
",0,0,0,0,,,使わない,"1,000円以上 3,000円未満","5,000円以上 10,000円未満",6～10回目,"インターネット・アプリ
Twitter
",0,0,0,0,0,1,1,0,0,0,0,0,0,0,選択なし/該当施設なし,,西福寺,"1,000円以上 3,000円未満",満足,,満足,,感じなかった,,8,,,福井県在住,
207631,web,男,1967,59,50代,愛知県,名古屋市守山区,"1,000万円以上 1,200万円未満",mobile/iphone,2026-09-06 10:30:14,9月,だるまちゃん広場 エリア,42.だるまちゃん広場 エリア,越前市,丹南,,1泊,1泊,福井エリア（福井市・永平寺町）,福井県外には宿泊しない,自分ひとり,"出張など仕事関係
",0,0,0,0,0,0,0,0,0,0,0,0,0,0,0,0,1,JAF,"在来線
",0,1,0,0,0,0,0,"レンタカー
",0,0,0,0,どちらでもない,,"10,000円以上 20,000円未満","10,000円以上 20,000円未満","3,000円以上 5,000円未満",2～5回目,"その他
",0,0,0,0,0,0,0,0,0,0,0,0,0,0,馬居寺,,選択なし/該当施設なし,"5,000円以上 10,000円未満",満足,,どちらでもない,,感じなかった,,5,,,機会があれば行きたい,
207641,福井駅前 エリア（宿泊施設）,男,1982,44,40代,愛知県,名古屋市緑区,400万円以上 500万円未満,mobile/iphone,2026-09-06 10:25:03,9月,福井駅前 エリア（宿泊施設）,02.福井駅前 エリア（宿泊施設）,福井市,福井市・永平寺町,,1泊,1泊,福井エリア（福井市・永平寺町）,福井県外には宿泊しない,恋人,"地元の美味しいものを食べる
スポーツ観戦や芸能鑑賞（コンサート等）
",0,0,1,0,0,0,0,0,1,0,0,0,0,0,0,0,0,0,"自家用車
",1,0,0,0,0,0,0,"自家用車
",0,0,0,0,とても満足,,"10,000円以上 20,000円未満","5,000円以上 10,000円未満","30,000円以上 40,000円未満",2～5回目,"観光展・物産展
新聞・雑誌・ガイドブック
",1,1,0,0,0,0,0,0,0,0,0,0,0,0,選択なし/該当施設なし,,選択なし/該当施設なし,"30,000円以上 40,000円未満",満足,,満足,,感じなかった,,8,,,,
196231,web,女,1961,65,60代,三重県,津市,400万円以上 500万円未満,mobile/iphone,2026-09-06 10:23:40,9月,道の駅「西山公園」 エリア,44.道の駅「西山公園」 エリア,鯖江市,丹南,,日帰り,福井県内には宿泊しない,福井県内には宿泊しない,福井県外には宿泊しない,自分ひとり,"地元の美味しいものを食べる
テーマパーク（遊園地、動物園、博物館など）
買い物、アウトレット
",0,0,1,0,0,1,1,0,0,0,0,0,0,0,0,0,0,0,"在来線
",0,0,0,1,0,0,0,"在来線
路線バス
",0,1,0,0,満足,,"3,000円以上 5,000円未満","1,000円以上 3,000円未満","3,000円以上 5,000円未満",初めて,"TV・ラジオ番組やCM
",0,0,1,0,0,0,0,0,0,0,0,0,0,0,選択なし/該当施設なし,,選択なし/該当施設なし,"1,000円以上 3,000円未満",満足,,満足,,感じなかった,,8,,,,
207640,大本山 永平寺 エリア,男,1970,56,50代,滋賀県,大津市,500万円以上 600万円未満,mobile/iphone,2026-09-06 10:14:11,9月,大本山 永平寺 エリア,34.大本山 永平寺 エリア,永平寺町,福井市・永平寺町,,1泊,1泊,福井エリア（福井市・永平寺町）,福井県外には宿泊しない,夫婦2人,"テーマパーク（遊園地、動物園、博物館など）
",0,0,0,0,0,1,0,0,0,0,0,0,0,0,0,0,0,0,"自家用車
",1,0,0,0,0,0,0,"自家用車
",0,0,0,0,,,"10,000円以上 20,000円未満","3,000円以上 5,000円未満","10,000円以上 20,000円未満",初めて,"インターネット・アプリ
",0,0,0,0,0,1,0,0,0,0,0,0,0,0,選択なし/該当施設なし,,選択なし/該当施設なし,"3,000円以上 5,000円未満",満足,,満足,,感じなかった,,10,,,,
207639,大本山 永平寺 エリア,女,1970,56,50代,滋賀県,大津市,300万円以上 400万円未満,mobile/iphone,2026-09-06 10:13:14,9月,大本山 永平寺 エリア,34.大本山 永平寺 エリア,永平寺町,福井市・永平寺町,,1泊,1泊,福井エリア（福井市・永平寺町）,福井県外には宿泊しない,夫婦2人,"名所、旧跡の観光
テーマパーク（遊園地、動物園、博物館など）
",0,0,0,0,1,1,0,0,0,0,0,0,0,0,0,0,0,0,"自家用車
",1,0,0,0,0,0,0,"自家用車
",0,0,0,0,,,"5,000円以上 10,000円未満","10,000円以上 20,000円未満","5,000円以上 10,000円未満",初めて,"新聞・雑誌・ガイドブック
",0,1,0,0,0,0,0,0,0,0,0,0,0,0,選択なし/該当施設なし,,選択なし/該当施設なし,"1,000円未満",とても満足,,とても満足,,感じなかった,,5,,,,
207534,かにファクトリー 甲羅組 エリア,女,1988,38,30代,愛知県,清須市,600万円以上 700万円未満,mobile/android,2026-09-06 10:10:17,9月,今庄宿 エリア,60.今庄宿 エリア,南越前町,丹南,,2泊,2泊,福井エリア（福井市・永平寺町）,福井県外には宿泊しない,小学生以下連れの家族,"テーマパーク（遊園地、動物園、博物館など）
",0,0,0,0,0,1,0,0,0,0,0,0,0,0,0,0,0,キッズパークつるが,"自家用車
",1,0,0,0,0,0,0,"自家用車
",0,0,0,0,どちらでもない,町並みが素敵だった。,"5,000円以上 10,000円未満","5,000円以上 10,000円未満","10,000円以上 20,000円未満",初めて,"その他
",0,0,0,0,0,0,0,0,0,0,0,0,0,0,芝政ワールド,,福井県立恐竜博物館,"3,000円以上 5,000円未満",満足,旅館のか方が優しかった。,満足,旅館の方が優しかったです。,感じなかった,不便はないのですが、このHAPPINESSキャンペーンのチラシが何箇所か回りましたが置いてなく、駅で発見しました。,7,町並みの素敵さ、駅から近いので電車の方は回りやすいのかな、と思いました。,大人は楽しめるが、子供は少し退屈なのかな、と。子供も楽しめる場所があると嬉しいてす。,機会があれば行きたい,新しい名物があったりしたら嬉しいです。
207614,花の駅 ゆりの里公園 エリア,女,1983,43,40代,愛知県,瀬戸市,"1,000万円以上 1,200万円未満",mobile/iphone,2026-09-06 09:53:24,9月,越前陶芸村 エリア,52.越前陶芸村 エリア,越前町,丹南,一般社団法人 越前町観光連盟（DMO ECHIZEN）,1泊,2泊,福井エリア（福井市・永平寺町）,福井県外には宿泊しない,小学生以下連れの家族,"宿でのんびり過ごす
地元の美味しいものを食べる
テーマパーク（遊園地、動物園、博物館など）
",1,0,1,0,0,1,0,0,0,0,0,0,0,0,0,0,0,0,"自家用車
",1,0,0,0,0,0,0,"自家用車
",0,0,0,0,,,"20,000円以上 30,000円未満","10,000円以上 20,000円未満","10,000円以上 20,000円未満",2～5回目,"宿泊施設
",0,0,0,0,0,0,0,0,0,0,0,0,0,1,越前松島水族館,,道の駅「南えちぜん山海里」,"20,000円以上 30,000円未満",満足,,満足,,感じなかった,,8,,,また行きたい（1年以内）,
207637,越前海岸 北部 エリア,女,1987,39,30代,福井県,福井市,600万円以上 700万円未満,mobile/android,2026-09-06 09:52:30,9月,越前海岸 北部 エリア,07.越前海岸 北部 エリア,福井市,福井市・永平寺町,,1泊,1泊,福井エリア（福井市・永平寺町）,福井県外には宿泊しない,小学生以下連れの家族,"アウトドア（海水浴、釣り、登山など）
",0,0,0,0,0,0,0,0,0,1,0,0,0,0,0,0,0,0,"県外から訪れていない（福井県在住）
",1,0,0,0,0,0,1,"自家用車
",0,0,0,0,,,"3,000円以上 5,000円未満","3,000円以上 5,000円未満","5,000円以上 10,000円未満",6～10回目,"Instagram
",0,0,0,0,0,0,0,1,0,0,0,0,0,0,選択なし/該当施設なし,,選択なし/該当施設なし,"3,000円以上 5,000円未満",満足,,満足,,感じた,スーパーやドラッグストアがあるとうれしい,8,,,,
130494,あわら湯のまち エリア,男,1994,32,30代,岐阜県,各務原市,800万円以上 900万円未満,mobile/iphone,2026-09-06 09:52:27,9月,小浜市 阿納 エリア,67.小浜市 阿納 エリア,小浜市,嶺南西部,(株)まちづくり小浜,1泊,1泊,嶺南エリア（敦賀市・美浜町・若狭町・小浜市・おおい町・高浜町）,福井県外には宿泊しない,自分ひとり,"宿でのんびり過ごす
",1,0,0,0,0,0,0,0,0,0,0,0,0,0,0,0,0,0,"自家用車
",1,0,0,0,0,0,0,"自家用車
",0,0,0,0,,,"5,000円以上 10,000円未満","5,000円以上 10,000円未満","3,000円以上 5,000円未満",2～5回目,"観光展・物産展
",1,0,0,0,0,0,0,0,0,0,0,0,0,0,選択なし/該当施設なし,,選択なし/該当施設なし,"1,000円以上 3,000円未満",とても満足,,とても満足,,感じなかった,,10,,,,
207572,大本山 永平寺 エリア,女,1989,37,30代,長崎県,長崎市,300万円以上 400万円未満,mobile/android,2026-09-06 09:22:18,9月,道の駅「越前」 エリア,49.道の駅「越前」 エリア,越前町,丹南,一般社団法人 越前町観光連盟（DMO ECHIZEN）,2泊,2泊,福井エリア（福井市・永平寺町）,福井県外には宿泊しない,友人,"地元の美味しいものを食べる
",0,0,1,0,0,0,0,0,0,0,0,0,0,0,0,0,0,0,"在来線
",0,1,0,0,0,0,0,"レンタカー
",0,0,0,0,とても満足,,"20,000円以上 30,000円未満","20,000円以上 30,000円未満","10,000円以上 20,000円未満",初めて,"観光パンフレット・ポスター
",0,0,0,1,0,0,0,0,0,0,0,0,0,0,あわら温泉屋台村「湯けむり横丁」,,選択なし/該当施設なし,"1,000円未満",とても満足,,とても満足,かにミュージアムが面白かった！,感じなかった,,10,,,機会があれば行きたい,
207636,武生駅 エリア,男,1969,57,50代,東京都,世田谷区,700万円以上 800万円未満,mobile/iphone,2026-09-06 09:07:26,9月,武生駅 エリア,40.武生駅 エリア,越前市,丹南,,1泊,1泊,越前エリア（越前市・越前町・鯖江市・池田町・南越前町）,福井県外には宿泊しない,自分ひとり,"友人・親戚を尋ねる
",0,0,0,0,0,0,0,0,0,0,0,0,0,0,0,1,0,0,"新幹線
",0,0,1,1,0,0,0,"在来線
",0,0,0,0,満足,新幹線は早くて楽チン。,"10,000円以上 20,000円未満","30,000円以上 40,000円未満","30,000円以上 40,000円未満",11回目以上,"インターネット・アプリ
",0,0,0,0,0,1,0,0,0,0,0,0,0,0,選択なし/該当施設なし,,選択なし/該当施設なし,"1,000円以上 3,000円未満",とても満足,ホテルは駅近で清潔・快適。,とても満足,ホテルは駅近で清潔・快適。,感じなかった,,10,,刃物や蕎麦についてもう少しアピールした方が良い。,また行きたい（1年以内）,自然も素晴らしい。海も綺麗。恐竜だけじゃない福井の魅力をもっと発信して欲しい。応援してます。
207631,web,男,1967,59,50代,愛知県,名古屋市守山区,"1,000万円以上 1,200万円未満",mobile/iphone,2026-09-06 08:49:58,9月,福井駅前 エリア,01.福井駅前 エリア,福井市,福井市・永平寺町,,1泊,1泊,福井エリア（福井市・永平寺町）,福井県外には宿泊しない,自分ひとり,"出張など仕事関係
",0,0,0,0,0,0,0,0,0,0,0,0,0,0,0,0,1,JAF,"在来線
",0,0,0,0,0,0,0,"徒歩
",0,0,1,0,どちらでもない,,"10,000円以上 20,000円未満","10,000円以上 20,000円未満","3,000円以上 5,000円未満",2～5回目,"その他
",0,0,0,0,0,0,0,0,0,0,0,0,0,0,一乗谷朝倉氏遺跡,,越前大野城,"5,000円以上 10,000円未満",どちらでもない,,満足,,感じなかった,,7,,,機会があれば行きたい,
127311,道の駅みくに ふれあいパーク三里浜 エリア,男,1963,63,60代,東京都,日野市,"1,000万円以上 1,200万円未満",mobile/iphone,2026-09-06 08:30:17,9月,劔神社 エリア,51.劔神社 エリア,越前町,丹南,一般社団法人 越前町観光連盟（DMO ECHIZEN）,2泊,1泊,越前エリア（越前市・越前町・鯖江市・池田町・南越前町）,石川県金沢市,夫婦2人,"買い物、アウトレット
",0,0,0,0,0,0,1,0,0,0,0,0,0,0,0,0,0,0,"自家用車
",1,0,0,0,0,0,0,"自家用車
",0,0,0,0,,,"10,000円以上 20,000円未満","10,000円以上 20,000円未満","5,000円以上 10,000円未満",初めて,"インターネット・アプリ
",0,0,0,0,0,1,0,0,0,0,0,0,0,0,選択なし/該当施設なし,,選択なし/該当施設なし,使わない,満足,,満足,思ったより立派でした,感じなかった,,8,,,また行きたい（1年以内）,
127335,web,女,1963,63,60代,兵庫県,加古郡,300万円以上 400万円未満,mobile/iphone,2026-09-06 08:29:42,9月,劔神社 エリア,51.劔神社 エリア,越前町,丹南,一般社団法人 越前町観光連盟（DMO ECHIZEN）,2泊,1泊,越前エリア（越前市・越前町・鯖江市・池田町・南越前町）,石川県金沢市,夫婦2人,"地元の美味しいものを食べる
",0,0,1,0,0,0,0,0,0,0,0,0,0,0,0,0,0,0,"自家用車
",1,0,0,0,0,0,0,"自家用車
",0,0,0,0,,,"10,000円以上 20,000円未満","10,000円以上 20,000円未満","10,000円以上 20,000円未満",初めて,"観光パンフレット・ポスター
",0,0,0,1,0,0,0,0,0,0,0,0,0,0,選択なし/該当施設なし,,選択なし/該当施設なし,使わない,満足,,満足,,感じなかった,,5,,,,
207634,福井駅前 エリア（宿泊施設）,女,1977,49,40代,大阪府,東大阪市,200万円以上 300万円未満,mobile/android,2026-09-06 08:28:34,9月,福井駅前 エリア（宿泊施設）,02.福井駅前 エリア（宿泊施設）,福井市,福井市・永平寺町,,1泊,1泊,福井エリア（福井市・永平寺町）,滋賀県,恋人,"地元の美味しいものを食べる
花見や紅葉などの自然鑑賞
名所、旧跡の観光
テーマパーク（遊園地、動物園、博物館など）
",0,0,1,1,1,1,0,0,0,0,0,0,0,0,0,0,0,0,"自家用車
",1,0,0,0,0,0,0,"自家用車
",0,0,0,0,とても満足,"キャンペーンやホテルの職員の気遣いがとても優しく丁寧で、気持ちよく過ごせました。
ありがとうございました。また来ます。","5,000円以上 10,000円未満","5,000円以上 10,000円未満","5,000円以上 10,000円未満",2～5回目,"観光展・物産展
観光パンフレット・ポスター
",1,0,0,1,0,0,0,0,0,0,0,0,0,0,越前がにミュージアム,つるきそば,レインボーライン,"5,000円以上 10,000円未満",満足,"名物グルメ美味しかったです。
ボルガライスやソースカツ丼やそばが美味しかったです。",とても満足,キャンペーンたくさんあってたくさん買い物出来て、お得で嬉しかったです。,感じなかった,,9,のんびり過ごせて海が綺麗,お土産で、名物をもっと売り出して欲しい,また行きたい（1年以内）,高齢者向け、車椅子で移動出来る全体的にバリアフリーの場所
207635,JR敦賀駅前 エリア,女,1984,42,40代,愛知県,春日井市,400万円以上 500万円未満,mobile/iphone,2026-09-06 08:26:48,9月,JR敦賀駅前 エリア,63.JR敦賀駅前 エリア,敦賀市,嶺南東部,,1泊,1泊,嶺南エリア（敦賀市・美浜町・若狭町・小浜市・おおい町・高浜町）,福井県外には宿泊しない,恋人,"スキー・スノボ、マリンスポーツ
",0,0,0,0,0,0,0,0,0,0,0,0,1,0,0,0,0,0,"自家用車
",1,0,0,0,0,0,0,"自家用車
",0,0,0,0,満足,どこでも自由に行けるから良いけれど、駐車場の事を考えると、駐車場がないお店などもあるから困る時がある。ホテルも、チェックインしたあと、再度車を出庫すると駐車場が埋まってしまって、少し離れたところに停めなければいけない場合もある。でも、敦賀駅前なら、飲食店がたくさんあるため徒歩でも移動できるのでありがたい。,"5,000円以上 10,000円未満","1,000円以上 3,000円未満","50,000円以上 100,000円未満",2～5回目,"インターネット・アプリ
",0,0,0,0,0,1,0,0,0,0,0,0,0,0,選択なし/該当施設なし,ホテルを出たらこのまま帰ります,選択なし/該当施設なし,"5,000円以上 10,000円未満",とても満足,,とても満足,,感じなかった,,8,,,また行きたい（1年以内）,
207633,道の駅「三方五湖」  エリア,男,1983,43,40代,愛知県,名古屋市西区,600万円以上 700万円未満,mobile/iphone,2026-09-06 08:12:53,9月,道の駅「三方五湖」  エリア,83.道の駅「三方五湖」 エリア,若狭町,嶺南東部,三方五湖DMO(株),1泊,1泊,嶺南エリア（敦賀市・美浜町・若狭町・小浜市・おおい町・高浜町）,福井県外には宿泊しない,親,"宿でのんびり過ごす
温泉や露天風呂
地元の美味しいものを食べる
",1,1,1,0,0,0,0,0,0,0,0,0,0,0,0,0,0,0,"自家用車
",1,0,0,0,0,0,0,"自家用車
",0,0,0,0,,,"10,000円以上 20,000円未満","5,000円以上 10,000円未満","10,000円以上 20,000円未満",2～5回目,"観光展・物産展
インターネット・アプリ
観光協会等の案内所
",1,0,0,0,0,1,0,0,0,0,0,1,0,0,選択なし/該当施設なし,,道の駅「越前」,"5,000円以上 10,000円未満",とても満足,宿の料理とスタッフの対応がとても良かったです,とても満足,,感じなかった,,8,景色が綺麗で料理が美味しい,,また行きたい（1年以内）,"美味しい物を食べたい
以前あったモンハンコラボのスタンプラリーも楽しかった"
207561,北陸新幹線 越前たけふ駅 エリア,男,1965,61,60代,香川県,高松市,100万円未満,mobile/android,2026-09-06 07:54:55,9月,レインボーライン エリア,77.レインボーライン エリア,美浜町,嶺南東部,三方五湖DMO(株),4泊以上,4泊以上,嶺南エリア（敦賀市・美浜町・若狭町・小浜市・おおい町・高浜町）,福井県外には宿泊しない,夫婦2人,"その他スポーツ（ゴルフ、テニスなど）
",0,0,0,0,0,0,0,0,0,0,0,0,0,1,0,0,0,0,"自家用車
",1,0,0,0,0,0,0,"自家用車
",0,0,0,0,とても満足,,"5,000円以上 10,000円未満","30,000円以上 40,000円未満","40,000円以上 50,000円未満",初めて,"インターネット・アプリ
",0,0,0,0,0,1,0,0,0,0,0,0,0,0,福井県立恐竜博物館,,選択なし/該当施設なし,"1,000円以上 3,000円未満",とても満足,,とても満足,,感じなかった,,10,,,機会があれば行きたい,
207561,北陸新幹線 越前たけふ駅 エリア,男,1965,61,60代,香川県,高松市,100万円未満,mobile/android,2026-09-06 07:52:02,9月,北陸新幹線 越前たけふ駅 エリア,38.北陸新幹線 越前たけふ駅 エリア,越前市,丹南,,4泊以上,4泊以上,嶺南エリア（敦賀市・美浜町・若狭町・小浜市・おおい町・高浜町）,福井県外には宿泊しない,夫婦2人,"名所、旧跡の観光
テーマパーク（遊園地、動物園、博物館など）
買い物、アウトレット
その他スポーツ（ゴルフ、テニスなど）
",0,0,0,0,1,1,1,0,0,0,0,0,0,1,0,0,0,0,"自家用車
",1,0,0,0,0,0,0,"自家用車
",0,0,0,0,満足,,"5,000円以上 10,000円未満","30,000円以上 40,000円未満","40,000円以上 50,000円未満",初めて,"新聞・雑誌・ガイドブック
インターネット・アプリ
",0,1,0,0,0,1,0,0,0,0,0,0,0,0,敦賀赤レンガ倉庫,,三方五湖,"10,000円以上 20,000円未満",満足,,満足,,感じなかった,,9,,,機会があれば行きたい,
207631,web,男,1967,59,50代,愛知県,名古屋市守山区,"1,000万円以上 1,200万円未満",mobile/iphone,2026-09-06 06:57:12,9月,福井駅前 エリア（宿泊施設）,02.福井駅前 エリア（宿泊施設）,福井市,福井市・永平寺町,,1泊,1泊,福井エリア（福井市・永平寺町）,福井県外には宿泊しない,自分ひとり,"出張など仕事関係
",0,0,0,0,0,0,0,0,0,0,0,0,0,0,0,0,1,JAF,"新幹線
在来線
",0,1,1,0,0,0,0,"レンタカー
",0,0,0,0,どちらでもない,,"10,000円以上 20,000円未満","10,000円以上 20,000円未満","3,000円以上 5,000円未満",2～5回目,"観光パンフレット・ポスター
その他
",0,0,0,1,0,0,0,0,0,0,0,0,0,0,一乗谷朝倉氏遺跡,,越前大野城,"10,000円以上 20,000円未満",満足,,満足,,感じた,,7,,,機会があれば行きたい,
184546,湖上館パムコ（水月湖）エリア,女,1989,37,30代,福井県,敦賀市,"1,000万円以上 1,200万円未満",mobile/android,2026-09-07 22:33:28,9月,かにファクトリー 甲羅組 エリア,102.かにファクトリー 甲羅組 エリア,敦賀市,嶺南東部,,1泊,1泊,嶺南エリア（敦賀市・美浜町・若狭町・小浜市・おおい町・高浜町）,福井県外には宿泊しない,その他家族,"温泉や露天風呂
地元の美味しいものを食べる
名所、旧跡の観光
買い物、アウトレット
まちあるき、都市散策
",0,1,1,0,1,0,1,0,0,0,1,0,0,0,0,0,0,0,"自家用車
",1,0,0,0,0,0,0,"自家用車
",0,0,0,0,とても満足,,"10,000円以上 20,000円未満","5,000円以上 10,000円未満","20,000円以上 30,000円未満",初めて,"観光展・物産展
新聞・雑誌・ガイドブック
TV・ラジオ番組やCM
観光パンフレット・ポスター
インターネット・アプリ
Twitter
友人・知人
観光協会等の案内所
",1,1,1,1,0,1,1,0,0,0,1,1,0,0,氣比神宮,,西福寺,"3,000円以上 5,000円未満",とても満足,,とても満足,,感じなかった,,8,,,福井県在住,
122351,道の駅「越前」 エリア,女,1969,57,50代,福井県,鯖江市,100万円未満,mobile/iphone,2026-09-07 21:00:04,9月,あわら湯のまち エリア,17.あわら湯のまち エリア,あわら市,あわら市・坂井市,,日帰り,福井県内には宿泊しない,福井県内には宿泊しない,福井県外には宿泊しない,友人,"地元の美味しいものを食べる
",0,0,1,0,0,0,0,0,0,0,0,0,0,0,0,0,0,0,"県外から訪れていない（福井県在住）
",1,0,0,0,0,0,1,"自家用車
",0,0,0,0,,,使わない,"1,000円以上 3,000円未満","1,000円以上 3,000円未満",11回目以上,"インターネット・アプリ
Instagram
友人・知人
",0,0,0,0,0,1,0,1,0,0,1,0,0,0,選択なし/該当施設なし,,選択なし/該当施設なし,"1,000円未満",満足,,満足,,感じた,案内表記が少ない,6,,,機会があれば行きたい,
207710,あわら湯のまち エリア,男,1974,52,50代,愛知県,清須市,300万円以上 400万円未満,mobile/android,2026-09-07 20:11:43,9月,あわら湯のまち エリア,17.あわら湯のまち エリア,あわら市,あわら市・坂井市,,1泊,1泊,三国・あわらエリア（あわら市・坂井市）,福井県外には宿泊しない,夫婦2人,"宿でのんびり過ごす
温泉や露天風呂
地元の美味しいものを食べる
テーマパーク（遊園地、動物園、博物館など）
",1,1,1,0,0,1,0,0,0,0,0,0,0,0,0,0,0,0,"自家用車
",1,0,0,0,0,0,0,"自家用車
",0,0,0,0,,,"40,000円以上 50,000円未満","10,000円以上 20,000円未満","10,000円以上 20,000円未満",初めて,"インターネット・アプリ
",0,0,0,0,0,1,0,0,0,0,0,0,0,0,福井県立恐竜博物館,,越前松島水族館,"3,000円以上 5,000円未満",とても満足,,とても満足,,感じなかった,,10,,,機会があれば行きたい,
207708,あわら湯のまち エリア,男,1974,52,50代,富山県,氷見市,800万円以上 900万円未満,mobile/iphone,2026-09-07 19:28:22,9月,あわら湯のまち エリア,17.あわら湯のまち エリア,あわら市,あわら市・坂井市,,1泊,1泊,三国・あわらエリア（あわら市・坂井市）,福井県外には宿泊しない,夫婦2人,"宿でのんびり過ごす
温泉や露天風呂
地元の美味しいものを食べる
",1,1,1,0,0,0,0,0,0,0,0,0,0,0,0,0,0,0,"自家用車
",1,0,0,0,0,0,0,"自家用車
",0,0,0,0,,,"20,000円以上 30,000円未満","1,000円以上 3,000円未満","5,000円以上 10,000円未満",2～5回目,"インターネット・アプリ
Instagram
宿泊施設
",0,0,0,0,0,1,0,1,0,0,0,0,0,1,一乗谷朝倉氏遺跡,,選択なし/該当施設なし,"30,000円以上 40,000円未満",とても満足,キャンペーンもあり満足している。,とても満足,,感じなかった,,9,キャンペーンなど色々と還元の企画があり、お得であるためと、自然豊かでゆっくりとした時の流れを感じることができたため。,,機会があれば行きたい,
183620,湖上館パムコ（水月湖）エリア,女,1986,40,40代,福井県,敦賀市,"1,000万円以上 1,200万円未満",mobile/android,2026-09-07 19:19:16,9月,かにファクトリー 甲羅組 エリア,102.かにファクトリー 甲羅組 エリア,敦賀市,嶺南東部,,日帰り,福井県内には宿泊しない,福井県内には宿泊しない,福井県外には宿泊しない,自分ひとり,"テーマパーク（遊園地、動物園、博物館など）
",0,0,0,0,0,1,0,0,0,0,0,0,0,0,0,0,0,0,"自家用車
",1,0,0,0,0,0,0,"自家用車
",0,0,0,0,どちらでもない,,"3,000円以上 5,000円未満","1,000円以上 3,000円未満","1,000円以上 3,000円未満",初めて,"インターネット・アプリ
",0,0,0,0,0,1,0,0,0,0,0,0,0,0,選択なし/該当施設なし,,選択なし/該当施設なし,"1,000円以上 3,000円未満",どちらでもない,,満足,,感じた,,5,,,,
207675,一乗谷朝倉氏遺跡 エリア,女,1981,45,40代,広島県,廿日市市,分からない/無回答,mobile/iphone,2026-09-07 17:53:28,9月,一乗谷朝倉氏遺跡 エリア,06.一乗谷朝倉氏遺跡 エリア,福井市,福井市・永平寺町,,3泊,3泊,福井エリア（福井市・永平寺町）,福井県外には宿泊しない,小学生以下連れの家族,"温泉や露天風呂
地元の美味しいものを食べる
名所、旧跡の観光
テーマパーク（遊園地、動物園、博物館など）
",0,1,1,0,1,1,0,0,0,0,0,0,0,0,0,0,0,0,"新幹線
",0,0,1,1,0,0,0,"在来線
路線バス
",0,1,0,0,不満,帰りの時間の便が少ない,"10,000円以上 20,000円未満","20,000円以上 30,000円未満","20,000円以上 30,000円未満",初めて,"新聞・雑誌・ガイドブック
",0,1,0,0,0,0,0,0,0,0,0,0,0,0,選択なし/該当施設なし,,福井県立恐竜博物館,"1,000円以上 3,000円未満",とても満足,"受付の方が丁寧に対応くださった。
エリアが広いのでどのようにまわれば良いかわからなかったが、質問してもすぐにお答えいただき、安心した。見どころも教えていただけた。",とても満足,史跡ののこし方について、意図を知ることができた。大事に思う人たちの気持ちもよく分かった。展示もわかりやすく、大人から子どもまで楽しめた。施設も清潔できれい。,感じた,帰りの電車の便,10,"福井は初めてでしたが、たくさんの見どころがありました。一乗谷は、特に行ってよかったです。広大さに感動しました。自然を生かした城下町づくりが面白かったです。
大河ドラマも関連していて、時期も良かったなと思いました。",お団子が美味しかったです。,また行きたい（1年以内）,宇宙鯖缶のドラマがあったので、サバ推しがもっとあってもよかったかと思いました。
207682,JR美浜駅 エリア,女,2002,24,20代,埼玉県,川越市,600万円以上 700万円未満,mobile/iphone,2026-09-07 16:33:03,9月,かつやま恐竜の森 エリア,25.かつやま恐竜の森 エリア,勝山市,勝山市・大野市,勝山市観光まちづくり(株),3泊,2泊,福井エリア（福井市・永平寺町）,石川県金沢市,恋人,"まちあるき、都市散策
",0,0,0,0,0,0,0,0,0,0,1,0,0,0,0,0,0,0,"自家用車
",1,0,0,0,0,0,0,"自家用車
",0,0,0,0,,,"5,000円以上 10,000円未満","20,000円以上 30,000円未満","30,000円以上 40,000円未満",初めて,"宿泊施設
",0,0,0,0,0,0,0,0,0,0,0,0,0,1,三方五湖,,選択なし/該当施設なし,"1,000円以上 3,000円未満",とても満足,,とても満足,,感じなかった,,8,,,また行きたい（1年以内）,
206583,web,男,1952,74,70代,福井県,越前市,100万円未満,mobile/android,2026-09-07 15:50:23,9月,福井駅前 エリア,01.福井駅前 エリア,福井市,福井市・永平寺町,,日帰り,福井県内には宿泊しない,福井県内には宿泊しない,福井県外には宿泊しない,夫婦2人,"地元の美味しいものを食べる
",0,0,1,0,0,0,0,0,0,0,0,0,0,0,0,0,0,0,"自家用車
",1,0,0,0,0,0,0,"自家用車
徒歩
",0,0,1,0,,,"3,000円以上 5,000円未満","3,000円以上 5,000円未満","1,000円以上 3,000円未満",6～10回目,"観光展・物産展
",1,0,0,0,0,0,0,0,0,0,0,0,0,0,選択なし/該当施設なし,,選択なし/該当施設なし,"5,000円以上 10,000円未満",とても満足,,とても満足,,感じなかった,,10,,,機会があれば行きたい,
145728,道の駅「越前」 エリア,男,1952,74,70代,福井県,越前市,100万円未満,mobile/android,2026-09-07 15:49:34,9月,福井駅前 エリア,01.福井駅前 エリア,福井市,福井市・永平寺町,,日帰り,福井県内には宿泊しない,福井県内には宿泊しない,福井県外には宿泊しない,夫婦2人,"地元の美味しいものを食べる
",0,0,1,0,0,0,0,0,0,0,0,0,0,0,0,0,0,0,"自家用車
",1,0,0,0,0,0,0,"自家用車
徒歩
",0,0,1,0,,,"3,000円以上 5,000円未満","3,000円以上 5,000円未満","3,000円以上 5,000円未満",2～5回目,"観光展・物産展
",1,0,0,0,0,0,0,0,0,0,0,0,0,0,選択なし/該当施設なし,,選択なし/該当施設なし,"10,000円以上 20,000円未満",とても満足,,とても満足,,感じなかった,,10,,,福井県在住,
206583,web,男,1952,74,70代,福井県,越前市,100万円未満,mobile/android,2026-09-07 15:48:42,9月,ふくい鮮いちば エリア,05.ふくい鮮いちば エリア,福井市,福井市・永平寺町,,日帰り,福井県内には宿泊しない,福井県内には宿泊しない,福井県外には宿泊しない,夫婦2人,"地元の美味しいものを食べる
",0,0,1,0,0,0,0,0,0,0,0,0,0,0,0,0,0,0,"自家用車
",1,0,0,0,0,0,0,"自家用車
徒歩
",0,0,1,0,,,"3,000円以上 5,000円未満","3,000円以上 5,000円未満","1,000円以上 3,000円未満",6～10回目,"観光展・物産展
",1,0,0,0,0,0,0,0,0,0,0,0,0,0,選択なし/該当施設なし,,選択なし/該当施設なし,"10,000円以上 20,000円未満",とても満足,,とても満足,,感じなかった,,10,,,機会があれば行きたい,
145728,道の駅「越前」 エリア,男,1952,74,70代,福井県,越前市,100万円未満,mobile/android,2026-09-07 15:47:52,9月,ふくい鮮いちば エリア,05.ふくい鮮いちば エリア,福井市,福井市・永平寺町,,日帰り,福井県内には宿泊しない,福井県内には宿泊しない,福井県外には宿泊しない,夫婦2人,"地元の美味しいものを食べる
",0,0,1,0,0,0,0,0,0,0,0,0,0,0,0,0,0,0,"自家用車
",1,0,0,0,0,0,0,"自家用車
徒歩
",0,0,1,0,,,"3,000円以上 5,000円未満","3,000円以上 5,000円未満","3,000円以上 5,000円未満",2～5回目,"観光展・物産展
",1,0,0,0,0,0,0,0,0,0,0,0,0,0,選択なし/該当施設なし,,選択なし/該当施設なし,"10,000円以上 20,000円未満",とても満足,,とても満足,,感じなかった,,10,,,福井県在住,
206583,web,男,1952,74,70代,福井県,越前市,100万円未満,mobile/android,2026-09-07 15:46:55,9月,美浜町健康楽膳拠点施設こるぱエリア,92.美浜町健康楽膳拠点施設こるぱエリア,美浜町,嶺南東部,,日帰り,福井県内には宿泊しない,福井県内には宿泊しない,福井県外には宿泊しない,夫婦2人,"地元の美味しいものを食べる
",0,0,1,0,0,0,0,0,0,0,0,0,0,0,0,0,0,0,"自家用車
",1,0,0,0,0,0,0,"自家用車
徒歩
",0,0,1,0,,,"3,000円以上 5,000円未満","3,000円以上 5,000円未満","1,000円以上 3,000円未満",2～5回目,"観光展・物産展
",1,0,0,0,0,0,0,0,0,0,0,0,0,0,選択なし/該当施設なし,,選択なし/該当施設なし,"10,000円以上 20,000円未満",とても満足,,とても満足,,感じなかった,,10,,,機会があれば行きたい,
145728,道の駅「越前」 エリア,男,1952,74,70代,福井県,越前市,100万円未満,mobile/android,2026-09-07 15:46:03,9月,美浜町健康楽膳拠点施設こるぱエリア,92.美浜町健康楽膳拠点施設こるぱエリア,美浜町,嶺南東部,,日帰り,福井県内には宿泊しない,福井県内には宿泊しない,福井県外には宿泊しない,夫婦2人,"地元の美味しいものを食べる
",0,0,1,0,0,0,0,0,0,0,0,0,0,0,0,0,0,0,"自家用車
",1,0,0,0,0,0,0,"自家用車
徒歩
",0,0,1,0,,,"3,000円以上 5,000円未満","3,000円以上 5,000円未満","3,000円以上 5,000円未満",2～5回目,"観光展・物産展
",1,0,0,0,0,0,0,0,0,0,0,0,0,0,選択なし/該当施設なし,,選択なし/該当施設なし,"10,000円以上 20,000円未満",とても満足,,とても満足,,感じなかった,,10,,,福井県在住,
206583,web,男,1952,74,70代,福井県,越前市,100万円未満,mobile/android,2026-09-07 15:45:10,9月,道の駅「恐竜渓谷かつやま」 エリア,26.道の駅「恐竜渓谷かつやま」 エリア,勝山市,勝山市・大野市,勝山市観光まちづくり(株),日帰り,福井県内には宿泊しない,福井県内には宿泊しない,福井県外には宿泊しない,夫婦2人,"地元の美味しいものを食べる
",0,0,1,0,0,0,0,0,0,0,0,0,0,0,0,0,0,0,"自家用車
",1,0,0,0,0,0,0,"自家用車
徒歩
",0,0,1,0,,,"3,000円以上 5,000円未満","3,000円以上 5,000円未満","1,000円以上 3,000円未満",6～10回目,"観光展・物産展
",1,0,0,0,0,0,0,0,0,0,0,0,0,0,選択なし/該当施設なし,,選択なし/該当施設なし,"10,000円以上 20,000円未満",とても満足,,とても満足,,感じなかった,,10,,,機会があれば行きたい,
145728,道の駅「越前」 エリア,男,1952,74,70代,福井県,越前市,100万円未満,mobile/android,2026-09-07 15:44:19,9月,道の駅「恐竜渓谷かつやま」 エリア,26.道の駅「恐竜渓谷かつやま」 エリア,勝山市,勝山市・大野市,勝山市観光まちづくり(株),日帰り,福井県内には宿泊しない,福井県内には宿泊しない,福井県外には宿泊しない,夫婦2人,"地元の美味しいものを食べる
",0,0,1,0,0,0,0,0,0,0,0,0,0,0,0,0,0,0,"自家用車
",1,0,0,0,0,0,0,"自家用車
徒歩
",0,0,1,0,,,"3,000円以上 5,000円未満","3,000円以上 5,000円未満","3,000円以上 5,000円未満",6～10回目,"観光展・物産展
",1,0,0,0,0,0,0,0,0,0,0,0,0,0,選択なし/該当施設なし,,選択なし/該当施設なし,"5,000円以上 10,000円未満",とても満足,,とても満足,,感じなかった,,10,,,福井県在住,
206583,web,男,1952,74,70代,福井県,越前市,100万円未満,mobile/android,2026-09-07 15:42:58,9月,タケフナイフビレッジ エリア,39.タケフナイフビレッジ エリア,越前市,丹南,,日帰り,福井県内には宿泊しない,福井県内には宿泊しない,福井県外には宿泊しない,夫婦2人,"地元の美味しいものを食べる
",0,0,1,0,0,0,0,0,0,0,0,0,0,0,0,0,0,0,"自家用車
",1,0,0,0,0,0,0,"自家用車
徒歩
",0,0,1,0,,,"3,000円以上 5,000円未満","3,000円以上 5,000円未満","1,000円以上 3,000円未満",2～5回目,"観光展・物産展
",1,0,0,0,0,0,0,0,0,0,0,0,0,0,選択なし/該当施設なし,,選択なし/該当施設なし,"1,000円以上 3,000円未満",とても満足,,とても満足,,感じなかった,,10,,,機会があれば行きたい,
145728,道の駅「越前」 エリア,男,1952,74,70代,福井県,越前市,100万円未満,mobile/android,2026-09-07 15:42:06,9月,タケフナイフビレッジ エリア,39.タケフナイフビレッジ エリア,越前市,丹南,,日帰り,福井県内には宿泊しない,福井県内には宿泊しない,福井県外には宿泊しない,夫婦2人,"地元の美味しいものを食べる
",0,0,1,0,0,0,0,0,0,0,0,0,0,0,0,0,0,0,"自家用車
",1,0,0,0,0,0,0,"自家用車
徒歩
",0,0,1,0,とても満足,,"3,000円以上 5,000円未満","3,000円以上 5,000円未満","3,000円以上 5,000円未満",2～5回目,"観光展・物産展
",1,0,0,0,0,0,0,0,0,0,0,0,0,0,選択なし/該当施設なし,,選択なし/該当施設なし,"1,000円以上 3,000円未満",とても満足,,とても満足,,感じなかった,,10,,,福井県在住,
206583,web,男,1952,74,70代,福井県,越前市,100万円未満,mobile/android,2026-09-07 15:41:05,9月,道の駅「南えちぜん山海里」 エリア,58.道の駅「南えちぜん山海里」 エリア,南越前町,丹南,,日帰り,福井県内には宿泊しない,福井県内には宿泊しない,福井県外には宿泊しない,夫婦2人,"地元の美味しいものを食べる
",0,0,1,0,0,0,0,0,0,0,0,0,0,0,0,0,0,0,"自家用車
",1,0,0,0,0,0,0,"自家用車
徒歩
",0,0,1,0,とても満足,,"3,000円以上 5,000円未満","3,000円以上 5,000円未満","1,000円以上 3,000円未満",11回目以上,"観光展・物産展
",1,0,0,0,0,0,0,0,0,0,0,0,0,0,選択なし/該当施設なし,,選択なし/該当施設なし,"1,000円以上 3,000円未満",とても満足,,とても満足,,感じなかった,,10,,,機会があれば行きたい,
145728,道の駅「越前」 エリア,男,1952,74,70代,福井県,越前市,100万円未満,mobile/android,2026-09-07 15:40:09,9月,道の駅「南えちぜん山海里」 エリア,58.道の駅「南えちぜん山海里」 エリア,南越前町,丹南,,日帰り,福井県内には宿泊しない,福井県内には宿泊しない,福井県外には宿泊しない,夫婦2人,"地元の美味しいものを食べる
",0,0,1,0,0,0,0,0,0,0,0,0,0,0,0,0,0,0,"自家用車
",1,0,0,0,0,0,0,"自家用車
徒歩
",0,0,1,0,とても満足,,"3,000円以上 5,000円未満","3,000円以上 5,000円未満","3,000円以上 5,000円未満",11回目以上,"観光展・物産展
",1,0,0,0,0,0,0,0,0,0,0,0,0,0,選択なし/該当施設なし,,選択なし/該当施設なし,"1,000円以上 3,000円未満",とても満足,,とても満足,,感じなかった,,10,,,福井県在住,
206583,web,男,1952,74,70代,福井県,越前市,100万円未満,mobile/android,2026-09-07 15:38:31,9月,刃物の里 エリア,43.刃物の里 エリア,越前市,丹南,,日帰り,福井県内には宿泊しない,福井県内には宿泊しない,福井県外には宿泊しない,夫婦2人,"地元の美味しいものを食べる
",0,0,1,0,0,0,0,0,0,0,0,0,0,0,0,0,0,0,"自家用車
",1,0,0,0,0,0,0,"自家用車
徒歩
",0,0,1,0,,,"3,000円以上 5,000円未満","3,000円以上 5,000円未満","1,000円以上 3,000円未満",2～5回目,"観光展・物産展
",1,0,0,0,0,0,0,0,0,0,0,0,0,0,選択なし/該当施設なし,,選択なし/該当施設なし,"1,000円未満",とても満足,,とても満足,,感じなかった,,10,,,機会があれば行きたい,
145728,道の駅「越前」 エリア,男,1952,74,70代,福井県,越前市,100万円未満,mobile/android,2026-09-07 15:37:41,9月,刃物の里 エリア,43.刃物の里 エリア,越前市,丹南,,日帰り,福井県内には宿泊しない,福井県内には宿泊しない,福井県外には宿泊しない,夫婦2人,"地元の美味しいものを食べる
",0,0,1,0,0,0,0,0,0,0,0,0,0,0,0,0,0,0,"自家用車
",1,0,0,0,0,0,0,"自家用車
徒歩
",0,0,1,0,,,"3,000円以上 5,000円未満","3,000円以上 5,000円未満","3,000円以上 5,000円未満",2～5回目,"観光展・物産展
",1,0,0,0,0,0,0,0,0,0,0,0,0,0,選択なし/該当施設なし,,選択なし/該当施設なし,"1,000円未満",とても満足,,とても満足,,感じなかった,,10,,,福井県在住,
206583,web,男,1952,74,70代,福井県,越前市,100万円未満,mobile/android,2026-09-07 15:36:39,9月,今庄宿 エリア,60.今庄宿 エリア,南越前町,丹南,,日帰り,福井県内には宿泊しない,福井県内には宿泊しない,福井県外には宿泊しない,夫婦2人,"地元の美味しいものを食べる
",0,0,1,0,0,0,0,0,0,0,0,0,0,0,0,0,0,0,"自家用車
",1,0,0,0,0,0,0,"自家用車
徒歩
",0,0,1,0,,,"3,000円以上 5,000円未満","3,000円以上 5,000円未満","1,000円以上 3,000円未満",2～5回目,"観光展・物産展
",1,0,0,0,0,0,0,0,0,0,0,0,0,0,選択なし/該当施設なし,,選択なし/該当施設なし,"1,000円未満",とても満足,,とても満足,,感じなかった,,10,,,機会があれば行きたい,
145728,道の駅「越前」 エリア,男,1952,74,70代,福井県,越前市,100万円未満,mobile/android,2026-09-07 15:35:49,9月,今庄宿 エリア,60.今庄宿 エリア,南越前町,丹南,,日帰り,福井県内には宿泊しない,福井県内には宿泊しない,福井県外には宿泊しない,夫婦2人,"地元の美味しいものを食べる
",0,0,1,0,0,0,0,0,0,0,0,0,0,0,0,0,0,0,"自家用車
",1,0,0,0,0,0,0,"自家用車
徒歩
",0,0,1,0,,,"3,000円以上 5,000円未満","3,000円以上 5,000円未満","3,000円以上 5,000円未満",2～5回目,"観光展・物産展
",1,0,0,0,0,0,0,0,0,0,0,0,0,0,選択なし/該当施設なし,,選択なし/該当施設なし,"1,000円未満",とても満足,,とても満足,,感じなかった,,10,,,福井県在住,
207688,福井駅前 エリア（宿泊施設）,女,1989,37,30代,愛知県,清須市,600万円以上 700万円未満,mobile/android,2026-09-07 15:21:31,9月,道の駅「南えちぜん山海里」 エリア,58.道の駅「南えちぜん山海里」 エリア,南越前町,丹南,,1泊,1泊,福井エリア（福井市・永平寺町）,福井県外には宿泊しない,小学生以下連れの家族,"テーマパーク（遊園地、動物園、博物館など）
",0,0,0,0,0,1,0,0,0,0,0,0,0,0,0,0,0,0,"自家用車
",1,0,0,0,0,0,0,"自家用車
",0,0,0,0,,,"5,000円以上 10,000円未満","3,000円以上 5,000円未満","5,000円以上 10,000円未満",2～5回目,"Instagram
",0,0,0,0,0,0,0,1,0,0,0,0,0,0,選択なし/該当施設なし,,選択なし/該当施設なし,"3,000円以上 5,000円未満",とても満足,,とても満足,,感じなかった,,10,,,どちらともいえない,
207688,福井駅前 エリア（宿泊施設）,女,1989,37,30代,愛知県,清須市,600万円以上 700万円未満,mobile/android,2026-09-07 15:20:31,9月,かにファクトリー 甲羅組 エリア,102.かにファクトリー 甲羅組 エリア,敦賀市,嶺南東部,,1泊,1泊,福井エリア（福井市・永平寺町）,福井県外には宿泊しない,小学生以下連れの家族,"テーマパーク（遊園地、動物園、博物館など）
",0,0,0,0,0,1,0,0,0,0,0,0,0,0,0,0,0,0,"自家用車
",1,0,0,0,0,0,0,"自家用車
",0,0,0,0,とても満足,,"5,000円以上 10,000円未満","3,000円以上 5,000円未満","5,000円以上 10,000円未満",初めて,"Instagram
",0,0,0,0,0,0,0,1,0,0,0,0,0,0,選択なし/該当施設なし,,選択なし/該当施設なし,"1,000円未満",とても満足,,とても満足,,感じなかった,,10,,,どちらともいえない,
207697,web,女,1985,41,40代,千葉県,船橋市,500万円以上 600万円未満,mobile/iphone,2026-09-07 15:01:16,9月,大本山 永平寺 エリア,34.大本山 永平寺 エリア,永平寺町,福井市・永平寺町,,2泊,2泊,三国・あわらエリア（あわら市・坂井市）,福井県外には宿泊しない,親,"温泉や露天風呂
名所、旧跡の観光
",0,1,0,0,1,0,0,0,0,0,0,0,0,0,0,0,0,0,"レンタカー
",0,1,0,0,0,0,0,"レンタカー
",0,0,0,0,どちらでもない,,"50,000円以上 100,000円未満","20,000円以上 30,000円未満","50,000円以上 100,000円未満",2～5回目,"新聞・雑誌・ガイドブック
観光パンフレット・ポスター
",0,1,0,1,0,0,0,0,0,0,0,0,0,0,福井県立恐竜博物館,,あわら温泉街,"1,000円未満",満足,,満足,,感じた,高齢な両親に階段はきつかった。,5,,,また行きたい（1年以内）,
191362,web,女,1968,58,50代,福井県,敦賀市,300万円以上 400万円未満,mobile/android,2026-09-07 14:20:54,9月,越前そばの里 エリア,37.越前そばの里 エリア,越前市,丹南,,1泊,1泊,福井エリア（福井市・永平寺町）,福井県外には宿泊しない,夫婦2人,"買い物、アウトレット
",0,0,0,0,0,0,1,0,0,0,0,0,0,0,0,0,0,0,"県外から訪れていない（福井県在住）
",1,0,0,0,0,0,1,"自家用車
",0,0,0,0,,,"5,000円以上 10,000円未満",使わない,"10,000円以上 20,000円未満",11回目以上,"インターネット・アプリ
",0,0,0,0,0,1,0,0,0,0,0,0,0,0,選択なし/該当施設なし,,選択なし/該当施設なし,"1,000円未満",満足,,満足,,感じなかった,,8,,,,
203910,web,男,1958,68,60代,福井県,敦賀市,400万円以上 500万円未満,mobile/android,2026-09-07 14:20:46,9月,越前そばの里 エリア,37.越前そばの里 エリア,越前市,丹南,,1泊,1泊,福井エリア（福井市・永平寺町）,福井県外には宿泊しない,夫婦2人,"温泉や露天風呂
",0,1,0,0,0,0,0,0,0,0,0,0,0,0,0,0,0,0,"自家用車
",1,0,0,0,0,0,0,"自家用車
",0,0,0,0,,,"5,000円以上 10,000円未満",使わない,"1,000円以上 3,000円未満",11回目以上,"友人・知人
",0,0,0,0,0,0,0,0,0,0,1,0,0,0,選択なし/該当施設なし,,選択なし/該当施設なし,使わない,満足,,満足,,感じなかった,,7,,,,
207702,東尋坊 エリア,女,1979,47,40代,神奈川県,藤沢市,800万円以上 900万円未満,mobile/android,2026-09-07 14:16:39,9月,東尋坊 エリア,10.東尋坊 エリア,坂井市,あわら市・坂井市,(一社)DMOさかい観光局,3泊,3泊,福井エリア（福井市・永平寺町）,福井県外には宿泊しない,夫婦2人,"地元の美味しいものを食べる
名所、旧跡の観光
テーマパーク（遊園地、動物園、博物館など）
",0,0,1,0,1,1,0,0,0,0,0,0,0,0,0,0,0,0,"新幹線
",0,0,1,1,0,0,0,"在来線
路線バス
",0,1,0,0,満足,福井郊外をのんびり移動できる,"40,000円以上 50,000円未満","20,000円以上 30,000円未満","30,000円以上 40,000円未満",初めて,"新聞・雑誌・ガイドブック
インターネット・アプリ
観光協会等の案内所
",0,1,0,0,0,1,0,0,0,0,0,1,0,0,大本山永平寺,,福井県立恐竜博物館,"3,000円以上 5,000円未満",とても満足,遊覧船が面白かった,とても満足,食事が美味しかった,感じた,バスが一時間に一本しかない,10,永平寺、東尋坊,今のままで良い。近代化しないでほしい,機会があれば行きたい,近代化しないでほしい
203910,web,男,1958,68,60代,福井県,敦賀市,400万円以上 500万円未満,mobile/android,2026-09-07 13:48:57,9月,北陸新幹線 越前たけふ駅 エリア,38.北陸新幹線 越前たけふ駅 エリア,越前市,丹南,,1泊,1泊,福井エリア（福井市・永平寺町）,福井県外には宿泊しない,夫婦2人,"温泉や露天風呂
",0,1,0,0,0,0,0,0,0,0,0,0,0,0,0,0,0,0,"自家用車
",1,0,0,0,0,0,0,"自家用車
",0,0,0,0,,,"5,000円以上 10,000円未満",使わない,"1,000円以上 3,000円未満",11回目以上,"友人・知人
",0,0,0,0,0,0,0,0,0,0,1,0,0,0,選択なし/該当施設なし,,選択なし/該当施設なし,使わない,満足,,満足,,感じなかった,,7,,,,
191362,web,女,1968,58,50代,福井県,敦賀市,300万円以上 400万円未満,mobile/android,2026-09-07 13:48:43,9月,北陸新幹線 越前たけふ駅 エリア,38.北陸新幹線 越前たけふ駅 エリア,越前市,丹南,,1泊,1泊,福井エリア（福井市・永平寺町）,福井県外には宿泊しない,夫婦2人,"買い物、アウトレット
",0,0,0,0,0,0,1,0,0,0,0,0,0,0,0,0,0,0,"県外から訪れていない（福井県在住）
",1,0,0,0,0,0,1,"自家用車
",0,0,0,0,,,"5,000円以上 10,000円未満",使わない,"10,000円以上 20,000円未満",11回目以上,"インターネット・アプリ
",0,0,0,0,0,1,0,0,0,0,0,0,0,0,選択なし/該当施設なし,,選択なし/該当施設なし,"1,000円未満",満足,,満足,,感じなかった,,7,,,,
138287,web,女,1993,33,30代,岐阜県,岐阜市,300万円以上 400万円未満,mobile/android,2026-09-07 13:33:49,9月,かずら橋 エリア,48.かずら橋 エリア,池田町,丹南,（一財）いけだ農村観光公社,4泊以上,4泊以上,嶺南エリア（敦賀市・美浜町・若狭町・小浜市・おおい町・高浜町）,福井県外には宿泊しない,恋人,"まちあるき、都市散策
",0,0,0,0,0,0,0,0,0,0,1,0,0,0,0,0,0,0,"自家用車
",1,0,0,0,0,0,0,"自家用車
",0,0,0,0,,,"40,000円以上 50,000円未満","3,000円以上 5,000円未満","30,000円以上 40,000円未満",2～5回目,"友人・知人
",0,0,0,0,0,0,0,0,0,0,1,0,0,0,選択なし/該当施設なし,,選択なし/該当施設なし,"1,000円未満",満足,,満足,,感じなかった,,7,,,,
107299,東尋坊 エリア,男,1988,38,30代,岐阜県,瑞穂市,"1,000万円以上 1,200万円未満",mobile/android,2026-09-07 13:33:26,9月,かずら橋 エリア,48.かずら橋 エリア,池田町,丹南,（一財）いけだ農村観光公社,4泊以上,4泊以上,嶺南エリア（敦賀市・美浜町・若狭町・小浜市・おおい町・高浜町）,福井県外には宿泊しない,恋人,"名所、旧跡の観光
",0,0,0,0,1,0,0,0,0,0,0,0,0,0,0,0,0,0,"自家用車
",1,0,0,0,0,0,0,"自家用車
",0,0,0,0,とても満足,,"40,000円以上 50,000円未満","10,000円以上 20,000円未満","20,000円以上 30,000円未満",2～5回目,"Twitter
",0,0,0,0,0,0,1,0,0,0,0,0,0,0,選択なし/該当施設なし,,選択なし/該当施設なし,"1,000円以上 3,000円未満",とても満足,,とても満足,,感じなかった,,10,,,,
207701,かにファクトリー 甲羅組 エリア,男,1990,36,30代,愛知県,犬山市,600万円以上 700万円未満,mobile/iphone,2026-09-07 13:33:00,9月,かにファクトリー 甲羅組 エリア,102.かにファクトリー 甲羅組 エリア,敦賀市,嶺南東部,,1泊,4泊以上,三国・あわらエリア（あわら市・坂井市）,石川県加賀市,小学生以下連れの家族,"宿でのんびり過ごす
温泉や露天風呂
テーマパーク（遊園地、動物園、博物館など）
買い物、アウトレット
",1,1,0,0,0,1,1,0,0,0,0,0,0,0,0,0,0,0,"自家用車
",1,0,0,0,0,0,0,"自家用車
",0,0,0,0,とても満足,子供の遊び場が充実,"50,000円以上 100,000円未満","50,000円以上 100,000円未満","30,000円以上 40,000円未満",初めて,"観光展・物産展
インターネット・アプリ
",1,0,0,0,0,1,0,0,0,0,0,0,0,0,道の駅「恐竜渓谷かつやま」,,敦賀赤レンガ倉庫,"3,000円以上 5,000円未満",とても満足,商品が安い,とても満足,子供連れにはいい,感じなかった,,9,子供の遊び場,なし,また行きたい（1年以内）,なし
169831,web,男,1976,50,50代,岐阜県,高山市,700万円以上 800万円未満,mobile/android,2026-09-07 12:58:04,9月,あわら湯のまち エリア,17.あわら湯のまち エリア,あわら市,あわら市・坂井市,,2泊,2泊,福井エリア（福井市・永平寺町）,福井県外には宿泊しない,恋人,"地元の美味しいものを食べる
",0,0,1,0,0,0,0,0,0,0,0,0,0,0,0,0,0,近くを通ったから,"自家用車
",1,0,0,0,0,0,0,"自家用車
",0,0,0,0,満足,,"10,000円以上 20,000円未満","3,000円以上 5,000円未満","10,000円以上 20,000円未満",2～5回目,"その他
",0,0,0,0,0,0,0,0,0,0,0,0,0,0,北の庄城址・柴田公園,,選択なし/該当施設なし,"1,000円未満",満足,,満足,,感じなかった,,7,,,また行きたい（1年以内）,
107299,東尋坊 エリア,男,1988,38,30代,岐阜県,瑞穂市,"1,000万円以上 1,200万円未満",mobile/android,2026-09-07 12:57:21,9月,まちの駅 こってコテいけだ エリア,47.まちの駅 こってコテいけだ エリア,池田町,丹南,（一財）いけだ農村観光公社,4泊以上,4泊以上,嶺南エリア（敦賀市・美浜町・若狭町・小浜市・おおい町・高浜町）,福井県外には宿泊しない,恋人,"名所、旧跡の観光
",0,0,0,0,1,0,0,0,0,0,0,0,0,0,0,0,0,0,"自家用車
",1,0,0,0,0,0,0,"自家用車
",0,0,0,0,とても満足,,"40,000円以上 50,000円未満","10,000円以上 20,000円未満","20,000円以上 30,000円未満",2～5回目,"Twitter
",0,0,0,0,0,0,1,0,0,0,0,0,0,0,選択なし/該当施設なし,,選択なし/該当施設なし,"1,000円以上 3,000円未満",とても満足,,とても満足,,感じなかった,,10,,,,
138287,web,女,1993,33,30代,岐阜県,岐阜市,300万円以上 400万円未満,mobile/android,2026-09-07 12:57:02,9月,まちの駅 こってコテいけだ エリア,47.まちの駅 こってコテいけだ エリア,池田町,丹南,（一財）いけだ農村観光公社,4泊以上,4泊以上,嶺南エリア（敦賀市・美浜町・若狭町・小浜市・おおい町・高浜町）,福井県外には宿泊しない,恋人,"まちあるき、都市散策
",0,0,0,0,0,0,0,0,0,0,1,0,0,0,0,0,0,0,"自家用車
",1,0,0,0,0,0,0,"自家用車
",0,0,0,0,,,"40,000円以上 50,000円未満","3,000円以上 5,000円未満","30,000円以上 40,000円未満",2～5回目,"友人・知人
",0,0,0,0,0,0,0,0,0,0,1,0,0,0,選択なし/該当施設なし,,選択なし/該当施設なし,"1,000円未満",満足,,どちらでもない,,感じなかった,,8,,,,
206583,web,男,1952,74,70代,福井県,越前市,100万円未満,mobile/android,2026-09-07 12:44:43,9月,河野北前船主通りエリア,59.河野北前船主通りエリア,南越前町,丹南,,日帰り,福井県内には宿泊しない,福井県内には宿泊しない,福井県外には宿泊しない,夫婦2人,"地元の美味しいものを食べる
",0,0,1,0,0,0,0,0,0,0,0,0,0,0,0,0,0,0,"自家用車
",1,0,0,0,0,0,0,"自家用車
",0,0,0,0,とても満足,,"3,000円以上 5,000円未満","3,000円以上 5,000円未満","1,000円以上 3,000円未満",初めて,"観光展・物産展
",1,0,0,0,0,0,0,0,0,0,0,0,0,0,選択なし/該当施設なし,,選択なし/該当施設なし,"3,000円以上 5,000円未満",とても満足,,とても満足,,感じなかった,,10,,,機会があれば行きたい,
145728,道の駅「越前」 エリア,男,1952,74,70代,福井県,越前市,100万円未満,mobile/android,2026-09-07 12:42:32,9月,河野北前船主通りエリア,59.河野北前船主通りエリア,南越前町,丹南,,日帰り,福井県内には宿泊しない,福井県内には宿泊しない,福井県外には宿泊しない,夫婦2人,"地元の美味しいものを食べる
",0,0,1,0,0,0,0,0,0,0,0,0,0,0,0,0,0,0,"自家用車
",1,0,0,0,0,0,0,"自家用車
徒歩
",0,0,1,0,,,"3,000円以上 5,000円未満","3,000円以上 5,000円未満","3,000円以上 5,000円未満",初めて,"観光展・物産展
",1,0,0,0,0,0,0,0,0,0,0,0,0,0,選択なし/該当施設なし,,選択なし/該当施設なし,"3,000円以上 5,000円未満",とても満足,,とても満足,,感じなかった,,10,,,福井県在住,
207692,あわら湯のまち エリア,男,1983,43,40代,兵庫県,明石市,600万円以上 700万円未満,mobile/iphone,2026-09-07 12:32:34,9月,あわら湯のまち エリア,17.あわら湯のまち エリア,あわら市,あわら市・坂井市,,1泊,1泊,福井県内には宿泊しない,福井県外には宿泊しない,恋人,"宿でのんびり過ごす
温泉や露天風呂
",1,1,0,0,0,0,0,0,0,0,0,0,0,0,0,0,0,0,"レンタカー
",0,1,0,0,0,0,0,"レンタカー
",0,0,0,0,満足,,"50,000円以上 100,000円未満","10,000円以上 20,000円未満","10,000円以上 20,000円未満",初めて,"観光展・物産展
",1,0,0,0,0,0,0,0,0,0,0,0,0,0,一乗谷朝倉氏遺跡,,選択なし/該当施設なし,"5,000円以上 10,000円未満",満足,,満足,,感じた,,5,,,,
138287,web,女,1993,33,30代,岐阜県,岐阜市,300万円以上 400万円未満,mobile/android,2026-09-07 12:31:41,9月,越前和紙の里 エリア,36.越前和紙の里 エリア,越前市,丹南,,4泊以上,4泊以上,嶺南エリア（敦賀市・美浜町・若狭町・小浜市・おおい町・高浜町）,福井県外には宿泊しない,恋人,"まちあるき、都市散策
",0,0,0,0,0,0,0,0,0,0,1,0,0,0,0,0,0,0,"自家用車
",1,0,0,0,0,0,0,"自家用車
",0,0,0,0,,,"40,000円以上 50,000円未満","3,000円以上 5,000円未満","30,000円以上 40,000円未満",2～5回目,"友人・知人
",0,0,0,0,0,0,0,0,0,0,1,0,0,0,選択なし/該当施設なし,,選択なし/該当施設なし,"1,000円以上 3,000円未満",とても満足,,満足,,感じなかった,,7,,,,
107299,東尋坊 エリア,男,1988,38,30代,岐阜県,瑞穂市,"1,000万円以上 1,200万円未満",mobile/android,2026-09-07 12:31:17,9月,越前和紙の里 エリア,36.越前和紙の里 エリア,越前市,丹南,,4泊以上,4泊以上,嶺南エリア（敦賀市・美浜町・若狭町・小浜市・おおい町・高浜町）,福井県外には宿泊しない,恋人,"名所、旧跡の観光
",0,0,0,0,1,0,0,0,0,0,0,0,0,0,0,0,0,0,"自家用車
",1,0,0,0,0,0,0,"自家用車
",0,0,0,0,,,"40,000円以上 50,000円未満","10,000円以上 20,000円未満","20,000円以上 30,000円未満",2～5回目,"Twitter
",0,0,0,0,0,0,1,0,0,0,0,0,0,0,選択なし/該当施設なし,,選択なし/該当施設なし,"3,000円以上 5,000円未満",とても満足,,とても満足,,感じなかった,,10,,,,
207667,越前海岸 くりや旅館街 エリア,女,1964,62,60代,愛知県,豊田市,200万円以上 300万円未満,mobile/iphone,2026-09-07 12:07:58,9月,越前そばの里 エリア,37.越前そばの里 エリア,越前市,丹南,,1泊,1泊,越前エリア（越前市・越前町・鯖江市・池田町・南越前町）,なし,夫婦2人,"地元の美味しいものを食べる
",0,0,1,0,0,0,0,0,0,0,0,0,0,0,0,0,0,0,"自家用車
",1,0,0,0,0,0,0,"自家用車
",0,0,0,0,満足,,"10,000円以上 20,000円未満","10,000円以上 20,000円未満","5,000円以上 10,000円未満",2～5回目,"インターネット・アプリ
",0,0,0,0,0,1,0,0,0,0,0,0,0,0,選択なし/該当施設なし,,選択なし/該当施設なし,"1,000円以上 3,000円未満",満足,,満足,,感じなかった,,8,,,また行きたい（1年以内）,
203476,一乗谷朝倉氏遺跡 エリア,女,1985,41,40代,大阪府,大阪市都島区,分からない/無回答,mobile/iphone,2026-09-07 12:07:37,9月,御食国若狭おばま食文化館 エリア,71.御食国若狭おばま食文化館 エリア,小浜市,嶺南西部,(株)まちづくり小浜,1泊,1泊,嶺南エリア（敦賀市・美浜町・若狭町・小浜市・おおい町・高浜町）,福井県外には宿泊しない,その他家族,"ドライブ・ツーリング
",0,0,0,0,0,0,0,0,0,0,0,0,0,0,1,0,0,0,"自家用車
",1,0,0,0,0,0,0,"自家用車
",0,0,0,0,,,"10,000円以上 20,000円未満","5,000円以上 10,000円未満","20,000円以上 30,000円未満",初めて,"インターネット・アプリ
",0,0,0,0,0,1,0,0,0,0,0,0,0,0,選択なし/該当施設なし,,選択なし/該当施設なし,"1,000円以上 3,000円未満",満足,,満足,,感じなかった,,8,,,また行きたい（1年以内）,
127672,web,男,1952,74,70代,福井県,越前市,600万円以上 700万円未満,mobile/iphone,2026-09-07 11:55:04,9月,メガネストリート エリア,45.メガネストリート エリア,鯖江市,丹南,,日帰り,福井県内には宿泊しない,福井県内には宿泊しない,福井県外には宿泊しない,その他家族,"まちあるき、都市散策
",0,0,0,0,0,0,0,0,0,0,1,0,0,0,0,0,0,0,"県外から訪れていない（福井県在住）
",1,0,0,0,0,0,1,"自家用車
",0,0,0,0,とても満足,,"1,000円以上 3,000円未満","1,000円以上 3,000円未満","1,000円以上 3,000円未満",2～5回目,"Facebook
",0,0,0,0,0,0,0,0,1,0,0,0,0,0,選択なし/該当施設なし,,選択なし/該当施設なし,使わない,とても満足,,とても満足,,感じなかった,,8,,,福井県在住,
203910,web,男,1958,68,60代,福井県,敦賀市,400万円以上 500万円未満,mobile/android,2026-09-07 11:48:13,9月,ふくい鮮いちば エリア,05.ふくい鮮いちば エリア,福井市,福井市・永平寺町,,1泊,1泊,福井エリア（福井市・永平寺町）,福井県外には宿泊しない,夫婦2人,"温泉や露天風呂
",0,1,0,0,0,0,0,0,0,0,0,0,0,0,0,0,0,0,"自家用車
",1,0,0,0,0,0,0,"自家用車
",0,0,0,0,,,"5,000円以上 10,000円未満",使わない,"1,000円以上 3,000円未満",6～10回目,"友人・知人
",0,0,0,0,0,0,0,0,0,0,1,0,0,0,選択なし/該当施設なし,,選択なし/該当施設なし,"1,000円以上 3,000円未満",どちらでもない,,どちらでもない,,感じなかった,,6,,,,
191362,web,女,1968,58,50代,福井県,敦賀市,300万円以上 400万円未満,mobile/android,2026-09-07 11:47:35,9月,ふくい鮮いちば エリア,05.ふくい鮮いちば エリア,福井市,福井市・永平寺町,,1泊,1泊,福井エリア（福井市・永平寺町）,福井県外には宿泊しない,夫婦2人,"買い物、アウトレット
",0,0,0,0,0,0,1,0,0,0,0,0,0,0,0,0,0,0,"県外から訪れていない（福井県在住）
",1,0,0,0,0,0,1,"自家用車
",0,0,0,0,,,"5,000円以上 10,000円未満",使わない,"10,000円以上 20,000円未満",2～5回目,"インターネット・アプリ
",0,0,0,0,0,1,0,0,0,0,0,0,0,0,選択なし/該当施設なし,,選択なし/該当施設なし,"1,000円未満",満足,,満足,,感じなかった,,7,,,,
203476,一乗谷朝倉氏遺跡 エリア,女,1985,41,40代,大阪府,大阪市都島区,分からない/無回答,mobile/iphone,2026-09-07 11:38:52,9月,箸のふるさと館WAKASA エリア,74.箸のふるさと館WAKASA エリア,小浜市,嶺南西部,(株)まちづくり小浜,1泊,1泊,嶺南エリア（敦賀市・美浜町・若狭町・小浜市・おおい町・高浜町）,福井県外には宿泊しない,その他家族,"ドライブ・ツーリング
",0,0,0,0,0,0,0,0,0,0,0,0,0,0,1,0,0,0,"自家用車
",1,0,0,0,0,0,0,"自家用車
",0,0,0,0,,,"10,000円以上 20,000円未満","5,000円以上 10,000円未満","20,000円以上 30,000円未満",初めて,"インターネット・アプリ
",0,0,0,0,0,1,0,0,0,0,0,0,0,0,レインボーライン,,御食国若狭おばま食文化館,"1,000円以上 3,000円未満",満足,,満足,,感じなかった,,7,,,また行きたい（1年以内）,
207667,越前海岸 くりや旅館街 エリア,女,1964,62,60代,愛知県,豊田市,200万円以上 300万円未満,mobile/iphone,2026-09-07 11:30:08,9月,北陸新幹線 越前たけふ駅 エリア,38.北陸新幹線 越前たけふ駅 エリア,越前市,丹南,,1泊,1泊,越前エリア（越前市・越前町・鯖江市・池田町・南越前町）,なし,夫婦2人,"地元の美味しいものを食べる
",0,0,1,0,0,0,0,0,0,0,0,0,0,0,0,0,0,0,"自家用車
",1,0,0,0,0,0,0,"自家用車
",0,0,0,0,,,"10,000円以上 20,000円未満","10,000円以上 20,000円未満","5,000円以上 10,000円未満",初めて,"インターネット・アプリ
",0,0,0,0,0,1,0,0,0,0,0,0,0,0,選択なし/該当施設なし,,選択なし/該当施設なし,"3,000円以上 5,000円未満",満足,,満足,,感じなかった,,8,,,また行きたい（1年以内）,
138287,web,女,1993,33,30代,岐阜県,岐阜市,300万円以上 400万円未満,mobile/android,2026-09-07 11:13:54,9月,北陸新幹線 越前たけふ駅 エリア,38.北陸新幹線 越前たけふ駅 エリア,越前市,丹南,,4泊以上,4泊以上,嶺南エリア（敦賀市・美浜町・若狭町・小浜市・おおい町・高浜町）,福井県外には宿泊しない,恋人,"まちあるき、都市散策
",0,0,0,0,0,0,0,0,0,0,1,0,0,0,0,0,0,0,"自家用車
",1,0,0,0,0,0,0,"自家用車
",0,0,0,0,,,"40,000円以上 50,000円未満","3,000円以上 5,000円未満","30,000円以上 40,000円未満",2～5回目,"友人・知人
",0,0,0,0,0,0,0,0,0,0,1,0,0,0,選択なし/該当施設なし,,選択なし/該当施設なし,"1,000円以上 3,000円未満",満足,,満足,,感じなかった,,8,,,,
107299,東尋坊 エリア,男,1988,38,30代,岐阜県,瑞穂市,"1,000万円以上 1,200万円未満",mobile/android,2026-09-07 11:13:43,9月,北陸新幹線 越前たけふ駅 エリア,38.北陸新幹線 越前たけふ駅 エリア,越前市,丹南,,4泊以上,4泊以上,嶺南エリア（敦賀市・美浜町・若狭町・小浜市・おおい町・高浜町）,福井県外には宿泊しない,恋人,"名所、旧跡の観光
",0,0,0,0,1,0,0,0,0,0,0,0,0,0,0,0,0,0,"自家用車
",1,0,0,0,0,0,0,"自家用車
",0,0,0,0,とても満足,,"40,000円以上 50,000円未満","10,000円以上 20,000円未満","20,000円以上 30,000円未満",2～5回目,"Twitter
",0,0,0,0,0,0,1,0,0,0,0,0,0,0,選択なし/該当施設なし,,選択なし/該当施設なし,"3,000円以上 5,000円未満",とても満足,,とても満足,,感じなかった,,10,,,,
207694,web,女,1988,38,30代,大阪府,枚方市,"1,200万円以上 1,500万円未満",mobile/android,2026-09-07 10:47:06,9月,越前松島水族館 エリア,11.越前松島水族館 エリア,坂井市,あわら市・坂井市,(一社)DMOさかい観光局,2泊,2泊,三国・あわらエリア（あわら市・坂井市）,福井県外には宿泊しない,小学生以下連れの家族,"宿でのんびり過ごす
地元の美味しいものを食べる
名所、旧跡の観光
テーマパーク（遊園地、動物園、博物館など）
",1,0,1,0,1,1,0,0,0,0,0,0,0,0,0,0,0,0,"自家用車
",1,0,0,0,0,0,0,"自家用車
",0,0,0,0,とても満足,選択していない,"10,000円以上 20,000円未満","10,000円以上 20,000円未満","5,000円以上 10,000円未満",初めて,"観光パンフレット・ポスター
Instagram
友人・知人
",0,0,0,1,0,0,0,1,0,0,1,0,0,0,一乗谷朝倉氏遺跡,,福井県立恐竜博物館,"5,000円以上 10,000円未満",満足,ホテルの外でごはんを食べようとすると閉店時間が早く感じた。人がとても親切で子連れに優しいと感じた。,とても満足,"子連れに優しい設備が整っている場所が多かった。
大抵田舎に行くと、おむつ替え設備が女子トイレにしかなかったり、授乳室はないものとして思って準備していたが、設備が整っており感動した。",感じなかった,,6,ごはんは美味しい。運転していて穀倉地帯の景色が美しい。,,機会があれば行きたい,外国人観光客が少なく旅行しやすかった。福井県自体が穴場と感じ、子連れの旅行によいと感じた。
207693,小浜市 阿納 エリア,女,1999,27,20代,大阪府,堺市中区,400万円以上 500万円未満,mobile/iphone,2026-09-07 10:13:42,9月,小浜市 阿納 エリア,67.小浜市 阿納 エリア,小浜市,嶺南西部,(株)まちづくり小浜,1泊,1泊,嶺南エリア（敦賀市・美浜町・若狭町・小浜市・おおい町・高浜町）,福井県外には宿泊しない,恋人,"宿でのんびり過ごす
",1,0,0,0,0,0,0,0,0,0,0,0,0,0,0,0,0,0,"自家用車
",1,0,0,0,0,0,0,"自家用車
",0,0,0,0,満足,,"30,000円以上 40,000円未満","3,000円以上 5,000円未満","5,000円以上 10,000円未満",初めて,"インターネット・アプリ
",0,0,0,0,0,1,0,0,0,0,0,0,0,0,選択なし/該当施設なし,,選択なし/該当施設なし,"3,000円以上 5,000円未満",とても満足,,とても満足,,感じなかった,,5,,,機会があれば行きたい,
130116,web,女,1960,66,60代,兵庫県,西宮市,200万円以上 300万円未満,mobile/android,2026-09-07 09:57:03,9月,熊川宿 エリア,81.熊川宿 エリア,若狭町,嶺南東部,三方五湖DMO(株),1泊,1泊,嶺南エリア（敦賀市・美浜町・若狭町・小浜市・おおい町・高浜町）,福井県外には宿泊しない,小学生以下連れの家族,"地元の美味しいものを食べる
",0,0,1,0,0,0,0,0,0,0,0,0,0,0,0,0,0,0,"自家用車
",1,0,0,0,0,0,0,"自家用車
",0,0,0,0,,,"10,000円以上 20,000円未満","5,000円以上 10,000円未満","5,000円以上 10,000円未満",2～5回目,"インターネット・アプリ
",0,0,0,0,0,1,0,0,0,0,0,0,0,0,選択なし/該当施設なし,,福井県海浜自然センター,"1,000円以上 3,000円未満",満足,静かな街並みを楽しめた。鯖寿司が美味しかった。,満足,,感じなかった,,5,鯖街道が1本道の山道なので、時間を考えて通らないと渋滞するところ。,,また行きたい（1年以内）,今回宿泊した世久見地区の海岸が静かで小さな子ども連れの海遊びや釣りが楽しめ、料理も新鮮な魚料理で満喫しました。
207691,かつやま恐竜の森 エリア,女,1968,58,50代,岐阜県,岐阜市,500万円以上 600万円未満,mobile/iphone,2026-09-07 09:31:38,9月,かつやま恐竜の森 エリア,25.かつやま恐竜の森 エリア,勝山市,勝山市・大野市,勝山市観光まちづくり(株),1泊,1泊,奥越前エリア（勝山市・大野市）,福井県外には宿泊しない,夫婦2人,"テーマパーク（遊園地、動物園、博物館など）
",0,0,0,0,0,1,0,0,0,0,0,0,0,0,0,0,0,0,"自家用車
",1,0,0,0,0,0,0,"自家用車
",0,0,0,0,,,"30,000円以上 40,000円未満","5,000円以上 10,000円未満","10,000円以上 20,000円未満",2～5回目,"インターネット・アプリ
",0,0,0,0,0,1,0,0,0,0,0,0,0,0,選択なし/該当施設なし,,選択なし/該当施設なし,"10,000円以上 20,000円未満",満足,,満足,,感じなかった,,7,,,,
203476,一乗谷朝倉氏遺跡 エリア,女,1985,41,40代,大阪府,大阪市都島区,分からない/無回答,mobile/iphone,2026-09-07 09:24:59,9月,レインボーライン エリア,77.レインボーライン エリア,美浜町,嶺南東部,三方五湖DMO(株),1泊,1泊,嶺南エリア（敦賀市・美浜町・若狭町・小浜市・おおい町・高浜町）,福井県外には宿泊しない,その他家族,"ドライブ・ツーリング
",0,0,0,0,0,0,0,0,0,0,0,0,0,0,1,0,0,0,"自家用車
",1,0,0,0,0,0,0,"自家用車
",0,0,0,0,,,"10,000円以上 20,000円未満","5,000円以上 10,000円未満","20,000円以上 30,000円未満",初めて,"インターネット・アプリ
",0,0,0,0,0,1,0,0,0,0,0,0,0,0,道の駅「三方五湖」,,選択なし/該当施設なし,"3,000円以上 5,000円未満",満足,,満足,,感じなかった,,9,,,また行きたい（1年以内）,
201732,名田庄 エリア,女,1970,56,50代,京都府,京都市山科区,100万円未満,mobile/android,2026-09-07 09:23:52,9月,大本山 永平寺 エリア,34.大本山 永平寺 エリア,永平寺町,福井市・永平寺町,,1泊,1泊,福井エリア（福井市・永平寺町）,福井県外には宿泊しない,夫婦2人,"名所、旧跡の観光
",0,0,0,0,1,0,0,0,0,0,0,0,0,0,0,0,0,0,"自家用車
",1,0,0,0,0,0,0,"自家用車
",0,0,0,0,とても満足,,"5,000円以上 10,000円未満",使わない,"5,000円以上 10,000円未満",初めて,"インターネット・アプリ
",0,0,0,0,0,1,0,0,0,0,0,0,0,0,道の駅「パークイン丹生ヶ丘」,,選択なし/該当施設なし,"1,000円以上 3,000円未満",とても満足,,とても満足,,感じなかった,,10,,,また行きたい（1年以内）,
207688,福井駅前 エリア（宿泊施設）,女,1989,37,30代,愛知県,清須市,600万円以上 700万円未満,mobile/android,2026-09-07 08:06:24,9月,福井駅前 エリア（宿泊施設）,02.福井駅前 エリア（宿泊施設）,福井市,福井市・永平寺町,,1泊,1泊,福井エリア（福井市・永平寺町）,福井県外には宿泊しない,小学生以下連れの家族,"地元の美味しいものを食べる
テーマパーク（遊園地、動物園、博物館など）
",0,0,1,0,0,1,0,0,0,0,0,0,0,0,0,0,0,0,"自家用車
",1,0,0,0,0,0,0,"自家用車
",0,0,0,0,とても満足,動きやすかったから,"5,000円以上 10,000円未満","3,000円以上 5,000円未満","5,000円以上 10,000円未満",2～5回目,"観光展・物産展
Instagram
",1,0,0,0,0,0,0,1,0,0,0,0,0,0,越前松島水族館,かにファクトリー,選択なし/該当施設なし,"5,000円以上 10,000円未満",とても満足,,とても満足,,感じなかった,,10,,,どちらともいえない,
207687,web,男,1997,29,20代,滋賀県,大津市,500万円以上 600万円未満,mobile/android,2026-09-07 08:03:46,9月,かつやま恐竜の森 エリア,25.かつやま恐竜の森 エリア,勝山市,勝山市・大野市,勝山市観光まちづくり(株),2泊,2泊,奥越前エリア（勝山市・大野市）,福井県外には宿泊しない,小学生以下連れの家族,"テーマパーク（遊園地、動物園、博物館など）
",0,0,0,0,0,1,0,0,0,0,0,0,0,0,0,0,0,0,"自家用車
",1,0,0,0,0,0,0,"自家用車
",0,0,0,0,,,"30,000円以上 40,000円未満","10,000円以上 20,000円未満","10,000円以上 20,000円未満",2～5回目,"インターネット・アプリ
Instagram
宿泊施設
",0,0,0,0,0,1,0,1,0,0,0,0,0,1,選択なし/該当施設なし,,越前松島水族館,"5,000円以上 10,000円未満",とても満足,子供が恐竜好きのため訪れたが、街全体が恐竜を中心とした観光地等を整備されていたため,とても満足,ほかの土地では体験できないような発掘体験や展示が多数あったため。,感じなかった,,10,"Dinosaur Guesthouse
恐竜博物館に朝イチ入場するために宿泊したが、アクセスだけでなく接客や子供を楽しませるための恐竜アイテムが宿泊施設全体にあったため。",現状どおり、恐竜を中心とした観光施設等の充実を図ってほしい。,また行きたい（1年以内）,全体的に自動車アクセスが良く、移動しやすかった。また、福井駅周辺にお土産施設が多く助かりました。
207685,web,女,1970,56,50代,岐阜県,大垣市,200万円以上 300万円未満,mobile/android,2026-09-07 07:19:04,9月,道の駅みくに ふれあいパーク三里浜 エリア,15.道の駅みくに ふれあいパーク三里浜 エリア,坂井市,あわら市・坂井市,(一社)DMOさかい観光局,1泊,1泊,三国・あわらエリア（あわら市・坂井市）,福井県外には宿泊しない,小学生以下連れの家族,"テーマパーク（遊園地、動物園、博物館など）
買い物、アウトレット
",0,0,0,0,0,1,1,0,0,0,0,0,0,0,0,0,0,0,"自家用車
",1,0,0,0,0,0,0,"自家用車
",0,0,0,0,満足,,"10,000円以上 20,000円未満","5,000円以上 10,000円未満","5,000円以上 10,000円未満",初めて,"新聞・雑誌・ガイドブック
インターネット・アプリ
",0,1,0,0,0,1,0,0,0,0,0,0,0,0,敦賀赤レンガ倉庫,,福井県立恐竜博物館,"1,000円以上 3,000円未満",満足,,満足,,感じた,高速から遠い,6,,,また行きたい（1年以内）,
207686,道の駅みくに ふれあいパーク三里浜 エリア,男,1991,35,30代,新潟県,長岡市,300万円以上 400万円未満,mobile/android,2026-09-07 07:16:09,9月,道の駅みくに ふれあいパーク三里浜 エリア,15.道の駅みくに ふれあいパーク三里浜 エリア,坂井市,あわら市・坂井市,(一社)DMOさかい観光局,1泊,1泊,三国・あわらエリア（あわら市・坂井市）,福井県外には宿泊しない,小学生以下連れの家族,"地元の美味しいものを食べる
名所、旧跡の観光
テーマパーク（遊園地、動物園、博物館など）
",0,0,1,0,1,1,0,0,0,0,0,0,0,0,0,0,0,0,"自家用車
",1,0,0,0,0,0,0,"自家用車
",0,0,0,0,,,"30,000円以上 40,000円未満","3,000円以上 5,000円未満","10,000円以上 20,000円未満",初めて,"観光協会等の案内所
",0,0,0,0,0,0,0,0,0,0,0,1,0,0,選択なし/該当施設なし,,選択なし/該当施設なし,"3,000円以上 5,000円未満",満足,,満足,,感じなかった,,8,,,,
207684,かつやま恐竜の森 エリア,無回答,1972,54,50代,長野県,須坂市,800万円以上 900万円未満,mobile/iphone,2026-09-07 07:13:57,9月,かつやま恐竜の森 エリア,25.かつやま恐竜の森 エリア,勝山市,勝山市・大野市,勝山市観光まちづくり(株),日帰り,福井県内には宿泊しない,福井県内には宿泊しない,福井県外には宿泊しない,夫婦2人,"名所、旧跡の観光
テーマパーク（遊園地、動物園、博物館など）
",0,0,0,0,1,1,0,0,0,0,0,0,0,0,0,0,0,0,"自家用車
",1,0,0,0,0,0,0,"自家用車
",0,0,0,0,とても満足,,"10,000円以上 20,000円未満","5,000円以上 10,000円未満","5,000円以上 10,000円未満",初めて,"新聞・雑誌・ガイドブック
観光パンフレット・ポスター
インターネット・アプリ
Instagram
",0,1,0,1,0,1,0,1,0,0,0,0,0,0,越前大仏,,選択なし/該当施設なし,"5,000円以上 10,000円未満",とても満足,,とても満足,,感じなかった,,7,,,機会があれば行きたい,
207683,かずら橋 エリア,女,1984,42,40代,兵庫県,南あわじ市,100万円以上 200万円未満,mobile/iphone,2026-09-07 06:32:48,9月,かずら橋 エリア,48.かずら橋 エリア,池田町,丹南,（一財）いけだ農村観光公社,1泊,福井県内には宿泊しない,越前エリア（越前市・越前町・鯖江市・池田町・南越前町）,福井県外には宿泊しない,小学生以下連れの家族,"友人・親戚を尋ねる
",0,0,0,0,0,0,0,0,0,0,0,0,0,0,0,1,0,0,"自家用車
",1,0,0,0,0,0,0,"自家用車
",0,0,0,0,,,"5,000円以上 10,000円未満","3,000円以上 5,000円未満","3,000円以上 5,000円未満",初めて,"インターネット・アプリ
",0,0,0,0,0,1,0,0,0,0,0,0,0,0,福井県立恐竜博物館,知人宅訪問,選択なし/該当施設なし,"3,000円以上 5,000円未満",満足,,満足,,感じなかった,,10,,,機会があれば行きたい,
188882,道の駅「若狭おばま」 エリア,女,1983,43,40代,滋賀県,大津市,200万円以上 300万円未満,mobile/iphone,2026-09-07 01:44:01,9月,道の駅「恐竜渓谷かつやま」 エリア,26.道の駅「恐竜渓谷かつやま」 エリア,勝山市,勝山市・大野市,勝山市観光まちづくり(株),日帰り,福井県内には宿泊しない,福井県内には宿泊しない,福井県外には宿泊しない,自分ひとり,"買い物、アウトレット
",0,0,0,0,0,0,1,0,0,0,0,0,0,0,0,0,0,0,"在来線
",1,0,0,0,0,0,0,"自家用車
",0,0,0,0,,,"5,000円以上 10,000円未満","1,000円未満","5,000円以上 10,000円未満",2～5回目,"インターネット・アプリ
",0,0,0,0,0,1,0,0,0,0,0,0,0,0,選択なし/該当施設なし,,選択なし/該当施設なし,"5,000円以上 10,000円未満",満足,,満足,,感じなかった,,6,,,,
188882,道の駅「若狭おばま」 エリア,女,1983,43,40代,滋賀県,大津市,200万円以上 300万円未満,mobile/iphone,2026-09-07 01:42:12,9月,越前大仏 エリア,28.越前大仏 エリア,勝山市,勝山市・大野市,勝山市観光まちづくり(株),日帰り,福井県内には宿泊しない,福井県内には宿泊しない,福井県外には宿泊しない,自分ひとり,"買い物、アウトレット
",0,0,0,0,0,0,1,0,0,0,0,0,0,0,0,0,0,0,"在来線
",1,0,0,0,0,0,0,"自家用車
",0,0,0,0,,,"5,000円以上 10,000円未満","1,000円未満","5,000円以上 10,000円未満",2～5回目,"インターネット・アプリ
",0,0,0,0,0,1,0,0,0,0,0,0,0,0,選択なし/該当施設なし,,選択なし/該当施設なし,"3,000円以上 5,000円未満",満足,,満足,,感じなかった,,6,,,,
188882,道の駅「若狭おばま」 エリア,女,1983,43,40代,滋賀県,大津市,200万円以上 300万円未満,mobile/iphone,2026-09-07 01:26:55,9月,道の駅「若狭おばま」 エリア,68.道の駅「若狭おばま」 エリア,小浜市,嶺南西部,(株)まちづくり小浜,日帰り,福井県内には宿泊しない,福井県内には宿泊しない,福井県外には宿泊しない,自分ひとり,"買い物、アウトレット
",0,0,0,0,0,0,1,0,0,0,0,0,0,0,0,0,0,0,"在来線
",1,0,0,0,0,0,0,"自家用車
",0,0,0,0,,,"5,000円以上 10,000円未満","1,000円未満","5,000円以上 10,000円未満",2～5回目,"インターネット・アプリ
",0,0,0,0,0,1,0,0,0,0,0,0,0,0,選択なし/該当施設なし,,選択なし/該当施設なし,"5,000円以上 10,000円未満",満足,,満足,,感じなかった,,6,,,,
188882,道の駅「若狭おばま」 エリア,女,1983,43,40代,滋賀県,大津市,200万円以上 300万円未満,mobile/iphone,2026-09-07 01:26:24,9月,福井駅前 エリア,01.福井駅前 エリア,福井市,福井市・永平寺町,,日帰り,福井県内には宿泊しない,福井県内には宿泊しない,福井県外には宿泊しない,自分ひとり,"買い物、アウトレット
",0,0,0,0,0,0,1,0,0,0,0,0,0,0,0,0,0,0,"在来線
",0,0,0,1,0,0,0,"在来線
",0,0,0,0,,,"5,000円以上 10,000円未満","1,000円未満","5,000円以上 10,000円未満",2～5回目,"インターネット・アプリ
",0,0,0,0,0,1,0,0,0,0,0,0,0,0,選択なし/該当施設なし,,選択なし/該当施設なし,"5,000円以上 10,000円未満",満足,,満足,,感じなかった,,6,,,,
207737,越前大野城・城下町 エリア,無回答,1967,59,50代,大阪府,堺市中区,分からない/無回答,mobile/iphone,2026-09-08 23:33:00,9月,大本山 永平寺 エリア,34.大本山 永平寺 エリア,永平寺町,福井市・永平寺町,,1泊,1泊,福井エリア（福井市・永平寺町）,福井県外には宿泊しない,夫婦2人,"ドライブ・ツーリング
",0,0,0,0,0,0,0,0,0,0,0,0,0,0,1,0,0,道の駅での資料,"自家用車
",1,0,0,0,0,0,0,"自家用車
",0,0,0,0,,,"10,000円以上 20,000円未満","5,000円以上 10,000円未満","10,000円以上 20,000円未満",2～5回目,"その他
",0,0,0,0,0,0,0,0,0,0,0,0,0,0,北の庄城址・柴田公園,,一乗谷朝倉氏遺跡,"1,000円以上 3,000円未満",満足,,とても満足,10年以上ぶりに訪れましたが、やはり荘厳で素晴らしいものでした。,感じなかった,,10,,,機会があれば行きたい,
207737,越前大野城・城下町 エリア,無回答,1967,59,50代,大阪府,堺市中区,分からない/無回答,pc/others,2026-09-08 23:16:15,9月,越前大野城・城下町 エリア,21.越前大野城・城下町 エリア,大野市,勝山市・大野市,,1泊,1泊,福井エリア（福井市・永平寺町）,福井県外には宿泊しない,夫婦2人,"地元の美味しいものを食べる
花見や紅葉などの自然鑑賞
名所、旧跡の観光
まちあるき、都市散策
ドライブ・ツーリング
",0,0,1,1,1,0,0,0,0,0,1,0,0,0,1,0,0,道の駅での資料,"自家用車
",1,0,0,0,0,0,0,"自家用車
",0,0,0,0,,,"10,000円以上 20,000円未満","5,000円以上 10,000円未満","10,000円以上 20,000円未満",初めて,"新聞・雑誌・ガイドブック
観光連盟やDMOのHP
インターネット・アプリ
Twitter
Instagram
Facebook
ブログ
友人・知人
その他
",0,1,0,0,1,1,1,1,1,1,1,0,0,0,選択なし/該当施設なし,,九頭竜湖,"1,000円以上 3,000円未満",満足,昼食で入ったお店がとても美味しかったです。お蕎麦の美味しさ、お米の美味しさと炊き方が絶妙で驚きました。また、行ってみたかった越前大野のお城にも大満足です。,満足,,感じなかった,,8,,大野出身の人から街の様子は聞いていたので、ある程度の想像はしていましたが、ネットで集めた情報があまりにも小洒落ていたので現地に行って少し戸惑ってしまいました。また、日曜日に訪問したのですが、思っていた以上に訪問者がいなくて成り立っていくのかが心配になりました。多分閑散期に伺ったからだと思っています。,機会があれば行きたい,訪問者に合わせたり振り回されたりせず、福井県らしさのままだとホッとします。
207736,小浜 エリア（宿泊施設）,女,1972,54,50代,愛知県,愛西市,600万円以上 700万円未満,mobile/android,2026-09-08 22:05:13,9月,小浜 エリア（宿泊施設）,69.小浜 エリア（宿泊施設）,小浜市,嶺南西部,(株)まちづくり小浜,1泊,1泊,嶺南エリア（敦賀市・美浜町・若狭町・小浜市・おおい町・高浜町）,福井県外には宿泊しない,夫婦2人,"宿でのんびり過ごす
",1,0,0,0,0,0,0,0,0,0,0,0,0,0,0,0,0,0,"自家用車
",1,0,0,0,0,0,0,"自家用車
",0,0,0,0,,,"10,000円以上 20,000円未満","3,000円以上 5,000円未満","1,000円以上 3,000円未満",2～5回目,"宿泊施設
",0,0,0,0,0,0,0,0,0,0,0,0,0,1,選択なし/該当施設なし,,若狭フィッシャーマンズワーフ,"10,000円以上 20,000円未満",満足,,満足,,感じた,,8,,,機会があれば行きたい,
207735,かつやま恐竜の森 エリア,女,1964,62,60代,大阪府,大阪市鶴見区,100万円以上 200万円未満,mobile/iphone,2026-09-08 21:02:46,9月,かつやま恐竜の森 エリア,25.かつやま恐竜の森 エリア,勝山市,勝山市・大野市,勝山市観光まちづくり(株),3泊,2泊,福井エリア（福井市・永平寺町）,滋賀県,その他家族,"テーマパーク（遊園地、動物園、博物館など）
まちあるき、都市散策
ドライブ・ツーリング
",0,0,0,0,0,1,0,0,0,0,1,0,0,0,1,0,0,0,"自家用車
",1,0,0,0,0,0,0,"自家用車
",0,0,0,0,,,"10,000円以上 20,000円未満","10,000円以上 20,000円未満","10,000円以上 20,000円未満",初めて,"TV・ラジオ番組やCM
観光パンフレット・ポスター
インターネット・アプリ
",0,0,1,1,0,1,0,0,0,0,0,0,0,0,選択なし/該当施設なし,,選択なし/該当施設なし,"5,000円以上 10,000円未満",満足,,満足,,感じなかった,,8,,,また行きたい（1年以内）,
207733,web,男,1960,66,60代,福井県,三方郡,500万円以上 600万円未満,mobile/android,2026-09-08 19:48:23,9月,福井駅前 エリア,01.福井駅前 エリア,福井市,福井市・永平寺町,,1泊,1泊,福井エリア（福井市・永平寺町）,福井県外には宿泊しない,その他家族,"地元の美味しいものを食べる
",0,0,1,0,0,0,0,0,0,0,0,0,0,0,0,0,0,0,"自家用車
",1,0,0,0,0,0,0,"自家用車
",0,0,0,0,とても満足,食事のお店がたくさんある,"5,000円以上 10,000円未満","1,000円以上 3,000円未満","10,000円以上 20,000円未満",6～10回目,"インターネット・アプリ
",0,0,0,0,0,1,0,0,0,0,0,0,0,0,氣比神宮,,敦賀赤レンガ倉庫,"10,000円以上 20,000円未満",とても満足,,とても満足,,感じなかった,,10,,,福井県在住,
207513,web,女,1961,65,60代,福井県,三方郡,400万円以上 500万円未満,mobile/iphone,2026-09-08 19:34:48,9月,福井駅前 エリア,01.福井駅前 エリア,福井市,福井市・永平寺町,,1泊,1泊,福井エリア（福井市・永平寺町）,福井県外には宿泊しない,その他家族,"まちあるき、都市散策
",0,0,0,0,0,0,0,0,0,0,1,0,0,0,0,0,0,0,"県外から訪れていない（福井県在住）
",1,0,0,0,0,0,1,"自家用車
",0,0,0,0,,,"5,000円以上 10,000円未満",使わない,"10,000円以上 20,000円未満",2～5回目,"インターネット・アプリ
",0,0,0,0,0,1,0,0,0,0,0,0,0,0,氣比神宮,,気比の松原,"10,000円以上 20,000円未満",とても満足,観光案内所や地図が便利だと思う,とても満足,,感じなかった,,9,食事処が多いから助かる,,福井県在住,
207526,web,女,1968,58,50代,東京都,練馬区,100万円未満,mobile/iphone,2026-09-08 19:20:03,9月,福井駅前 エリア,01.福井駅前 エリア,福井市,福井市・永平寺町,,1泊,1泊,越前エリア（越前市・越前町・鯖江市・池田町・南越前町）,福井県外には宿泊しない,その他家族,"買い物、アウトレット
",0,0,0,0,0,0,1,0,0,0,0,0,0,0,0,0,0,0,"自家用車
",1,0,0,0,0,0,0,"自家用車
",0,0,0,0,とても満足,,"5,000円以上 10,000円未満","10,000円以上 20,000円未満","40,000円以上 50,000円未満",2～5回目,"宿泊施設
",0,0,0,0,0,0,0,0,0,0,0,0,0,1,道の駅「恐竜渓谷かつやま」,,越前がにミュージアム,"10,000円以上 20,000円未満",とても満足,,とても満足,,感じなかった,,10,,,また行きたい（1年以内）,
206618,越前大野城・城下町 エリア,女,1956,70,70代,福井県,越前市,100万円未満,mobile/android,2026-09-08 18:58:14,9月,河野北前船主通りエリア,59.河野北前船主通りエリア,南越前町,丹南,,日帰り,福井県内には宿泊しない,福井県内には宿泊しない,福井県外には宿泊しない,夫婦2人,"地元の美味しいものを食べる
",0,0,1,0,0,0,0,0,0,0,0,0,0,0,0,0,0,0,"自家用車
",1,0,0,0,0,0,0,"自家用車
",0,0,0,0,,,"1,000円未満","1,000円未満","1,000円未満",初めて,"観光展・物産展
",1,0,0,0,0,0,0,0,0,0,0,0,0,0,選択なし/該当施設なし,,選択なし/該当施設なし,使わない,満足,,満足,,感じなかった,,2,,,,
207712,web,女,1985,41,40代,東京都,中野区,分からない/無回答,mobile/iphone,2026-09-08 18:07:13,9月,あわら湯のまち エリア,17.あわら湯のまち エリア,あわら市,あわら市・坂井市,,2泊,2泊,三国・あわらエリア（あわら市・坂井市）,福井県外には宿泊しない,夫婦2人,"各種体験（手作り、果物狩りなど）
",0,0,0,0,0,0,0,0,0,0,0,1,0,0,0,0,0,0,"新幹線
",0,1,1,0,0,0,0,"レンタカー
",0,0,0,0,満足,,"50,000円以上 100,000円未満","20,000円以上 30,000円未満","50,000円以上 100,000円未満",初めて,"友人・知人
",0,0,0,0,0,0,0,0,0,0,1,0,0,0,選択なし/該当施設なし,,選択なし/該当施設なし,"1,000円以上 3,000円未満",満足,,満足,,感じなかった,,8,,,また行きたい（1年以内）,
207715,劔神社 エリア,女,1980,46,40代,東京都,板橋区,分からない/無回答,mobile/iphone,2026-09-08 18:04:14,9月,大本山 永平寺 エリア,34.大本山 永平寺 エリア,永平寺町,福井市・永平寺町,,4泊以上,3泊,越前エリア（越前市・越前町・鯖江市・池田町・南越前町）,岐阜県,夫婦2人,"名所、旧跡の観光
",0,0,0,0,1,0,0,0,0,0,0,0,0,0,0,0,0,0,"新幹線
",0,1,1,0,0,0,0,"レンタカー
",0,0,0,0,満足,自分の都合で永平寺に来れたから,"40,000円以上 50,000円未満","40,000円以上 50,000円未満","30,000円以上 40,000円未満",初めて,"観光協会等の案内所
",0,0,0,0,0,0,0,0,0,0,0,1,0,0,東尋坊,,選択なし/該当施設なし,"1,000円以上 3,000円未満",不満,一般的なお土産物が多く、少し物足りなく感じました。例えば、永平寺や禅をモチーフにした手拭いなど、ここでしか買えないようなオリジナルのお土産があれば、記念にもなって面白いと思います。,どちらでもない,歴史のある大本山ということで、もっと重厚で荘厳な雰囲気を想像していましたが、実際に訪れてみると、歴史的な寺院というよりも、現在も修行が行われている施設という印象が強かったです。そのため、個人的には期待していたほどの歴史的な重みや荘厳さは感じられませんでした,感じなかった,,6,,,また行きたい（1年以内）,
207714,劔神社 エリア,男,1969,57,50代,東京都,板橋区,"1,200万円以上 1,500万円未満",mobile/iphone,2026-09-08 17:57:24,9月,道の駅「越前おおの荒島の郷」 エリア,22.道の駅「越前おおの荒島の郷」 エリア,大野市,勝山市・大野市,,4泊以上,3泊,越前エリア（越前市・越前町・鯖江市・池田町・南越前町）,その他,夫婦2人,"名所、旧跡の観光
",0,0,0,0,1,0,0,0,0,0,0,0,0,0,0,0,0,0,"新幹線
",0,1,1,0,0,0,0,"レンタカー
",0,0,0,0,満足,,"10,000円以上 20,000円未満","10,000円以上 20,000円未満","20,000円以上 30,000円未満",初めて,"観光パンフレット・ポスター
",0,0,0,1,0,0,0,0,0,0,0,0,0,0,選択なし/該当施設なし,,道の駅「三方五湖」,"3,000円以上 5,000円未満",とても満足,,とても満足,,感じなかった,,10,,,また行きたい（1年以内）,
207718,web,女,1992,34,30代,滋賀県,大津市,100万円未満,mobile/iphone,2026-09-08 17:36:21,9月,福井駅前 エリア,01.福井駅前 エリア,福井市,福井市・永平寺町,,1泊,1泊,福井エリア（福井市・永平寺町）,福井県外には宿泊しない,恋人,"テーマパーク（遊園地、動物園、博物館など）
",0,0,0,0,0,1,0,0,0,0,0,0,0,0,0,0,0,0,"自家用車
",1,0,0,0,0,0,0,"自家用車
",0,0,0,0,とても満足,,"20,000円以上 30,000円未満","20,000円以上 30,000円未満","20,000円以上 30,000円未満",初めて,"観光展・物産展
",1,0,0,0,0,0,0,0,0,0,0,0,0,0,福井県立恐竜博物館,,選択なし/該当施設なし,"10,000円以上 20,000円未満",とても満足,屋上の恐竜広場が良かった,とても満足,,感じなかった,,10,,,また行きたい（1年以内）,カイリューのコラボグッズを増やしてほしい
207725,三国湊 エリア,男,2005,21,20代,静岡県,静岡市葵区,分からない/無回答,mobile/iphone,2026-09-08 16:53:32,9月,あわら湯のまち エリア,17.あわら湯のまち エリア,あわら市,あわら市・坂井市,,2泊,2泊,三国・あわらエリア（あわら市・坂井市）,福井県外には宿泊しない,自分ひとり,"まちあるき、都市散策
",0,0,0,0,0,0,0,0,0,0,1,0,0,0,0,0,0,0,"在来線
",0,0,0,1,0,0,0,"在来線
徒歩
",0,0,1,0,不満,本数が少ない,"10,000円以上 20,000円未満","20,000円以上 30,000円未満","30,000円以上 40,000円未満",初めて,"インターネット・アプリ
",0,0,0,0,0,1,0,0,0,0,0,0,0,0,選択なし/該当施設なし,,選択なし/該当施設なし,"20,000円以上 30,000円未満",不満,賑わいが思いの外なかった,不満,,感じた,"案内が少ない
公共交通機関が少ない",3,,,どちらともいえない,
207732,かつやま恐竜の森 エリア,男,1972,54,50代,青森県,青森市,400万円以上 500万円未満,mobile/iphone,2026-09-08 16:53:08,9月,かつやま恐竜の森 エリア,25.かつやま恐竜の森 エリア,勝山市,勝山市・大野市,勝山市観光まちづくり(株),1泊,1泊,福井エリア（福井市・永平寺町）,福井県外には宿泊しない,職場の同僚,"名所、旧跡の観光
",0,0,0,0,1,0,0,0,0,0,0,0,0,0,0,0,0,0,"新幹線
",0,1,1,0,0,0,0,"レンタカー
",0,0,0,0,満足,,"10,000円以上 20,000円未満","50,000円以上 100,000円未満","10,000円以上 20,000円未満",2～5回目,"インターネット・アプリ
Facebook
",0,0,0,0,0,1,0,0,1,0,0,0,0,0,選択なし/該当施設なし,,大本山永平寺,"1,000円以上 3,000円未満",満足,,満足,,感じなかった,,9,,,機会があれば行きたい,
207731,かにファクトリー 甲羅組 エリア,女,1991,35,30代,和歌山県,橋本市,600万円以上 700万円未満,mobile/iphone,2026-09-08 16:50:52,9月,かにファクトリー 甲羅組 エリア,102.かにファクトリー 甲羅組 エリア,敦賀市,嶺南東部,,日帰り,福井県内には宿泊しない,福井県内には宿泊しない,福井県外には宿泊しない,小学生以下連れの家族,"テーマパーク（遊園地、動物園、博物館など）
",0,0,0,0,0,1,0,0,0,0,0,0,0,0,0,0,0,0,"自家用車
",1,0,0,0,0,0,0,"自家用車
",0,0,0,0,,,使わない,"3,000円以上 5,000円未満","5,000円以上 10,000円未満",初めて,"インターネット・アプリ
",0,0,0,0,0,1,0,0,0,0,0,0,0,0,福井県立恐竜博物館,,びわ湖（滋賀県）,"3,000円以上 5,000円未満",とても満足,"お土産がとても豊富でした。
食事も色々種類があり美味しかったです。",とても満足,キッズルームも充実しておりとても満足です。,感じなかった,,10,子連れの家族におすすめしたいです。大人も子供も楽しめます。,,また行きたい（1年以内）,
204227,web,女,1985,41,40代,京都府,京都市右京区,200万円以上 300万円未満,mobile/iphone,2026-09-08 16:06:45,9月,若狭高浜 エリア,90.若狭高浜 エリア,高浜町,嶺南西部,,1泊,1泊,嶺南エリア（敦賀市・美浜町・若狭町・小浜市・おおい町・高浜町）,福井県外には宿泊しない,恋人,"宿でのんびり過ごす
地元の美味しいものを食べる
",1,0,1,0,0,0,0,0,0,0,0,0,0,0,0,0,0,Googleマップ,"自家用車
",1,0,0,0,0,0,0,"自家用車
",0,0,0,0,とても満足,,"5,000円以上 10,000円未満","3,000円以上 5,000円未満","5,000円以上 10,000円未満",2～5回目,"その他
",0,0,0,0,0,0,0,0,0,0,0,0,0,0,ホテルうみんぴあ,あかぐり,道の駅「若狭おばま」,"5,000円以上 10,000円未満",満足,海が近くて、リゾート感がある,満足,"今回は釣り目的でしたが、生憎2日とも雨でしたので観光しました。
地元のお店などいろいろ調べたりして、楽しかったです。今後の発展を期待しています。",感じた,特になし,8,海がどこも近いので、釣り意欲が増します！,あかぐり釣り公園の近くに飲食店かコンビニが欲しい,また行きたい（1年以内）,海のアクティビティが充実していると嬉しい
207728,うみんぴあ大飯 エリア,女,1991,35,30代,兵庫県,尼崎市,200万円以上 300万円未満,mobile/iphone,2026-09-08 16:01:46,9月,うみんぴあ大飯 エリア,84.うみんぴあ大飯 エリア,おおい町,嶺南西部,,2泊,1泊,嶺南エリア（敦賀市・美浜町・若狭町・小浜市・おおい町・高浜町）,京都府,友人,"宿でのんびり過ごす
温泉や露天風呂
アウトドア（海水浴、釣り、登山など）
",1,1,0,0,0,0,0,0,0,1,0,0,0,0,0,0,0,0,"自家用車
",1,0,0,0,0,0,0,"自家用車
",0,0,0,0,,,"10,000円以上 20,000円未満","1,000円未満","5,000円以上 10,000円未満",初めて,"Instagram
宿泊施設
",0,0,0,0,0,0,0,1,0,0,0,0,0,1,ホテルうみんぴあ,,選択なし/該当施設なし,"1,000円未満",満足,,満足,,感じなかった,,8,,,また行きたい（1年以内）,
207725,三国湊 エリア,男,2005,21,20代,静岡県,静岡市葵区,分からない/無回答,mobile/iphone,2026-09-08 15:13:07,9月,三国湊 エリア,09.三国湊 エリア,坂井市,あわら市・坂井市,(一社)DMOさかい観光局,2泊,2泊,三国・あわらエリア（あわら市・坂井市）,福井県外には宿泊しない,自分ひとり,"宿でのんびり過ごす
地元の美味しいものを食べる
名所、旧跡の観光
まちあるき、都市散策
",1,0,1,0,1,0,0,0,0,0,1,0,0,0,0,0,0,0,"新幹線
在来線
",0,0,1,1,0,0,0,"在来線
路線バス
",0,1,0,0,不満,本数が少ない,"10,000円以上 20,000円未満","20,000円以上 30,000円未満","30,000円以上 40,000円未満",初めて,"観光パンフレット・ポスター
インターネット・アプリ
",0,0,0,1,0,1,0,0,0,0,0,0,0,0,東尋坊,,あわら温泉「芦湯」,使わない,不満,案内が少ない,不満,施設に入りにくい雰囲気がある,感じた,案内が少ない,3,東尋坊はなかなか見れない景色なので薦めたい,,どちらともいえない,
198308,web,女,1959,67,60代,福井県,敦賀市,300万円以上 400万円未満,mobile/android,2026-09-08 14:37:21,9月,かにファクトリー 甲羅組 エリア,102.かにファクトリー 甲羅組 エリア,敦賀市,嶺南東部,,日帰り,福井県内には宿泊しない,福井県内には宿泊しない,福井県外には宿泊しない,夫婦2人,"買い物、アウトレット
まちあるき、都市散策
",0,0,0,0,0,0,1,0,0,0,1,0,0,0,0,0,0,0,"県外から訪れていない（福井県在住）
",1,0,0,0,0,0,1,"自家用車
",0,0,0,0,,,使わない,使わない,"5,000円以上 10,000円未満",初めて,"TV・ラジオ番組やCM
観光パンフレット・ポスター
",0,0,1,1,0,0,0,0,0,0,0,0,0,0,選択なし/該当施設なし,,選択なし/該当施設なし,"5,000円以上 10,000円未満",どちらでもない,,満足,,感じなかった,,7,,,福井県在住,
207714,劔神社 エリア,男,1969,57,50代,東京都,板橋区,"1,200万円以上 1,500万円未満",mobile/iphone,2026-09-08 14:23:51,9月,大本山 永平寺 エリア,34.大本山 永平寺 エリア,永平寺町,福井市・永平寺町,,4泊以上,3泊,越前エリア（越前市・越前町・鯖江市・池田町・南越前町）,その他,夫婦2人,"名所、旧跡の観光
",0,0,0,0,1,0,0,0,0,0,0,0,0,0,0,0,0,0,"新幹線
",0,1,1,0,0,0,0,"レンタカー
",0,0,0,0,満足,,"10,000円以上 20,000円未満","10,000円以上 20,000円未満","20,000円以上 30,000円未満",初めて,"観光パンフレット・ポスター
",0,0,0,1,0,0,0,0,0,0,0,0,0,0,選択なし/該当施設なし,,選択なし/該当施設なし,"1,000円未満",満足,,満足,,感じなかった,,8,,,また行きたい（1年以内）,
207723,かにファクトリー 甲羅組 エリア,女,1961,65,60代,福岡県,北九州市門司区,"1,000万円以上 1,200万円未満",mobile/android,2026-09-08 13:47:37,9月,かにファクトリー 甲羅組 エリア,102.かにファクトリー 甲羅組 エリア,敦賀市,嶺南東部,,2泊,1泊,福井エリア（福井市・永平寺町）,石川県金沢市,団体旅行,"温泉や露天風呂
地元の美味しいものを食べる
名所、旧跡の観光
",0,1,1,0,1,0,0,0,0,0,0,0,0,0,0,0,0,0,"新幹線
在来線
",0,0,1,0,0,1,0,"旅行会社ツアーバス
",0,0,0,0,満足,,"10,000円以上 20,000円未満","50,000円以上 100,000円未満","20,000円以上 30,000円未満",初めて,"観光連盟やDMOのHP
",0,0,0,0,1,0,0,0,0,0,0,0,0,0,東尋坊,,選択なし/該当施設なし,"20,000円以上 30,000円未満",満足,働いてる方々が商品説明もしてくださり、親切丁寧でした。購買意欲を高めてくれた。,とても満足,商品説明を詳しく教えてくださる。,感じなかった,,10,年末には又、来たい。,ちょっと、来た甲斐があった！と、思えるくらいの今日のイチオシ等、特別感が味わえます様。,また行きたい（1年以内）,福井県をもっと、知りたい。
151341,web,女,1997,29,20代,福井県,福井市,分からない/無回答,mobile/iphone,2026-09-08 12:51:19,9月,JR美浜駅 エリア,79.JR美浜駅 エリア,美浜町,嶺南東部,三方五湖DMO(株),日帰り,福井県内には宿泊しない,福井県内には宿泊しない,福井県外には宿泊しない,職場の同僚,"出張など仕事関係
",0,0,0,0,0,0,0,0,0,0,0,0,0,0,0,0,1,0,"県外から訪れていない（福井県在住）
",0,0,0,0,0,0,1,"その他
",0,0,0,0,,,使わない,使わない,使わない,6～10回目,"友人・知人
",0,0,0,0,0,0,0,0,0,0,1,0,0,0,選択なし/該当施設なし,,選択なし/該当施設なし,使わない,満足,,満足,,感じなかった,,7,,,,
207718,web,女,1992,34,30代,滋賀県,大津市,100万円未満,mobile/iphone,2026-09-08 12:47:14,9月,かつやま恐竜の森 エリア,25.かつやま恐竜の森 エリア,勝山市,勝山市・大野市,勝山市観光まちづくり(株),1泊,1泊,福井エリア（福井市・永平寺町）,福井県外には宿泊しない,恋人,"テーマパーク（遊園地、動物園、博物館など）
",0,0,0,0,0,1,0,0,0,0,0,0,0,0,0,0,0,0,"自家用車
",1,0,0,0,0,0,0,"自家用車
",0,0,0,0,,,"20,000円以上 30,000円未満","20,000円以上 30,000円未満","20,000円以上 30,000円未満",初めて,"観光展・物産展
",1,0,0,0,0,0,0,0,0,0,0,0,0,0,福井県立恐竜博物館,,選択なし/該当施設なし,"10,000円以上 20,000円未満",とても満足,,とても満足,,感じなかった,,10,,,また行きたい（1年以内）,カイリューグッズをもっと出してもらいたいです
207720,かつやま恐竜の森 エリア,女,1959,67,60代,愛知県,名古屋市北区,"1,000万円以上 1,200万円未満",mobile/iphone,2026-09-08 12:43:30,9月,かつやま恐竜の森 エリア,25.かつやま恐竜の森 エリア,勝山市,勝山市・大野市,勝山市観光まちづくり(株),1泊,1泊,福井エリア（福井市・永平寺町）,福井県外には宿泊しない,夫婦2人,"名所、旧跡の観光
テーマパーク（遊園地、動物園、博物館など）
",0,0,0,0,1,1,0,0,0,0,0,0,0,0,0,0,0,0,"自家用車
",1,0,0,0,0,0,0,"自家用車
",0,0,0,0,,,"20,000円以上 30,000円未満","10,000円以上 20,000円未満","20,000円以上 30,000円未満",初めて,"インターネット・アプリ
",0,0,0,0,0,1,0,0,0,0,0,0,0,0,越前大仏,,丸岡城,"10,000円以上 20,000円未満",満足,,とても満足,,感じなかった,,10,,,また行きたい（1年以内）,
136477,あわら湯のまち エリア,男,1982,44,40代,京都府,京都市中京区,分からない/無回答,mobile/iphone,2026-09-08 11:27:24,9月,福井駅前 エリア,01.福井駅前 エリア,福井市,福井市・永平寺町,,1泊,1泊,福井エリア（福井市・永平寺町）,福井県外には宿泊しない,自分ひとり,"宿でのんびり過ごす
温泉や露天風呂
地元の美味しいものを食べる
名所、旧跡の観光
まちあるき、都市散策
",1,1,1,0,1,0,0,0,0,0,1,0,0,0,0,0,0,0,"在来線
",0,0,0,0,0,0,0,"徒歩
レンタサイクル
",0,0,1,1,とても満足,,"10,000円以上 20,000円未満","5,000円以上 10,000円未満","10,000円以上 20,000円未満",2～5回目,"観光パンフレット・ポスター
インターネット・アプリ
観光協会等の案内所
",0,0,0,1,0,1,0,0,0,0,0,1,0,0,北の庄城址・柴田公園,,選択なし/該当施設なし,"1,000円以上 3,000円未満",とても満足,,とても満足,,感じなかった,,10,,,また行きたい（1年以内）,
207712,web,女,1985,41,40代,東京都,中野区,分からない/無回答,mobile/iphone,2026-09-08 10:50:42,9月,大本山 永平寺 エリア,34.大本山 永平寺 エリア,永平寺町,福井市・永平寺町,,2泊,2泊,三国・あわらエリア（あわら市・坂井市）,福井県外には宿泊しない,夫婦2人,"各種体験（手作り、果物狩りなど）
",0,0,0,0,0,0,0,0,0,0,0,1,0,0,0,0,0,0,"新幹線
",0,1,1,0,0,0,0,"レンタカー
",0,0,0,0,満足,,"50,000円以上 100,000円未満","20,000円以上 30,000円未満","50,000円以上 100,000円未満",初めて,"友人・知人
",0,0,0,0,0,0,0,0,0,0,1,0,0,0,選択なし/該当施設なし,,選択なし/該当施設なし,"1,000円以上 3,000円未満",満足,,満足,,感じなかった,,8,,,また行きたい（1年以内）,
207715,劔神社 エリア,女,1980,46,40代,東京都,板橋区,分からない/無回答,mobile/iphone,2026-09-08 10:50:11,9月,劔神社 エリア,51.劔神社 エリア,越前町,丹南,一般社団法人 越前町観光連盟（DMO ECHIZEN）,4泊以上,3泊,越前エリア（越前市・越前町・鯖江市・池田町・南越前町）,岐阜県,夫婦2人,"地元の美味しいものを食べる
名所、旧跡の観光
",0,0,1,0,1,0,0,0,0,0,0,0,0,0,0,0,0,0,"新幹線
",0,1,1,0,0,0,0,"レンタカー
",0,0,0,0,とても満足,公共機関では行けないところに、自分の都合で行けるから,"40,000円以上 50,000円未満","40,000円以上 50,000円未満","30,000円以上 40,000円未満",初めて,"観光パンフレット・ポスター
観光連盟やDMOのHP
インターネット・アプリ
観光協会等の案内所
",0,0,0,1,1,1,0,0,0,0,0,1,0,0,越前がにミュージアム,,東尋坊,"1,000円未満",満足,織田一族発祥の地が越前町であることを初めて知れたから,とても満足,織田一族発祥の地が越前町であることを初めて知れたから,感じなかった,,10,食事が本当に美味しい。レンタカーでのんびり旅行するなら、ちょうど良いと思う,劔神社と文化資料館は併せて行くと、より理解が深まるので、セットで訪れるべき,また行きたい（1年以内）,"越前がにはもちろんのこと、イカやサバなど他の海産物も豊富で美味しく、海鮮好きとしてはとても嬉しい旅行でした。
また、今回の旅行で初めて「鯖街道」のことを知りました。若狭の海の幸が京都まで運ばれていたという歴史も興味深く、鯖街道を実際に歩いて京都まで向かうような旅行モデルがあったら、面白そうだなと思いました。"
207714,劔神社 エリア,男,1969,57,50代,東京都,板橋区,"1,200万円以上 1,500万円未満",mobile/iphone,2026-09-08 09:41:38,9月,劔神社 エリア,51.劔神社 エリア,越前町,丹南,一般社団法人 越前町観光連盟（DMO ECHIZEN）,4泊以上,3泊,越前エリア（越前市・越前町・鯖江市・池田町・南越前町）,その他,夫婦2人,"温泉や露天風呂
地元の美味しいものを食べる
名所、旧跡の観光
",0,1,1,0,1,0,0,0,0,0,0,0,0,0,0,0,0,0,"レンタカー
新幹線
",0,1,1,0,0,0,0,"レンタカー
",0,0,0,0,,,"10,000円以上 20,000円未満","10,000円以上 20,000円未満","20,000円以上 30,000円未満",初めて,"観光パンフレット・ポスター
",0,0,0,1,0,0,0,0,0,0,0,0,0,0,選択なし/該当施設なし,,選択なし/該当施設なし,"1,000円未満",とても満足,,とても満足,,感じなかった,,9,,,また行きたい（1年以内）,
207697,web,女,1985,41,40代,千葉県,船橋市,500万円以上 600万円未満,mobile/iphone,2026-09-08 08:30:15,9月,あわら湯のまち エリア,17.あわら湯のまち エリア,あわら市,あわら市・坂井市,,2泊,2泊,三国・あわらエリア（あわら市・坂井市）,福井県外には宿泊しない,親,"名所、旧跡の観光
",0,0,0,0,1,0,0,0,0,0,0,0,0,0,0,0,0,0,"レンタカー
",0,1,0,0,0,0,0,"レンタカー
",0,0,0,0,どちらでもない,,"50,000円以上 100,000円未満","20,000円以上 30,000円未満","50,000円以上 100,000円未満",初めて,"観光パンフレット・ポスター
",0,0,0,1,0,0,0,0,0,0,0,0,0,0,大本山永平寺,,選択なし/該当施設なし,"50,000円以上 100,000円未満",どちらでもない,,満足,,感じなかった,,5,,,また行きたい（1年以内）,
207713,あわら湯のまち エリア,女,1972,54,50代,石川県,白山市,200万円以上 300万円未満,mobile/iphone,2026-09-08 07:27:58,9月,あわら湯のまち エリア,17.あわら湯のまち エリア,あわら市,あわら市・坂井市,,1泊,1泊,三国・あわらエリア（あわら市・坂井市）,福井県外には宿泊しない,中学生以上連れの家族,"宿でのんびり過ごす
温泉や露天風呂
地元の美味しいものを食べる
",1,1,1,0,0,0,0,0,0,0,0,0,0,0,0,0,0,0,"自家用車
",1,0,0,0,0,0,0,"自家用車
",0,0,0,0,,,"20,000円以上 30,000円未満",使わない,使わない,2～5回目,"インターネット・アプリ
宿泊施設
",0,0,0,0,0,1,0,0,0,0,0,0,0,1,金津創作の森,,選択なし/該当施設なし,使わない,満足,夜の提灯をもって散策が楽しかったから,とても満足,食事が美味しい,感じなかった,,8,宿の食事やオールインクルーシブの内容が良い。創作体験も含まれているから。,宿泊施設以外のお風呂も無料で入れるパスポートがあるといい,機会があれば行きたい,朝市
207711,JR美浜駅 エリア,女,1972,54,50代,愛知県,名古屋市守山区,分からない/無回答,mobile/iphone,2026-09-08 01:52:49,9月,三方五湖ネイチャークルーズ エリア,75.三方五湖ネイチャークルーズ エリア,美浜町,嶺南東部,三方五湖DMO(株),2泊,2泊,嶺南エリア（敦賀市・美浜町・若狭町・小浜市・おおい町・高浜町）,福井県外には宿泊しない,夫婦2人,"お祭りやイベントへの参加・見物
",0,0,0,0,0,0,0,1,0,0,0,0,0,0,0,0,0,0,"自家用車
",1,0,0,0,0,0,0,"自家用車
",0,0,0,0,,,"20,000円以上 30,000円未満","10,000円以上 20,000円未満","20,000円以上 30,000円未満",初めて,"観光パンフレット・ポスター
",0,0,0,1,0,0,0,0,0,0,0,0,0,0,氣比神宮,,日本海さかな街,"1,000円以上 3,000円未満",とても満足,ハピコインの使い方教えて頂き支払う事ができました！,とても満足,スタッフの方々が観光客の私達を楽しませてくれようと手を振って見送りしてくれたり心和みました。,感じなかった,,10,"ネイチャークルーズ最高でした！
デッキに出て間近に魚、鳥が見る事ができました。狭い間を通り抜ける時の自然木々が素晴らしかったです。",ネイチャークルーズエリアでの食事、お土産は買わなかったです。,また行きたい（1年以内）,"飲食は海鮮が魅力的だと思います。遠くからでも新鮮なお魚を食べに来る価値はあると思います。
"
207711,JR美浜駅 エリア,女,1972,54,50代,愛知県,名古屋市守山区,分からない/無回答,mobile/iphone,2026-09-08 01:25:11,9月,JR美浜駅 エリア,79.JR美浜駅 エリア,美浜町,嶺南東部,三方五湖DMO(株),2泊,2泊,嶺南エリア（敦賀市・美浜町・若狭町・小浜市・おおい町・高浜町）,福井県外には宿泊しない,夫婦2人,"地元の美味しいものを食べる
花見や紅葉などの自然鑑賞
テーマパーク（遊園地、動物園、博物館など）
お祭りやイベントへの参加・見物
",0,0,1,1,0,1,0,1,0,0,0,0,0,0,0,0,0,0,"自家用車
",1,0,0,0,0,0,0,"自家用車
",0,0,0,0,,,"20,000円以上 30,000円未満","10,000円以上 20,000円未満","20,000円以上 30,000円未満",初めて,"観光展・物産展
観光パンフレット・ポスター
",1,0,0,1,0,0,0,0,0,0,0,0,0,0,氣比神宮,,日本海さかな街,"10,000円以上 20,000円未満",とても満足,道の駅はまびよりで巨大メロンを見つけて買おうか迷っていたら1.2.週間で食べごろになって美味しいですよってスタッフの方が声かけて下さりあと推ししてくれました。家に持ち帰りテーブルに置くと小玉スイカ並みの大きさで見るたびに笑えます。多分この先メロン見るたびに福井県を思い出すことになりそうです。,とても満足,三方五湖ネイチャークルーズも山頂もすごく素敵でハピコインの使い方が初めてでしたが丁寧に教えて頂き使うことができました。,感じなかった,,10,"三方五湖のネイチャークルーズが楽しめました！
デッキにでて、風を感じ、周りの風景、魚、鳥を間近に見れたのが推しの pointです。
ガイドさんも船長さんもお客さんを楽しませるとゆう心遣いを感じました。",クルーズに乗る前に美浜エリアでお寿司を食べましたがとても新鮮で美味しさに感動しました。特にハマチが今まで食べていた魚は一体何だったのかと衝撃を受けました。多分地元でいつも食べてる魚は長い間熟成されすぎているのだと確信しました。,また行きたい（1年以内）,"今回、観光地が少ないので時間を持て余すかと思ってましたが たまたま気比神宮のお祭りがあり夜遅くまで楽しめました。
思い出深い旅行になりました。"
207712,web,女,1985,41,40代,東京都,中野区,分からない/無回答,mobile/iphone,2026-09-08 01:04:00,9月,竹田エリア,91.竹田エリア,坂井市,あわら市・坂井市,(一社)DMOさかい観光局,2泊,2泊,三国・あわらエリア（あわら市・坂井市）,福井県外には宿泊しない,夫婦2人,"宿でのんびり過ごす
温泉や露天風呂
地元の美味しいものを食べる
買い物、アウトレット
まちあるき、都市散策
各種体験（手作り、果物狩りなど）
",1,1,1,0,0,0,1,0,0,0,1,1,0,0,0,0,0,0,"レンタカー
新幹線
",0,1,1,0,0,0,0,"レンタカー
",0,0,0,0,満足,レンタカーがある方が時間に左右されず助かっている。,"50,000円以上 100,000円未満","20,000円以上 30,000円未満","50,000円以上 100,000円未満",初めて,"新聞・雑誌・ガイドブック
友人・知人
",0,1,0,0,0,0,0,0,0,0,1,0,0,0,福井駅,,めがねミュージアム,"3,000円以上 5,000円未満",とても満足,接客の対応がとても良かった。,とても満足,"厚揚げの概念が変わった。
とても大きく料理のメインになることに驚かされた。",感じなかった,,8,人が温かい人が多いのでとても癒されると伝えたい。,厚揚げがとてもインパクトあるので、この地域の宣伝になる。,また行きたい（1年以内）,カニが年中たべられる店を教えてほしい
207681,JR美浜駅 エリア,男,2000,26,20代,埼玉県,川越市,800万円以上 900万円未満,mobile/iphone,2026-09-08 00:24:54,9月,道の駅「恐竜渓谷かつやま」 エリア,26.道の駅「恐竜渓谷かつやま」 エリア,勝山市,勝山市・大野市,勝山市観光まちづくり(株),3泊,2泊,嶺南エリア（敦賀市・美浜町・若狭町・小浜市・おおい町・高浜町）,石川県金沢市,恋人,"その他
",0,0,0,0,0,0,0,0,0,0,0,0,0,0,0,0,0,平岡海月さんのブログ、YouTube,"自家用車
",1,0,0,0,0,0,0,"自家用車
",0,0,0,0,とても満足,,"20,000円以上 30,000円未満","30,000円以上 40,000円未満","10,000円以上 20,000円未満",初めて,"その他
",0,0,0,0,0,0,0,0,0,0,0,0,0,0,福井県立恐竜博物館,,選択なし/該当施設なし,"5,000円以上 10,000円未満",とても満足,,とても満足,,感じなかった,,10,,,また行きたい（1年以内）,
207682,JR美浜駅 エリア,女,2002,24,20代,埼玉県,川越市,600万円以上 700万円未満,mobile/iphone,2026-09-08 00:24:13,9月,道の駅「恐竜渓谷かつやま」 エリア,26.道の駅「恐竜渓谷かつやま」 エリア,勝山市,勝山市・大野市,勝山市観光まちづくり(株),3泊,2泊,福井エリア（福井市・永平寺町）,石川県金沢市,恋人,"まちあるき、都市散策
",0,0,0,0,0,0,0,0,0,0,1,0,0,0,0,0,0,0,"自家用車
",1,0,0,0,0,0,0,"自家用車
",0,0,0,0,,,"5,000円以上 10,000円未満","20,000円以上 30,000円未満","30,000円以上 40,000円未満",初めて,"宿泊施設
",0,0,0,0,0,0,0,0,0,0,0,0,0,1,福井県立恐竜博物館,,選択なし/該当施設なし,"1,000円以上 3,000円未満",とても満足,,とても満足,,感じなかった,,8,,,また行きたい（1年以内）,
207681,JR美浜駅 エリア,男,2000,26,20代,埼玉県,川越市,800万円以上 900万円未満,mobile/iphone,2026-09-08 00:23:42,9月,かつやま恐竜の森 エリア,25.かつやま恐竜の森 エリア,勝山市,勝山市・大野市,勝山市観光まちづくり(株),3泊,2泊,嶺南エリア（敦賀市・美浜町・若狭町・小浜市・おおい町・高浜町）,石川県金沢市,恋人,"その他
",0,0,0,0,0,0,0,0,0,0,0,0,0,0,0,0,0,平岡海月さんのブログ、YouTube,"自家用車
",1,0,0,0,0,0,0,"自家用車
",0,0,0,0,とても満足,駐車場も沢山用意されていたので、スムーズでした,"20,000円以上 30,000円未満","30,000円以上 40,000円未満","10,000円以上 20,000円未満",初めて,"その他
",0,0,0,0,0,0,0,0,0,0,0,0,0,0,福井県立恐竜博物館,,道の駅「恐竜渓谷かつやま」,"10,000円以上 20,000円未満",とても満足,"恐竜博物館に行きましたが、展示が多くて圧巻でした。
また、ご飯も美味しかったです！",とても満足,同上,感じなかった,,10,,,また行きたい（1年以内）,
135069,一乗谷朝倉氏遺跡 エリア,女,1961,65,60代,福井県,福井市,分からない/無回答,mobile/iphone,2026-09-09 22:09:26,9月,越前陶芸村 エリア,52.越前陶芸村 エリア,越前町,丹南,一般社団法人 越前町観光連盟（DMO ECHIZEN）,日帰り,福井県内には宿泊しない,福井県内には宿泊しない,福井県外には宿泊しない,その他家族,"名所、旧跡の観光
",0,0,0,0,1,0,0,0,0,0,0,0,0,0,0,0,0,0,"県外から訪れていない（福井県在住）
",1,0,0,0,0,0,1,"自家用車
",0,0,0,0,満足,,使わない,"1,000円未満",使わない,2～5回目,"友人・知人
",0,0,0,0,0,0,0,0,0,0,1,0,0,0,選択なし/該当施設なし,,劔神社,"1,000円未満",どちらでもない,,どちらでもない,,感じなかった,,4,,,福井県在住,
135069,一乗谷朝倉氏遺跡 エリア,女,1961,65,60代,福井県,福井市,分からない/無回答,mobile/iphone,2026-09-09 22:06:36,9月,劔神社 エリア,51.劔神社 エリア,越前町,丹南,一般社団法人 越前町観光連盟（DMO ECHIZEN）,日帰り,福井県内には宿泊しない,福井県内には宿泊しない,福井県外には宿泊しない,その他家族,"名所、旧跡の観光
",0,0,0,0,1,0,0,0,0,0,0,0,0,0,0,0,0,0,"県外から訪れていない（福井県在住）
",1,0,0,0,0,0,1,"自家用車
",0,0,0,0,,,使わない,"1,000円未満",使わない,初めて,"友人・知人
",0,0,0,0,0,0,0,0,0,0,1,0,0,0,越前陶芸村,,選択なし/該当施設なし,使わない,満足,,満足,,感じなかった,,4,,,福井県在住,
183048,赤礁崎オートキャンプ場 エリア,男,1964,62,60代,滋賀県,彦根市,300万円以上 400万円未満,mobile/android,2026-09-09 20:45:52,9月,JR美浜駅 エリア,79.JR美浜駅 エリア,美浜町,嶺南東部,三方五湖DMO(株),1泊,1泊,嶺南エリア（敦賀市・美浜町・若狭町・小浜市・おおい町・高浜町）,福井県外には宿泊しない,自分ひとり,"アウトドア（海水浴、釣り、登山など）
",0,0,0,0,0,0,0,0,0,1,0,0,0,0,0,0,0,0,"自家用車
",1,0,0,0,0,0,0,"自家用車
",0,0,0,0,,,"3,000円以上 5,000円未満","3,000円以上 5,000円未満","1,000円以上 3,000円未満",11回目以上,"インターネット・アプリ
",0,0,0,0,0,1,0,0,0,0,0,0,0,0,選択なし/該当施設なし,,選択なし/該当施設なし,"10,000円以上 20,000円未満",とても満足,道の駅が清潔で綺麗でした,とても満足,,感じなかった,,7,,,また行きたい（1年以内）,
207753,web,女,1973,53,50代,東京都,府中市,500万円以上 600万円未満,mobile/iphone,2026-09-09 20:35:02,9月,大本山 永平寺 エリア,34.大本山 永平寺 エリア,永平寺町,福井市・永平寺町,,4泊以上,1泊,三国・あわらエリア（あわら市・坂井市）,石川県金沢市,夫婦2人,"温泉や露天風呂
名所、旧跡の観光
テーマパーク（遊園地、動物園、博物館など）
",0,1,0,0,1,1,0,0,0,0,0,0,0,0,0,0,0,0,"レンタカー
",0,1,0,0,0,0,0,"レンタカー
",0,0,0,0,とても満足,自由に色々な場所に行くことができるため。,"10,000円以上 20,000円未満","30,000円以上 40,000円未満","10,000円以上 20,000円未満",2～5回目,"インターネット・アプリ
",0,0,0,0,0,1,0,0,0,0,0,0,0,0,選択なし/該当施設なし,,選択なし/該当施設なし,"1,000円以上 3,000円未満",とても満足,気持ちよい対応を受けたため,とても満足,雨が降っていましたが、拝観しやすく工夫されているため。,感じなかった,,9,自然が豊かで気持ちよく過ごせるため,,機会があれば行きたい,
149746,北陸新幹線 越前たけふ駅 エリア,女,1971,55,50代,愛知県,愛西市,分からない/無回答,mobile/android,2026-09-09 19:29:32,9月,福井駅前 エリア（宿泊施設）,02.福井駅前 エリア（宿泊施設）,福井市,福井市・永平寺町,,1泊,1泊,福井エリア（福井市・永平寺町）,福井県外には宿泊しない,夫婦2人,"ドライブ・ツーリング
",0,0,0,0,0,0,0,0,0,0,0,0,0,0,1,0,0,0,"自家用車
",1,0,0,0,0,0,0,"自家用車
",0,0,0,0,満足,"電車通りは運転がやや不安
駐車場が有料","10,000円以上 20,000円未満","5,000円以上 10,000円未満","10,000円以上 20,000円未満",11回目以上,"インターネット・アプリ
",0,0,0,0,0,1,0,0,0,0,0,0,0,0,選択なし/該当施設なし,,越前がにミュージアム,"10,000円以上 20,000円未満",満足,"駐車場が有料
ホテルは綺麗でサービスも良い",満足,,感じた,駐車場が分かりづらい,10,越前そばが美味しい,,また行きたい（1年以内）,ハピコインプランがお得で利用しやすい
149746,北陸新幹線 越前たけふ駅 エリア,女,1971,55,50代,愛知県,愛西市,分からない/無回答,mobile/android,2026-09-09 19:25:28,9月,紫式部公園 エリア,41.紫式部公園 エリア,越前市,丹南,,1泊,1泊,福井エリア（福井市・永平寺町）,福井県外には宿泊しない,夫婦2人,"ドライブ・ツーリング
",0,0,0,0,0,0,0,0,0,0,0,0,0,0,1,0,0,0,"自家用車
",1,0,0,0,0,0,0,"自家用車
",0,0,0,0,とても満足,,"10,000円以上 20,000円未満","5,000円以上 10,000円未満","10,000円以上 20,000円未満",2～5回目,"インターネット・アプリ
",0,0,0,0,0,1,0,0,0,0,0,0,0,0,選択なし/該当施設なし,,選択なし/該当施設なし,"1,000円未満",とても満足,,とても満足,,感じなかった,,10,,,また行きたい（1年以内）,
149746,北陸新幹線 越前たけふ駅 エリア,女,1971,55,50代,愛知県,愛西市,分からない/無回答,mobile/android,2026-09-09 19:24:24,9月,道の駅「西山公園」 エリア,44.道の駅「西山公園」 エリア,鯖江市,丹南,,1泊,1泊,福井エリア（福井市・永平寺町）,福井県外には宿泊しない,夫婦2人,"ドライブ・ツーリング
",0,0,0,0,0,0,0,0,0,0,0,0,0,0,1,0,0,0,"自家用車
",1,0,0,0,0,0,0,"自家用車
",0,0,0,0,とても満足,,"10,000円以上 20,000円未満","5,000円以上 10,000円未満","10,000円以上 20,000円未満",11回目以上,"インターネット・アプリ
",0,0,0,0,0,1,0,0,0,0,0,0,0,0,道の駅「西山公園」,,西山動物園,"1,000円未満",とても満足,レッサーパンダが見れる,とても満足,魅力的なお土産がたくさんある,感じなかった,,10,,,また行きたい（1年以内）,
138851,大本山 永平寺 エリア,男,1974,52,50代,石川県,野々市市,700万円以上 800万円未満,mobile/iphone,2026-09-09 18:07:47,9月,小浜 エリア（宿泊施設）,69.小浜 エリア（宿泊施設）,小浜市,嶺南西部,(株)まちづくり小浜,1泊,1泊,嶺南エリア（敦賀市・美浜町・若狭町・小浜市・おおい町・高浜町）,福井県外には宿泊しない,親,"宿でのんびり過ごす
地元の美味しいものを食べる
まちあるき、都市散策
ドライブ・ツーリング
",1,0,1,0,0,0,0,0,0,0,1,0,0,0,1,0,0,0,"自家用車
",1,0,0,0,0,0,0,"自家用車
",0,0,0,0,,,"10,000円以上 20,000円未満","3,000円以上 5,000円未満","10,000円以上 20,000円未満",初めて,"インターネット・アプリ
宿泊施設
",0,0,0,0,0,1,0,0,0,0,0,0,0,1,道の駅「三方五湖」,,選択なし/該当施設なし,"20,000円以上 30,000円未満",満足,,満足,,感じなかった,,8,,,,
207752,かにファクトリー 甲羅組 エリア,男,1972,54,50代,富山県,高岡市,500万円以上 600万円未満,mobile/android,2026-09-09 17:09:03,9月,かにファクトリー 甲羅組 エリア,102.かにファクトリー 甲羅組 エリア,敦賀市,嶺南東部,,1泊,1泊,嶺南エリア（敦賀市・美浜町・若狭町・小浜市・おおい町・高浜町）,福井県外には宿泊しない,夫婦2人,"友人・親戚を尋ねる
",0,0,0,0,0,0,0,0,0,0,0,0,0,0,0,1,0,0,"自家用車
",1,0,0,0,0,0,0,"自家用車
",0,0,0,0,,,"5,000円以上 10,000円未満","5,000円以上 10,000円未満","10,000円以上 20,000円未満",初めて,"インターネット・アプリ
",0,0,0,0,0,1,0,0,0,0,0,0,0,0,氣比神宮,ヨーロッパ軒,選択なし/該当施設なし,"1,000円以上 3,000円未満",満足,お土産が色々沢山あって良かった。,満足,2階のレストランのメニューが良かった。,感じなかった,,8,ヨーロッパ軒の美味しさ。,土産屋に地元野菜とかがあればいい。,また行きたい（1年以内）,"ヨーロッパ軒が最高。
イオンモールがあればいい。"
207725,三国湊 エリア,男,2005,21,20代,静岡県,静岡市葵区,分からない/無回答,mobile/iphone,2026-09-09 16:45:05,9月,福井駅前 エリア,01.福井駅前 エリア,福井市,福井市・永平寺町,,2泊,2泊,三国・あわらエリア（あわら市・坂井市）,福井県外には宿泊しない,自分ひとり,"まちあるき、都市散策
",0,0,0,0,0,0,0,0,0,0,1,0,0,0,0,0,0,0,"在来線
",0,0,0,1,0,0,0,"在来線
",0,0,0,0,不満,本数が少ない,"10,000円以上 20,000円未満","20,000円以上 30,000円未満","30,000円以上 40,000円未満",初めて,"インターネット・アプリ
",0,0,0,0,0,1,0,0,0,0,0,0,0,0,北の庄城址・柴田公園,,選択なし/該当施設なし,"5,000円以上 10,000円未満",満足,いろんな施設があったから,満足,いろいろな施設があったから,感じなかった,,6,,,どちらともいえない,
207725,三国湊 エリア,男,2005,21,20代,静岡県,静岡市葵区,分からない/無回答,mobile/iphone,2026-09-09 16:25:01,9月,北ノ庄 エリア,03.北ノ庄 エリア,福井市,福井市・永平寺町,,2泊,2泊,三国・あわらエリア（あわら市・坂井市）,福井県外には宿泊しない,自分ひとり,"まちあるき、都市散策
",0,0,0,0,0,0,0,0,0,0,1,0,0,0,0,0,0,0,"在来線
",0,0,0,1,0,0,0,"在来線
徒歩
",0,0,1,0,不満,本数が少ない,"10,000円以上 20,000円未満","20,000円以上 30,000円未満","30,000円以上 40,000円未満",初めて,"インターネット・アプリ
",0,0,0,0,0,1,0,0,0,0,0,0,0,0,福井駅,,選択なし/該当施設なし,使わない,どちらでもない,これといったものがない,どちらでもない,,感じた,案内が少ない,3,,,どちらともいえない,
153866,道の駅「南えちぜん山海里」 エリア,男,1972,54,50代,愛知県,愛西市,400万円以上 500万円未満,mobile/android,2026-09-09 15:39:52,9月,紫式部公園 エリア,41.紫式部公園 エリア,越前市,丹南,,1泊,1泊,福井エリア（福井市・永平寺町）,福井県外には宿泊しない,夫婦2人,"地元の美味しいものを食べる
",0,0,1,0,0,0,0,0,0,0,0,0,0,0,0,0,0,1,"自家用車
",1,0,0,0,0,0,0,"自家用車
",0,0,0,0,満足,,"5,000円以上 10,000円未満","1,000円以上 3,000円未満","3,000円以上 5,000円未満",2～5回目,"その他
",0,0,0,0,0,0,0,0,0,0,0,0,0,0,選択なし/該当施設なし,,選択なし/該当施設なし,"1,000円未満",満足,,満足,,感じなかった,,8,,,また行きたい（1年以内）,
153866,道の駅「南えちぜん山海里」 エリア,男,1972,54,50代,愛知県,愛西市,400万円以上 500万円未満,mobile/android,2026-09-09 15:38:13,9月,福井駅前 エリア（宿泊施設）,02.福井駅前 エリア（宿泊施設）,福井市,福井市・永平寺町,,1泊,1泊,福井エリア（福井市・永平寺町）,福井県外には宿泊しない,夫婦2人,"地元の美味しいものを食べる
",0,0,1,0,0,0,0,0,0,0,0,0,0,0,0,0,0,1,"自家用車
",1,0,0,0,0,0,0,"自家用車
",0,0,0,0,満足,,"5,000円以上 10,000円未満","1,000円以上 3,000円未満","3,000円以上 5,000円未満",2～5回目,"その他
",0,0,0,0,0,0,0,0,0,0,0,0,0,0,道の駅「西山公園」,,越前がにミュージアム,"3,000円以上 5,000円未満",満足,,満足,,感じなかった,,8,,,また行きたい（1年以内）,
207750,道の駅みくに ふれあいパーク三里浜 エリア,女,1959,67,60代,和歌山県,和歌山市,300万円以上 400万円未満,mobile/iphone,2026-09-09 15:18:56,9月,道の駅みくに ふれあいパーク三里浜 エリア,15.道の駅みくに ふれあいパーク三里浜 エリア,坂井市,あわら市・坂井市,(一社)DMOさかい観光局,4泊以上,4泊以上,福井エリア（福井市・永平寺町）,福井県外には宿泊しない,夫婦2人,"地元の美味しいものを食べる
名所、旧跡の観光
",0,0,1,0,1,0,0,0,0,0,0,0,0,0,0,0,0,0,"自家用車
",1,0,0,0,0,0,0,"自家用車
",0,0,0,0,,,"10,000円以上 20,000円未満","20,000円以上 30,000円未満","40,000円以上 50,000円未満",初めて,"インターネット・アプリ
",0,0,0,0,0,1,0,0,0,0,0,0,0,0,越前大仏,,選択なし/該当施設なし,"5,000円以上 10,000円未満",満足,お土産、物産品が豊富にあったので良かった。,満足,,感じなかった,,9,,,機会があれば行きたい,
207749,東尋坊 エリア,女,1968,58,50代,香川県,高松市,"1,200万円以上 1,500万円未満",mobile/android,2026-09-09 14:27:22,9月,東尋坊 エリア,10.東尋坊 エリア,坂井市,あわら市・坂井市,(一社)DMOさかい観光局,3泊,福井県内には宿泊しない,福井県内には宿泊しない,石川県金沢市,自分ひとり,"名所、旧跡の観光
その他
",0,0,0,0,1,0,0,0,0,0,0,0,0,0,0,0,0,0,"在来線
",0,0,0,1,0,0,0,"在来線
路線バス
",0,1,0,0,どちらでもない,アクセスは悪くないが本数が少ないので,使わない,"5,000円以上 10,000円未満","5,000円以上 10,000円未満",初めて,"新聞・雑誌・ガイドブック
観光パンフレット・ポスター
インターネット・アプリ
",0,1,0,1,0,1,0,0,0,0,0,0,0,0,選択なし/該当施設なし,,選択なし/該当施設なし,"1,000円未満",どちらでもない,閉まっているショップが多かったため,満足,東尋坊タワー,感じなかった,,9,柱状節理の規模の大きさと景色の雄大さ,遊覧船が欠航していたので、次は乗って下から見上げたかったです,また行きたい（1年以内）,鯖江の眼鏡やさんを見て回りたい
183693,web,女,1965,61,60代,福井県,福井市,300万円以上 400万円未満,mobile/android,2026-09-09 14:07:02,9月,道の駅「禅の里」 エリア,35.道の駅「禅の里」 エリア,永平寺町,福井市・永平寺町,,日帰り,福井県内には宿泊しない,福井県内には宿泊しない,福井県外には宿泊しない,自分ひとり,"温泉や露天風呂
",0,1,0,0,0,0,0,0,0,0,0,0,0,0,0,0,0,0,"自家用車
",1,0,0,0,0,0,0,"自家用車
",0,0,0,0,,,使わない,"1,000円以上 3,000円未満","1,000円以上 3,000円未満",11回目以上,"インターネット・アプリ
",0,0,0,0,0,1,0,0,0,0,0,0,0,0,選択なし/該当施設なし,,選択なし/該当施設なし,"1,000円以上 3,000円未満",満足,,満足,,感じなかった,,6,,,,
153866,道の駅「南えちぜん山海里」 エリア,男,1972,54,50代,愛知県,愛西市,400万円以上 500万円未満,mobile/android,2026-09-09 14:06:57,9月,うるしの里 エリア,46.うるしの里 エリア,鯖江市,丹南,,1泊,1泊,福井エリア（福井市・永平寺町）,福井県外には宿泊しない,夫婦2人,"地元の美味しいものを食べる
",0,0,1,0,0,0,0,0,0,0,0,0,0,0,0,0,0,1,"自家用車
",1,0,0,0,0,0,0,"自家用車
",0,0,0,0,満足,,"5,000円以上 10,000円未満","1,000円以上 3,000円未満","3,000円以上 5,000円未満",初めて,"その他
",0,0,0,0,0,0,0,0,0,0,0,0,0,0,選択なし/該当施設なし,,選択なし/該当施設なし,"1,000円未満",満足,,満足,,感じなかった,,8,,,また行きたい（1年以内）,
149746,北陸新幹線 越前たけふ駅 エリア,女,1971,55,50代,愛知県,愛西市,分からない/無回答,mobile/android,2026-09-09 14:05:59,9月,うるしの里 エリア,46.うるしの里 エリア,鯖江市,丹南,,1泊,1泊,福井エリア（福井市・永平寺町）,福井県外には宿泊しない,夫婦2人,"ドライブ・ツーリング
",0,0,0,0,0,0,0,0,0,0,0,0,0,0,1,0,0,0,"自家用車
",1,0,0,0,0,0,0,"自家用車
",0,0,0,0,とても満足,,"10,000円以上 20,000円未満","5,000円以上 10,000円未満","10,000円以上 20,000円未満",2～5回目,"インターネット・アプリ
",0,0,0,0,0,1,0,0,0,0,0,0,0,0,選択なし/該当施設なし,,選択なし/該当施設なし,"1,000円未満",とても満足,,とても満足,,感じなかった,,10,,,また行きたい（1年以内）,
203561,福井駅前 エリア（宿泊施設）,女,1985,41,40代,静岡県,三島市,600万円以上 700万円未満,mobile/iphone,2026-09-09 13:48:53,9月,かにファクトリー 甲羅組 エリア,102.かにファクトリー 甲羅組 エリア,敦賀市,嶺南東部,,3泊,3泊,嶺南エリア（敦賀市・美浜町・若狭町・小浜市・おおい町・高浜町）,福井県外には宿泊しない,小学生以下連れの家族,"宿でのんびり過ごす
",1,0,0,0,0,0,0,0,0,0,0,0,0,0,0,0,0,0,"自家用車
",1,0,0,0,0,0,0,"自家用車
",0,0,0,0,とても満足,子供が小さいので動きやすかった。,"5,000円以上 10,000円未満","10,000円以上 20,000円未満","40,000円以上 50,000円未満",初めて,"インターネット・アプリ
",0,0,0,0,0,1,0,0,0,0,0,0,0,0,氣比神宮,,敦賀赤レンガ倉庫,"3,000円以上 5,000円未満",とても満足,,とても満足,子供が楽しそうだった。,感じなかった,,10,のんびりと楽しく過ごせたから。,,また行きたい（1年以内）,
144601,北陸新幹線 越前たけふ駅 エリア,男,1963,63,60代,大阪府,大阪市都島区,分からない/無回答,mobile/android,2026-09-09 13:20:40,9月,かにファクトリー 甲羅組 エリア,102.かにファクトリー 甲羅組 エリア,敦賀市,嶺南東部,,1泊,1泊,嶺南エリア（敦賀市・美浜町・若狭町・小浜市・おおい町・高浜町）,福井県外には宿泊しない,自分ひとり,"宿でのんびり過ごす
",1,0,0,0,0,0,0,0,0,0,0,0,0,0,0,0,0,0,"自家用車
",1,0,0,0,0,0,0,"自家用車
",0,0,0,0,,,"5,000円以上 10,000円未満","1,000円以上 3,000円未満","3,000円以上 5,000円未満",初めて,"新聞・雑誌・ガイドブック
宿泊施設
",0,1,0,0,0,0,0,0,0,0,0,0,0,1,選択なし/該当施設なし,,選択なし/該当施設なし,"1,000円以上 3,000円未満",満足,,満足,,感じなかった,,8,,,また行きたい（1年以内）,
207712,web,女,1985,41,40代,東京都,中野区,分からない/無回答,mobile/iphone,2026-09-09 13:07:52,9月,道の駅「南えちぜん山海里」 エリア,58.道の駅「南えちぜん山海里」 エリア,南越前町,丹南,,2泊,2泊,三国・あわらエリア（あわら市・坂井市）,福井県外には宿泊しない,夫婦2人,"各種体験（手作り、果物狩りなど）
",0,0,0,0,0,0,0,0,0,0,0,1,0,0,0,0,0,0,"新幹線
",0,1,1,0,0,0,0,"レンタカー
",0,0,0,0,満足,,"50,000円以上 100,000円未満","20,000円以上 30,000円未満","50,000円以上 100,000円未満",初めて,"友人・知人
",0,0,0,0,0,0,0,0,0,0,1,0,0,0,選択なし/該当施設なし,,選択なし/該当施設なし,"1,000円以上 3,000円未満",満足,,満足,,感じなかった,,8,,,また行きたい（1年以内）,
207743,北陸新幹線 越前たけふ駅 エリア,女,1988,38,30代,京都府,京都市中京区,100万円以上 200万円未満,mobile/iphone,2026-09-09 13:00:57,9月,北陸新幹線 越前たけふ駅 エリア,38.北陸新幹線 越前たけふ駅 エリア,越前市,丹南,,2泊,福井県内には宿泊しない,福井県内には宿泊しない,福井県外には宿泊しない,自分ひとり,"地元の美味しいものを食べる
ドライブ・ツーリング
",0,0,1,0,0,0,0,0,0,0,0,0,0,0,1,0,0,0,"自家用車
",1,0,0,0,0,0,0,"自家用車
",0,0,0,0,,,使わない,"1,000円以上 3,000円未満","3,000円以上 5,000円未満",初めて,"インターネット・アプリ
",0,0,0,0,0,1,0,0,0,0,0,0,0,0,選択なし/該当施設なし,,選択なし/該当施設なし,使わない,どちらでもない,道の駅の定休日をもっとわかりやすくして欲しいです,どちらでもない,,感じなかった,,5,建物は綺麗、トイレも綺麗でした。,,また行きたい（1年以内）,
207745,東尋坊 エリア,女,2005,21,20代,兵庫県,神戸市灘区,100万円未満,mobile/iphone,2026-09-09 12:44:24,9月,東尋坊 エリア,10.東尋坊 エリア,坂井市,あわら市・坂井市,(一社)DMOさかい観光局,1泊,1泊,三国・あわらエリア（あわら市・坂井市）,福井県外には宿泊しない,親,"宿でのんびり過ごす
温泉や露天風呂
地元の美味しいものを食べる
買い物、アウトレット
",1,1,1,0,0,0,1,0,0,0,0,0,0,0,0,0,0,0,"新幹線
在来線
",0,0,1,0,0,0,0,"路線バス
",0,1,0,0,とても満足,,"20,000円以上 30,000円未満","5,000円以上 10,000円未満","20,000円以上 30,000円未満",2～5回目,"観光展・物産展
",1,0,0,0,0,0,0,0,0,0,0,0,0,0,選択なし/該当施設なし,,選択なし/該当施設なし,"5,000円以上 10,000円未満",とても満足,,とても満足,,感じなかった,,10,,,また行きたい（1年以内）,
207742,かにファクトリー 甲羅組 エリア,男,2005,21,20代,福井県,敦賀市,分からない/無回答,mobile/iphone,2026-09-09 12:02:25,9月,かにファクトリー 甲羅組 エリア,102.かにファクトリー 甲羅組 エリア,敦賀市,嶺南東部,,1泊,1泊,嶺南エリア（敦賀市・美浜町・若狭町・小浜市・おおい町・高浜町）,福井県外には宿泊しない,学校関係（修学旅行・社会科見学等）,"お祭りやイベントへの参加・見物
各種体験（手作り、果物狩りなど）
",0,0,0,0,0,0,0,1,0,0,0,1,0,0,0,0,0,1,"自家用車
",1,0,0,0,0,0,0,"自家用車
",0,0,0,0,とても満足,,"10,000円以上 20,000円未満","5,000円以上 10,000円未満","10,000円以上 20,000円未満",初めて,"観光パンフレット・ポスター
インターネット・アプリ
Instagram
その他
",0,0,0,1,0,1,0,1,0,0,0,0,0,0,選択なし/該当施設なし,,選択なし/該当施設なし,"10,000円以上 20,000円未満",とても満足,,とても満足,,感じなかった,,10,,,また行きたい（1年以内）,
207712,web,女,1985,41,40代,東京都,中野区,分からない/無回答,mobile/iphone,2026-09-09 11:47:19,9月,えちぜん鉄道 松岡駅 エリア,33.えちぜん鉄道 松岡駅 エリア,永平寺町,福井市・永平寺町,,2泊,2泊,三国・あわらエリア（あわら市・坂井市）,福井県外には宿泊しない,夫婦2人,"各種体験（手作り、果物狩りなど）
",0,0,0,0,0,0,0,0,0,0,0,1,0,0,0,0,0,0,"新幹線
",0,1,1,0,0,0,0,"レンタカー
",0,0,0,0,,,"50,000円以上 100,000円未満","20,000円以上 30,000円未満","50,000円以上 100,000円未満",初めて,"友人・知人
",0,0,0,0,0,0,0,0,0,0,1,0,0,0,選択なし/該当施設なし,,選択なし/該当施設なし,"1,000円以上 3,000円未満",満足,,満足,,感じなかった,,8,,,また行きたい（1年以内）,
207738,web,男,1972,54,50代,神奈川県,藤沢市,700万円以上 800万円未満,mobile/android,2026-09-09 11:47:15,9月,福井駅前 エリア,01.福井駅前 エリア,福井市,福井市・永平寺町,,3泊,3泊,福井エリア（福井市・永平寺町）,福井県外には宿泊しない,夫婦2人,"宿でのんびり過ごす
温泉や露天風呂
地元の美味しいものを食べる
花見や紅葉などの自然鑑賞
名所、旧跡の観光
テーマパーク（遊園地、動物園、博物館など）
買い物、アウトレット
まちあるき、都市散策
",1,1,1,1,1,1,1,0,0,0,1,0,0,0,0,0,0,0,"新幹線
",0,0,1,0,0,0,0,"その他
",0,0,0,0,満足,東京から直通,"50,000円以上 100,000円未満","50,000円以上 100,000円未満","20,000円以上 30,000円未満",初めて,"インターネット・アプリ
ブログ
",0,0,0,0,0,1,0,0,0,1,0,0,0,0,選択なし/該当施設なし,,大本山永平寺,"10,000円以上 20,000円未満",満足,,満足,,感じなかった,,8,,,機会があれば行きたい,
207702,東尋坊 エリア,女,1979,47,40代,神奈川県,藤沢市,800万円以上 900万円未満,mobile/android,2026-09-09 11:15:13,9月,福井駅前 エリア,01.福井駅前 エリア,福井市,福井市・永平寺町,,3泊,3泊,福井エリア（福井市・永平寺町）,福井県外には宿泊しない,夫婦2人,"テーマパーク（遊園地、動物園、博物館など）
",0,0,0,0,0,1,0,0,0,0,0,0,0,0,0,0,0,0,"新幹線
",0,0,1,0,0,0,0,"その他
",0,0,0,0,とても満足,東京から早い,"40,000円以上 50,000円未満","20,000円以上 30,000円未満","30,000円以上 40,000円未満",初めて,"観光協会等の案内所
",0,0,0,0,0,0,0,0,0,0,0,1,0,0,選択なし/該当施設なし,,選択なし/該当施設なし,"40,000円以上 50,000円未満",とても満足,,とても満足,とても、発展しているし、雨でも濡れずに繁華街を歩ける,感じなかった,,10,観光地が色んなジャンルを楽しめる,,機会があれば行きたい,
207725,三国湊 エリア,男,2005,21,20代,静岡県,静岡市葵区,分からない/無回答,mobile/iphone,2026-09-09 11:01:30,9月,大本山 永平寺 エリア,34.大本山 永平寺 エリア,永平寺町,福井市・永平寺町,,2泊,2泊,三国・あわらエリア（あわら市・坂井市）,福井県外には宿泊しない,自分ひとり,"まちあるき、都市散策
",0,0,0,0,0,0,0,0,0,0,1,0,0,0,0,0,0,0,"在来線
",0,0,0,1,0,0,0,"在来線
路線バス
",0,1,0,0,不満,本数が少ない,"10,000円以上 20,000円未満","20,000円以上 30,000円未満","30,000円以上 40,000円未満",初めて,"インターネット・アプリ
",0,0,0,0,0,1,0,0,0,0,0,0,0,0,あわら温泉街,,福井駅,"5,000円以上 10,000円未満",満足,厳かな雰囲気を感じられた,満足,厳かな雰囲気を感じられた,感じなかった,,7,ここでしか感じられないものがあるから,,どちらともいえない,
207617,東尋坊 エリア,女,1990,36,30代,愛知県,名古屋市港区,分からない/無回答,mobile/iphone,2026-09-09 10:58:06,9月,東尋坊 エリア,10.東尋坊 エリア,坂井市,あわら市・坂井市,(一社)DMOさかい観光局,1泊,1泊,三国・あわらエリア（あわら市・坂井市）,福井県外には宿泊しない,小学生以下連れの家族,"温泉や露天風呂
地元の美味しいものを食べる
テーマパーク（遊園地、動物園、博物館など）
各種体験（手作り、果物狩りなど）
",0,1,1,0,0,1,0,0,0,0,0,1,0,0,0,0,0,0,"自家用車
",1,0,0,0,0,0,0,"自家用車
",0,0,0,0,,,"20,000円以上 30,000円未満",使わない,"10,000円以上 20,000円未満",初めて,"インターネット・アプリ
Instagram
友人・知人
",0,0,0,0,0,1,0,1,0,0,1,0,0,0,越前松島水族館,,選択なし/該当施設なし,"1,000円以上 3,000円未満",満足,,満足,,感じなかった,,8,,,また行きたい（1年以内）,
153866,道の駅「南えちぜん山海里」 エリア,男,1972,54,50代,愛知県,愛西市,400万円以上 500万円未満,mobile/android,2026-09-09 10:22:09,9月,かずら橋 エリア,48.かずら橋 エリア,池田町,丹南,（一財）いけだ農村観光公社,1泊,1泊,福井エリア（福井市・永平寺町）,福井県外には宿泊しない,夫婦2人,"地元の美味しいものを食べる
",0,0,1,0,0,0,0,0,0,0,0,0,0,0,0,0,0,1,"自家用車
",1,0,0,0,0,0,0,"自家用車
",0,0,0,0,,,"5,000円以上 10,000円未満","1,000円以上 3,000円未満","3,000円以上 5,000円未満",6～10回目,"その他
",0,0,0,0,0,0,0,0,0,0,0,0,0,0,選択なし/該当施設なし,,選択なし/該当施設なし,"1,000円未満",満足,,満足,,感じなかった,,8,,,また行きたい（1年以内）,
149746,北陸新幹線 越前たけふ駅 エリア,女,1971,55,50代,愛知県,愛西市,分からない/無回答,mobile/android,2026-09-09 10:22:07,9月,かずら橋 エリア,48.かずら橋 エリア,池田町,丹南,（一財）いけだ農村観光公社,1泊,1泊,福井エリア（福井市・永平寺町）,福井県外には宿泊しない,夫婦2人,"宿でのんびり過ごす
地元の美味しいものを食べる
ドライブ・ツーリング
",1,0,1,0,0,0,0,0,0,0,0,0,0,0,1,0,0,0,"自家用車
",1,0,0,0,0,0,0,"自家用車
",0,0,0,0,とても満足,,"10,000円以上 20,000円未満","5,000円以上 10,000円未満","10,000円以上 20,000円未満",11回目以上,"インターネット・アプリ
",0,0,0,0,0,1,0,0,0,0,0,0,0,0,選択なし/該当施設なし,,選択なし/該当施設なし,"1,000円未満",とても満足,,とても満足,,感じなかった,,10,,,また行きたい（1年以内）,
187885,東尋坊 エリア,男,1965,61,60代,千葉県,柏市,600万円以上 700万円未満,mobile/iphone,2026-09-09 08:41:54,9月,道の駅みくに ふれあいパーク三里浜 エリア,15.道の駅みくに ふれあいパーク三里浜 エリア,坂井市,あわら市・坂井市,(一社)DMOさかい観光局,1泊,1泊,三国・あわらエリア（あわら市・坂井市）,福井県外には宿泊しない,職場の同僚,"出張など仕事関係
",0,0,0,0,0,0,0,0,0,0,0,0,0,0,0,0,1,0,"新幹線
",0,1,1,0,0,0,0,"レンタカー
",0,0,0,0,満足,,"5,000円以上 10,000円未満","30,000円以上 40,000円未満","10,000円以上 20,000円未満",初めて,"インターネット・アプリ
",0,0,0,0,0,1,0,0,0,0,0,0,0,0,選択なし/該当施設なし,,選択なし/該当施設なし,"1,000円以上 3,000円未満",とても満足,,とても満足,,感じなかった,,10,,,,
207778,web,女,1971,55,50代,奈良県,橿原市,100万円以上 200万円未満,mobile/iphone,2026-09-10 22:27:07,9月,JR敦賀駅前 エリア,63.JR敦賀駅前 エリア,敦賀市,嶺南東部,,1泊,1泊,嶺南エリア（敦賀市・美浜町・若狭町・小浜市・おおい町・高浜町）,福井県外には宿泊しない,夫婦2人,"各種体験（手作り、果物狩りなど）
",0,0,0,0,0,0,0,0,0,0,0,1,0,0,0,0,0,0,"自家用車
",1,0,0,0,0,0,0,"自家用車
",0,0,0,0,とても満足,,"5,000円以上 10,000円未満","1,000円以上 3,000円未満","5,000円以上 10,000円未満",初めて,"インターネット・アプリ
",0,0,0,0,0,1,0,0,0,0,0,0,0,0,選択なし/該当施設なし,,選択なし/該当施設なし,"3,000円以上 5,000円未満",とても満足,観光案内所の方が親切丁寧に教えてくれたから,とても満足,,感じなかった,,6,,,機会があれば行きたい,
207779,道の駅「三方五湖」  エリア,男,1971,55,50代,奈良県,橿原市,100万円以上 200万円未満,mobile/iphone,2026-09-10 22:26:54,9月,JR敦賀駅前 エリア,63.JR敦賀駅前 エリア,敦賀市,嶺南東部,,1泊,1泊,嶺南エリア（敦賀市・美浜町・若狭町・小浜市・おおい町・高浜町）,福井県外には宿泊しない,夫婦2人,"各種体験（手作り、果物狩りなど）
",0,0,0,0,0,0,0,0,0,0,0,1,0,0,0,0,0,0,"自家用車
",1,0,0,0,0,0,0,"自家用車
",0,0,0,0,,,"5,000円以上 10,000円未満","1,000円以上 3,000円未満","5,000円以上 10,000円未満",初めて,"インターネット・アプリ
",0,0,0,0,0,1,0,0,0,0,0,0,0,0,選択なし/該当施設なし,,選択なし/該当施設なし,"5,000円以上 10,000円未満",とても満足,観光案内所の方が役に立つ情報を親切に教えてくれた,とても満足,,感じなかった,,10,,,機会があれば行きたい,
207778,web,女,1971,55,50代,奈良県,橿原市,100万円以上 200万円未満,mobile/iphone,2026-09-10 22:24:44,9月,かにファクトリー 甲羅組 エリア,102.かにファクトリー 甲羅組 エリア,敦賀市,嶺南東部,,1泊,1泊,嶺南エリア（敦賀市・美浜町・若狭町・小浜市・おおい町・高浜町）,福井県外には宿泊しない,夫婦2人,"各種体験（手作り、果物狩りなど）
",0,0,0,0,0,0,0,0,0,0,0,1,0,0,0,0,0,0,"自家用車
",1,0,0,0,0,0,0,"自家用車
",0,0,0,0,,,"5,000円以上 10,000円未満","1,000円以上 3,000円未満","5,000円以上 10,000円未満",初めて,"インターネット・アプリ
",0,0,0,0,0,1,0,0,0,0,0,0,0,0,選択なし/該当施設なし,,選択なし/該当施設なし,"1,000円以上 3,000円未満",とても満足,,とても満足,,感じなかった,,6,,,機会があれば行きたい,
207779,道の駅「三方五湖」  エリア,男,1971,55,50代,奈良県,橿原市,100万円以上 200万円未満,mobile/iphone,2026-09-10 22:24:16,9月,かにファクトリー 甲羅組 エリア,102.かにファクトリー 甲羅組 エリア,敦賀市,嶺南東部,,1泊,1泊,嶺南エリア（敦賀市・美浜町・若狭町・小浜市・おおい町・高浜町）,福井県外には宿泊しない,夫婦2人,"各種体験（手作り、果物狩りなど）
",0,0,0,0,0,0,0,0,0,0,0,1,0,0,0,0,0,0,"自家用車
",1,0,0,0,0,0,0,"自家用車
",0,0,0,0,,,"5,000円以上 10,000円未満","1,000円以上 3,000円未満","5,000円以上 10,000円未満",初めて,"インターネット・アプリ
",0,0,0,0,0,1,0,0,0,0,0,0,0,0,選択なし/該当施設なし,,選択なし/該当施設なし,"3,000円以上 5,000円未満",とても満足,,とても満足,,感じなかった,,10,,,機会があれば行きたい,
207778,web,女,1971,55,50代,奈良県,橿原市,100万円以上 200万円未満,mobile/iphone,2026-09-10 22:23:17,9月,JR美浜駅 エリア,79.JR美浜駅 エリア,美浜町,嶺南東部,三方五湖DMO(株),1泊,1泊,嶺南エリア（敦賀市・美浜町・若狭町・小浜市・おおい町・高浜町）,福井県外には宿泊しない,夫婦2人,"各種体験（手作り、果物狩りなど）
",0,0,0,0,0,0,0,0,0,0,0,1,0,0,0,0,0,0,"自家用車
",1,0,0,0,0,0,0,"自家用車
",0,0,0,0,,,"5,000円以上 10,000円未満","1,000円以上 3,000円未満","5,000円以上 10,000円未満",初めて,"インターネット・アプリ
",0,0,0,0,0,1,0,0,0,0,0,0,0,0,選択なし/該当施設なし,,選択なし/該当施設なし,使わない,満足,,満足,,感じなかった,,6,,,機会があれば行きたい,
207779,道の駅「三方五湖」  エリア,男,1971,55,50代,奈良県,橿原市,100万円以上 200万円未満,mobile/iphone,2026-09-10 22:23:14,9月,JR美浜駅 エリア,79.JR美浜駅 エリア,美浜町,嶺南東部,三方五湖DMO(株),1泊,1泊,嶺南エリア（敦賀市・美浜町・若狭町・小浜市・おおい町・高浜町）,福井県外には宿泊しない,夫婦2人,"各種体験（手作り、果物狩りなど）
",0,0,0,0,0,0,0,0,0,0,0,1,0,0,0,0,0,0,"自家用車
",1,0,0,0,0,0,0,"自家用車
",0,0,0,0,,,"5,000円以上 10,000円未満","1,000円以上 3,000円未満","5,000円以上 10,000円未満",初めて,"インターネット・アプリ
",0,0,0,0,0,1,0,0,0,0,0,0,0,0,選択なし/該当施設なし,,選択なし/該当施設なし,使わない,満足,,満足,,感じなかった,,6,,,機会があれば行きたい,
207778,web,女,1971,55,50代,奈良県,橿原市,100万円以上 200万円未満,mobile/iphone,2026-09-10 22:21:02,9月,湖上館パムコ（水月湖）エリア,82.湖上館パムコ（水月湖） エリア,若狭町,嶺南東部,三方五湖DMO(株),1泊,1泊,嶺南エリア（敦賀市・美浜町・若狭町・小浜市・おおい町・高浜町）,福井県外には宿泊しない,夫婦2人,"各種体験（手作り、果物狩りなど）
",0,0,0,0,0,0,0,0,0,0,0,1,0,0,0,0,0,0,"自家用車
",1,0,0,0,0,0,0,"自家用車
",0,0,0,0,,,"5,000円以上 10,000円未満","1,000円以上 3,000円未満","5,000円以上 10,000円未満",初めて,"インターネット・アプリ
",0,0,0,0,0,1,0,0,0,0,0,0,0,0,選択なし/該当施設なし,,選択なし/該当施設なし,使わない,どちらでもない,,どちらでもない,,感じなかった,,6,,,機会があれば行きたい,
207779,道の駅「三方五湖」  エリア,男,1971,55,50代,奈良県,橿原市,100万円以上 200万円未満,mobile/iphone,2026-09-10 22:20:59,9月,湖上館パムコ（水月湖）エリア,82.湖上館パムコ（水月湖） エリア,若狭町,嶺南東部,三方五湖DMO(株),1泊,1泊,嶺南エリア（敦賀市・美浜町・若狭町・小浜市・おおい町・高浜町）,福井県外には宿泊しない,夫婦2人,"各種体験（手作り、果物狩りなど）
",0,0,0,0,0,0,0,0,0,0,0,1,0,0,0,0,0,0,"自家用車
",1,0,0,0,0,0,0,"自家用車
",0,0,0,0,,,"5,000円以上 10,000円未満","1,000円以上 3,000円未満","5,000円以上 10,000円未満",初めて,"インターネット・アプリ
",0,0,0,0,0,1,0,0,0,0,0,0,0,0,選択なし/該当施設なし,,選択なし/該当施設なし,使わない,どちらでもない,,どちらでもない,,感じなかった,,6,,,機会があれば行きたい,
207779,道の駅「三方五湖」  エリア,男,1971,55,50代,奈良県,橿原市,100万円以上 200万円未満,mobile/iphone,2026-09-10 22:19:56,9月,レインボーライン エリア,77.レインボーライン エリア,美浜町,嶺南東部,三方五湖DMO(株),1泊,1泊,嶺南エリア（敦賀市・美浜町・若狭町・小浜市・おおい町・高浜町）,福井県外には宿泊しない,夫婦2人,"各種体験（手作り、果物狩りなど）
",0,0,0,0,0,0,0,0,0,0,0,1,0,0,0,0,0,0,"自家用車
",1,0,0,0,0,0,0,"自家用車
",0,0,0,0,,,"5,000円以上 10,000円未満","1,000円以上 3,000円未満","5,000円以上 10,000円未満",初めて,"インターネット・アプリ
",0,0,0,0,0,1,0,0,0,0,0,0,0,0,日本海さかな街,,選択なし/該当施設なし,"1,000円以上 3,000円未満",どちらでもない,,どちらでもない,,感じなかった,,6,,,機会があれば行きたい,
207778,web,女,1971,55,50代,奈良県,橿原市,100万円以上 200万円未満,mobile/iphone,2026-09-10 22:19:14,9月,レインボーライン エリア,77.レインボーライン エリア,美浜町,嶺南東部,三方五湖DMO(株),1泊,1泊,嶺南エリア（敦賀市・美浜町・若狭町・小浜市・おおい町・高浜町）,福井県外には宿泊しない,夫婦2人,"各種体験（手作り、果物狩りなど）
",0,0,0,0,0,0,0,0,0,0,0,1,0,0,0,0,0,0,"自家用車
",1,0,0,0,0,0,0,"自家用車
",0,0,0,0,,,"5,000円以上 10,000円未満","1,000円以上 3,000円未満","5,000円以上 10,000円未満",初めて,"インターネット・アプリ
",0,0,0,0,0,1,0,0,0,0,0,0,0,0,日本海さかな街,,選択なし/該当施設なし,"1,000円以上 3,000円未満",どちらでもない,,どちらでもない,,感じなかった,,6,,,機会があれば行きたい,
207778,web,女,1971,55,50代,奈良県,橿原市,100万円以上 200万円未満,mobile/iphone,2026-09-10 22:16:14,9月,美浜町健康楽膳拠点施設こるぱエリア,92.美浜町健康楽膳拠点施設こるぱエリア,美浜町,嶺南東部,,1泊,1泊,嶺南エリア（敦賀市・美浜町・若狭町・小浜市・おおい町・高浜町）,福井県外には宿泊しない,夫婦2人,"各種体験（手作り、果物狩りなど）
",0,0,0,0,0,0,0,0,0,0,0,1,0,0,0,0,0,0,"自家用車
",1,0,0,0,0,0,0,"自家用車
",0,0,0,0,,,"5,000円以上 10,000円未満","1,000円以上 3,000円未満","5,000円以上 10,000円未満",初めて,"インターネット・アプリ
",0,0,0,0,0,1,0,0,0,0,0,0,0,0,日本海さかな街,,選択なし/該当施設なし,使わない,どちらでもない,,どちらでもない,,感じなかった,,6,,,機会があれば行きたい,
207779,道の駅「三方五湖」  エリア,男,1971,55,50代,奈良県,橿原市,100万円以上 200万円未満,mobile/iphone,2026-09-10 22:16:10,9月,美浜町健康楽膳拠点施設こるぱエリア,92.美浜町健康楽膳拠点施設こるぱエリア,美浜町,嶺南東部,,1泊,1泊,嶺南エリア（敦賀市・美浜町・若狭町・小浜市・おおい町・高浜町）,福井県外には宿泊しない,夫婦2人,"各種体験（手作り、果物狩りなど）
",0,0,0,0,0,0,0,0,0,0,0,1,0,0,0,0,0,0,"自家用車
",1,0,0,0,0,0,0,"自家用車
",0,0,0,0,,,"5,000円以上 10,000円未満","1,000円以上 3,000円未満","5,000円以上 10,000円未満",初めて,"インターネット・アプリ
",0,0,0,0,0,1,0,0,0,0,0,0,0,0,日本海さかな街,,選択なし/該当施設なし,使わない,どちらでもない,,どちらでもない,,感じなかった,,6,,,機会があれば行きたい,
207779,道の駅「三方五湖」  エリア,男,1971,55,50代,奈良県,橿原市,100万円以上 200万円未満,mobile/iphone,2026-09-10 22:11:37,9月,道の駅「三方五湖」  エリア,83.道の駅「三方五湖」 エリア,若狭町,嶺南東部,三方五湖DMO(株),1泊,1泊,嶺南エリア（敦賀市・美浜町・若狭町・小浜市・おおい町・高浜町）,福井県外には宿泊しない,夫婦2人,"花見や紅葉などの自然鑑賞
各種体験（手作り、果物狩りなど）
",0,0,0,1,0,0,0,0,0,0,0,1,0,0,0,0,0,0,"自家用車
",1,0,0,0,0,0,0,"自家用車
",0,0,0,0,,,"5,000円以上 10,000円未満","1,000円以上 3,000円未満","5,000円以上 10,000円未満",初めて,"インターネット・アプリ
",0,0,0,0,0,1,0,0,0,0,0,0,0,0,氣比神宮,,選択なし/該当施設なし,"1,000円以上 3,000円未満",満足,,満足,,感じなかった,,6,,,機会があれば行きたい,
207778,web,女,1971,55,50代,奈良県,橿原市,100万円以上 200万円未満,mobile/iphone,2026-09-10 22:11:37,9月,道の駅「三方五湖」  エリア,83.道の駅「三方五湖」 エリア,若狭町,嶺南東部,三方五湖DMO(株),1泊,1泊,嶺南エリア（敦賀市・美浜町・若狭町・小浜市・おおい町・高浜町）,福井県外には宿泊しない,夫婦2人,"花見や紅葉などの自然鑑賞
各種体験（手作り、果物狩りなど）
",0,0,0,1,0,0,0,0,0,0,0,1,0,0,0,0,0,0,"自家用車
",1,0,0,0,0,0,0,"自家用車
",0,0,0,0,,,"5,000円以上 10,000円未満","1,000円以上 3,000円未満","5,000円以上 10,000円未満",初めて,"インターネット・アプリ
",0,0,0,0,0,1,0,0,0,0,0,0,0,0,氣比神宮,,選択なし/該当施設なし,"1,000円以上 3,000円未満",満足,,満足,,感じなかった,,6,,,機会があれば行きたい,
207756,web,女,1975,51,50代,兵庫県,神戸市垂水区,分からない/無回答,mobile/iphone,2026-09-10 22:05:49,9月,かつやま恐竜の森 エリア,25.かつやま恐竜の森 エリア,勝山市,勝山市・大野市,勝山市観光まちづくり(株),1泊,1泊,奥越前エリア（勝山市・大野市）,福井県外には宿泊しない,小学生以下連れの家族,"テーマパーク（遊園地、動物園、博物館など）
",0,0,0,0,0,1,0,0,0,0,0,0,0,0,0,0,0,0,"自家用車
",1,0,0,0,0,0,0,"自家用車
",0,0,0,0,,,"5,000円以上 10,000円未満","20,000円以上 30,000円未満","40,000円以上 50,000円未満",2～5回目,"新聞・雑誌・ガイドブック
インターネット・アプリ
Instagram
",0,1,0,0,0,1,0,1,0,0,0,0,0,0,福井県立恐竜博物館,,一乗谷朝倉氏遺跡,"10,000円以上 20,000円未満",とても満足,,とても満足,,感じなかった,,9,おろしそば、お揚げ、野菜などシンプルな食べ物が滋味あり美味しかった,,また行きたい（1年以内）,朝倉一条谷はもっと押し出される価値があると思います
207715,劔神社 エリア,女,1980,46,40代,東京都,板橋区,分からない/無回答,mobile/iphone,2026-09-10 20:34:14,9月,越前和紙の里 エリア,36.越前和紙の里 エリア,越前市,丹南,,4泊以上,3泊,越前エリア（越前市・越前町・鯖江市・池田町・南越前町）,岐阜県,夫婦2人,"名所、旧跡の観光
",0,0,0,0,1,0,0,0,0,0,0,0,0,0,0,0,0,0,"新幹線
",0,1,1,0,0,0,0,"レンタカー
",0,0,0,0,満足,自分の都合で好きなところに行けるから。またお土産を買っても荷物にならないから,"40,000円以上 50,000円未満","40,000円以上 50,000円未満","30,000円以上 40,000円未満",初めて,"観光協会等の案内所
",0,0,0,0,0,0,0,0,0,0,0,1,0,0,選択なし/該当施設なし,御誕生寺,選択なし/該当施設なし,"1,000円未満",とても満足,越前そばを食べたくて森六に。基本的に太麺はあまり好みではなかったが、喉越しも香りもとてもよく美味しかった,とても満足,お店全体が静かで、越前そばに集中することができたから,感じなかった,,10,食べ物が本当に美味しく、お店も多いので、食事に困ることがない。敦賀のような都市部を観光するよりもレンタカーを借りて、地方に行ったほうが、各地域の特性を感じられて面白い。,,また行きたい（1年以内）,
140638,一乗谷朝倉氏遺跡 エリア,女,1973,53,50代,福井県,坂井市,500万円以上 600万円未満,mobile/iphone,2026-09-10 20:27:51,9月,大本山 永平寺 エリア,34.大本山 永平寺 エリア,永平寺町,福井市・永平寺町,,日帰り,福井県内には宿泊しない,福井県内には宿泊しない,福井県外には宿泊しない,中学生以上連れの家族,"地元の美味しいものを食べる
名所、旧跡の観光
まちあるき、都市散策
",0,0,1,0,1,0,0,0,0,0,1,0,0,0,0,0,0,0,"自家用車
",1,0,0,0,0,0,0,"自家用車
",0,0,0,0,満足,10年ぶりに永平寺に訪れました。10年前に福井に引っ越ししてきた当初依頼です。久しぶりに心が清らかに洗礼されました。今度は県外に住む両親も連れて平地を訪れたいです。,"20,000円以上 30,000円未満","3,000円以上 5,000円未満","10,000円以上 20,000円未満",2～5回目,"観光パンフレット・ポスター
インターネット・アプリ
Instagram
",0,0,0,1,0,1,0,1,0,0,0,0,0,0,スキージャム勝山,,福井県立恐竜博物館,"5,000円以上 10,000円未満",満足,永平寺の坂の入り口にある、素敵な体験工房で手巻寿司セットやすき焼きうどん、かき氷、デザートなど美味しくゆっくり過ごすことができました。癒される空間に満足しました。,満足,永平寺の坂の入り口にある、素敵な体験工房で手巻寿司セットやすき焼きうどん、かき氷、デザートなど美味しくゆっくり過ごすことができました。癒される空間に満足しました。,感じなかった,,8,永平寺の秋の紅葉。,永平寺の坂の入り口にある、素敵な体験工房で手巻寿司セットやすき焼きうどん、かき氷、デザートなど美味しくゆっくり過ごすことができました。癒される空間に満足しました。,また行きたい（1年以内）,"福井駅の構内で、小学生が遊んで楽しめるスペースがあると、うれしいです。
スタンプラリーが大好きなので、オリエンテーションや観光を兼ねて、企画していただけると賛同します。"
147325,web,男,1966,60,60代,京都府,京都市南区,600万円以上 700万円未満,mobile/iphone,2026-09-10 20:27:01,9月,名田庄 エリア,86.名田庄 エリア,おおい町,嶺南西部,,1泊,1泊,嶺南エリア（敦賀市・美浜町・若狭町・小浜市・おおい町・高浜町）,福井県外には宿泊しない,夫婦2人,"宿でのんびり過ごす
",1,0,0,0,0,0,0,0,0,0,0,0,0,0,0,0,0,0,"自家用車
",1,0,0,0,0,0,0,"自家用車
",0,0,0,0,,,"10,000円以上 20,000円未満","3,000円以上 5,000円未満","1,000円以上 3,000円未満",6～10回目,"インターネット・アプリ
",0,0,0,0,0,1,0,0,0,0,0,0,0,0,選択なし/該当施設なし,,選択なし/該当施設なし,"1,000円未満",満足,,満足,,感じなかった,,7,,,また行きたい（1年以内）,お米、ご飯が美味しい
207715,劔神社 エリア,女,1980,46,40代,東京都,板橋区,分からない/無回答,mobile/iphone,2026-09-10 20:21:54,9月,道の駅「越前おおの荒島の郷」 エリア,22.道の駅「越前おおの荒島の郷」 エリア,大野市,勝山市・大野市,,4泊以上,3泊,越前エリア（越前市・越前町・鯖江市・池田町・南越前町）,岐阜県,夫婦2人,"名所、旧跡の観光
",0,0,0,0,1,0,0,0,0,0,0,0,0,0,0,0,0,0,"新幹線
",0,1,1,0,0,0,0,"レンタカー
",0,0,0,0,満足,自分の都合で好きなところに行けるから,"40,000円以上 50,000円未満","40,000円以上 50,000円未満","30,000円以上 40,000円未満",初めて,"観光協会等の案内所
",0,0,0,0,0,0,0,0,0,0,0,1,0,0,大本山永平寺,岐阜県,選択なし/該当施設なし,"5,000円以上 10,000円未満",満足,モンベルの他、道の駅で福井県の特産物が沢山販売されていて、見るだけでも楽しかったから,満足,モンベルの他、道の駅で福井県の特産物が沢山販売されていて、見るだけでも楽しかったから,感じなかった,,9,今回旅行するにあたって初めて知った、蟹ミュージアム、劔神社&amp;資料館、平泉寺白山神社、年縞博物館は、思った以上に面白く、訪れて良かったと思う。福井県には隠れた魅力が沢山あり、そこが良い,,また行きたい（1年以内）,
147325,web,男,1966,60,60代,京都府,京都市南区,600万円以上 700万円未満,mobile/iphone,2026-09-10 20:12:39,9月,うみんぴあ大飯 エリア,84.うみんぴあ大飯 エリア,おおい町,嶺南西部,,1泊,1泊,嶺南エリア（敦賀市・美浜町・若狭町・小浜市・おおい町・高浜町）,福井県外には宿泊しない,夫婦2人,"宿でのんびり過ごす
",1,0,0,0,0,0,0,0,0,0,0,0,0,0,0,0,0,0,"自家用車
",1,0,0,0,0,0,0,"自家用車
",0,0,0,0,,,"10,000円以上 20,000円未満","3,000円以上 5,000円未満","1,000円以上 3,000円未満",初めて,"インターネット・アプリ
",0,0,0,0,0,1,0,0,0,0,0,0,0,0,選択なし/該当施設なし,,選択なし/該当施設なし,"30,000円以上 40,000円未満",とても満足,オールインクルーシブで、沢山の量のお酒がいただけたこと,とても満足,建物と建物の間隔が広く、エリアとして、ゆったり大らかな感じがする,感じなかった,,8,お酒が飲めない人には薦めにくい,道の駅、建物が狭いのでは？食事スペースが狭く、座席の確保が難しいと感じ、ランチはゲンキーの弁当にした。,また行きたい（1年以内）,三方湖の天然うなぎが気になってます
207777,三国湊 エリア,女,1970,56,50代,福井県,坂井市,100万円以上 200万円未満,mobile/android,2026-09-10 19:45:40,9月,三国湊 エリア,09.三国湊 エリア,坂井市,あわら市・坂井市,(一社)DMOさかい観光局,日帰り,1泊,三国・あわらエリア（あわら市・坂井市）,石川県加賀市,地元です,"温泉や露天風呂
地元の美味しいものを食べる
",0,1,1,0,0,0,0,0,0,0,0,0,0,0,0,0,0,0,"県外から訪れていない（福井県在住）
",1,0,0,0,0,0,1,"自家用車
",0,0,0,0,,,使わない,使わない,"1,000円以上 3,000円未満",2～5回目,"Instagram
",0,0,0,0,0,0,0,1,0,0,0,0,0,0,選択なし/該当施設なし,,選択なし/該当施設なし,"1,000円未満",満足,,満足,,感じなかった,,5,,,機会があれば行きたい,
153866,道の駅「南えちぜん山海里」 エリア,男,1972,54,50代,愛知県,愛西市,400万円以上 500万円未満,mobile/android,2026-09-10 19:22:45,9月,北潟湖 エリア,20.北潟湖 エリア,あわら市,あわら市・坂井市,,1泊,1泊,福井エリア（福井市・永平寺町）,福井県外には宿泊しない,夫婦2人,"地元の美味しいものを食べる
",0,0,1,0,0,0,0,0,0,0,0,0,0,0,0,0,0,1,"自家用車
",1,0,0,0,0,0,0,"自家用車
",0,0,0,0,満足,,"5,000円以上 10,000円未満","1,000円以上 3,000円未満","3,000円以上 5,000円未満",初めて,"その他
",0,0,0,0,0,0,0,0,0,0,0,0,0,0,選択なし/該当施設なし,,選択なし/該当施設なし,使わない,満足,,満足,,感じなかった,,8,,,また行きたい（1年以内）,
207776,福井駅前 エリア,無回答,1998,28,20代,大阪府,大阪市住吉区,分からない/無回答,mobile/iphone,2026-09-10 19:22:26,9月,福井駅前 エリア,01.福井駅前 エリア,福井市,福井市・永平寺町,,2泊,2泊,福井エリア（福井市・永平寺町）,福井県外には宿泊しない,親,"宿でのんびり過ごす
温泉や露天風呂
地元の美味しいものを食べる
テーマパーク（遊園地、動物園、博物館など）
",1,1,1,0,0,1,0,0,0,0,0,0,0,0,0,0,0,0,"新幹線
在来線
",0,0,1,1,0,0,0,"在来線
路線バス
",0,1,0,0,満足,,"5,000円以上 10,000円未満","10,000円以上 20,000円未満","5,000円以上 10,000円未満",初めて,"観光パンフレット・ポスター
インターネット・アプリ
Twitter
観光協会等の案内所
",0,0,0,1,0,1,1,0,0,0,0,1,0,0,選択なし/該当施設なし,,選択なし/該当施設なし,"3,000円以上 5,000円未満",満足,,満足,,感じなかった,,5,,,機会があれば行きたい,
149746,北陸新幹線 越前たけふ駅 エリア,女,1971,55,50代,愛知県,愛西市,分からない/無回答,mobile/android,2026-09-10 19:21:38,9月,北潟湖 エリア,20.北潟湖 エリア,あわら市,あわら市・坂井市,,1泊,1泊,福井エリア（福井市・永平寺町）,福井県外には宿泊しない,夫婦2人,"ドライブ・ツーリング
",0,0,0,0,0,0,0,0,0,0,0,0,0,0,1,0,0,0,"自家用車
",1,0,0,0,0,0,0,"自家用車
",0,0,0,0,とても満足,,"10,000円以上 20,000円未満","5,000円以上 10,000円未満","10,000円以上 20,000円未満",2～5回目,"インターネット・アプリ
",0,0,0,0,0,1,0,0,0,0,0,0,0,0,ふれあいパーク三里浜(道の駅「みくに」),,敦賀赤レンガ倉庫,"1,000円未満",満足,,満足,,感じなかった,,10,,,また行きたい（1年以内）,
207775,道の駅みくに ふれあいパーク三里浜 エリア,男,1994,32,30代,富山県,富山市,500万円以上 600万円未満,mobile/android,2026-09-10 19:12:22,9月,道の駅みくに ふれあいパーク三里浜 エリア,15.道の駅みくに ふれあいパーク三里浜 エリア,坂井市,あわら市・坂井市,(一社)DMOさかい観光局,1泊,1泊,三国・あわらエリア（あわら市・坂井市）,福井県外には宿泊しない,夫婦2人,"名所、旧跡の観光
テーマパーク（遊園地、動物園、博物館など）
",0,0,0,0,1,1,0,0,0,0,0,0,0,0,0,0,0,0,"自家用車
",1,0,0,0,0,0,0,"自家用車
",0,0,0,0,満足,国道8号線まで想像より近かったため,"5,000円以上 10,000円未満","3,000円以上 5,000円未満","20,000円以上 30,000円未満",初めて,"新聞・雑誌・ガイドブック
",0,1,0,0,0,0,0,0,0,0,0,0,0,0,福井県立恐竜博物館,,越前松島水族館,"10,000円以上 20,000円未満",満足,,満足,夕方食事をする場所がなかった（木曜定休日が多かった）,感じた,夕食をとれない,7,,御当地グルメを食べられる場所,機会があれば行きたい,
207774,web,男,1963,63,60代,京都府,福知山市,500万円以上 600万円未満,mobile/iphone,2026-09-10 18:33:08,9月,青葉山ハーバルビレッジ エリア,94.青葉山ハーバルビレッジ エリア,高浜町,嶺南西部,,日帰り,福井県内には宿泊しない,福井県内には宿泊しない,名古屋,夫婦2人,"地元の美味しいものを食べる
",0,0,1,0,0,0,0,0,0,0,0,0,0,0,0,0,0,特産物購入,"自家用車
",1,0,0,0,0,0,0,"自家用車
",0,0,0,0,,,"1,000円未満","1,000円未満","1,000円以上 3,000円未満",2～5回目,"その他
",0,0,0,0,0,0,0,0,0,0,0,0,0,0,選択なし/該当施設なし,,選択なし/該当施設なし,"1,000円以上 3,000円未満",満足,,満足,,感じなかった,,5,,,,
207773,青葉山ハーバルビレッジ エリア,女,1963,63,60代,京都府,福知山市,500万円以上 600万円未満,mobile/iphone,2026-09-10 18:29:51,9月,青葉山ハーバルビレッジ エリア,94.青葉山ハーバルビレッジ エリア,高浜町,嶺南西部,,日帰り,福井県内には宿泊しない,福井県内には宿泊しない,福井県外には宿泊しない,夫婦2人,"地元の美味しいものを食べる
",0,0,1,0,0,0,0,0,0,0,0,0,0,0,0,0,0,0,"自家用車
",1,0,0,0,0,0,0,"自家用車
",0,0,0,0,,,使わない,"1,000円未満","1,000円以上 3,000円未満",初めて,"インターネット・アプリ
",0,0,0,0,0,1,0,0,0,0,0,0,0,0,選択なし/該当施設なし,,選択なし/該当施設なし,"1,000円以上 3,000円未満",満足,,満足,,感じなかった,,7,,,機会があれば行きたい,
207725,三国湊 エリア,男,2005,21,20代,静岡県,静岡市葵区,分からない/無回答,mobile/iphone,2026-09-10 17:46:26,9月,JR敦賀駅前 エリア,63.JR敦賀駅前 エリア,敦賀市,嶺南東部,,2泊,2泊,三国・あわらエリア（あわら市・坂井市）,福井県外には宿泊しない,自分ひとり,"まちあるき、都市散策
",0,0,0,0,0,0,0,0,0,0,1,0,0,0,0,0,0,0,"在来線
",0,0,0,1,0,0,0,"在来線
",0,0,0,0,不満,本数が少ない,"10,000円以上 20,000円未満","20,000円以上 30,000円未満","30,000円以上 40,000円未満",初めて,"インターネット・アプリ
",0,0,0,0,0,1,0,0,0,0,0,0,0,0,福井駅,,選択なし/該当施設なし,"1,000円以上 3,000円未満",どちらでもない,商店街は整備されているが空いている店が少なかった,どちらでもない,現代型なのか旧式なのか微妙だった,感じなかった,,5,,,どちらともいえない,
195843,web,女,1959,67,60代,福井県,越前市,100万円以上 200万円未満,mobile/iphone,2026-09-10 17:29:03,9月,かずら橋 エリア,48.かずら橋 エリア,池田町,丹南,（一財）いけだ農村観光公社,1泊,1泊,越前エリア（越前市・越前町・鯖江市・池田町・南越前町）,福井県外には宿泊しない,夫婦2人,"宿でのんびり過ごす
温泉や露天風呂
地元の美味しいものを食べる
",1,1,1,0,0,0,0,0,0,0,0,0,0,0,0,0,0,0,"自家用車
",1,0,0,0,0,0,0,"自家用車
",0,0,0,0,満足,,"10,000円以上 20,000円未満","10,000円以上 20,000円未満","10,000円以上 20,000円未満",初めて,"新聞・雑誌・ガイドブック
",0,1,0,0,0,0,0,0,0,0,0,0,0,0,岡太神社・大瀧神社,,選択なし/該当施設なし,"1,000円未満",満足,,満足,,感じなかった,,8,,,また行きたい（1年以内）,
126348,名田庄 エリア,女,1966,60,60代,京都府,京都市南区,600万円以上 700万円未満,mobile/iphone,2026-09-10 16:31:59,9月,うみんぴあ大飯 エリア,84.うみんぴあ大飯 エリア,おおい町,嶺南西部,,1泊,1泊,嶺南エリア（敦賀市・美浜町・若狭町・小浜市・おおい町・高浜町）,福井県外には宿泊しない,夫婦2人,"ドライブ・ツーリング
",0,0,0,0,0,0,0,0,0,0,0,0,0,0,1,0,0,0,"自家用車
",1,0,0,0,0,0,0,"自家用車
",0,0,0,0,,,"20,000円以上 30,000円未満","3,000円以上 5,000円未満","10,000円以上 20,000円未満",6～10回目,"観光パンフレット・ポスター
",0,0,0,1,0,0,0,0,0,0,0,0,0,0,UMIKARA,,ホテルうみんぴあ,"30,000円以上 40,000円未満",満足,"道の駅は大きかったが、思ったより地元の農産物が少なかった。
",満足,立派な施設が沢山ある。,感じなかった,,10,学びや体験施設があり楽しめる。,"文化教養施設があり、広い敷地内は開放的。
ただ、テナントが空きになってる箇所があり、なかなか厳しいのかと感じた。
",また行きたい（1年以内）,
126348,名田庄 エリア,女,1966,60,60代,京都府,京都市南区,600万円以上 700万円未満,mobile/iphone,2026-09-10 16:18:59,9月,名田庄 エリア,86.名田庄 エリア,おおい町,嶺南西部,,1泊,1泊,嶺南エリア（敦賀市・美浜町・若狭町・小浜市・おおい町・高浜町）,福井県外には宿泊しない,夫婦2人,"宿でのんびり過ごす
温泉や露天風呂
地元の美味しいものを食べる
買い物、アウトレット
ドライブ・ツーリング
",1,1,1,0,0,0,1,0,0,0,0,0,0,0,1,0,0,0,"自家用車
",1,0,0,0,0,0,0,"自家用車
",0,0,0,0,,,"20,000円以上 30,000円未満","3,000円以上 5,000円未満","10,000円以上 20,000円未満",11回目以上,"観光パンフレット・ポスター
",0,0,0,1,0,0,0,0,0,0,0,0,0,0,選択なし/該当施設なし,うみから食堂,選択なし/該当施設なし,"1,000円未満",満足,トイレがキレイなら、満足度が更に上がる。,満足,,感じなかった,,8,"整備された道路で行きやすい
自然が多く静か",流星館での食事を充実して頂きたいところだが、難しいかな？,また行きたい（1年以内）,"海、山、里の恵みが沢山ありますね。
道路が整備されている事が、一番ですね。"
132506,一乗谷朝倉氏遺跡 エリア,女,1966,60,60代,東京都,文京区,"1,500万円以上",mobile/android,2026-09-10 15:33:15,9月,道の駅「恐竜渓谷かつやま」 エリア,26.道の駅「恐竜渓谷かつやま」 エリア,勝山市,勝山市・大野市,勝山市観光まちづくり(株),4泊以上,1泊,嶺南エリア（敦賀市・美浜町・若狭町・小浜市・おおい町・高浜町）,石川県金沢市,夫婦2人,"宿でのんびり過ごす
地元の美味しいものを食べる
",1,0,1,0,0,0,0,0,0,0,0,0,0,0,0,0,0,0,"自家用車
新幹線
",1,0,1,0,0,0,0,"自家用車
",0,0,0,0,,,"50,000円以上 100,000円未満","20,000円以上 30,000円未満","20,000円以上 30,000円未満",2～5回目,"友人・知人
",0,0,0,0,0,0,0,0,0,0,1,0,0,0,三方五湖,,選択なし/該当施設なし,"1,000円以上 3,000円未満",とても満足,,とても満足,,感じなかった,,10,,,また行きたい（1年以内）,
153866,道の駅「南えちぜん山海里」 エリア,男,1972,54,50代,愛知県,愛西市,400万円以上 500万円未満,mobile/android,2026-09-10 15:25:16,9月,金ヶ崎 エリア,64.金ヶ崎 エリア,敦賀市,嶺南東部,,1泊,1泊,福井エリア（福井市・永平寺町）,福井県外には宿泊しない,夫婦2人,"地元の美味しいものを食べる
",0,0,1,0,0,0,0,0,0,0,0,0,0,0,0,0,0,1,"自家用車
",1,0,0,0,0,0,0,"自家用車
",0,0,0,0,満足,,"5,000円以上 10,000円未満","1,000円以上 3,000円未満","3,000円以上 5,000円未満",初めて,"その他
",0,0,0,0,0,0,0,0,0,0,0,0,0,0,選択なし/該当施設なし,,選択なし/該当施設なし,使わない,満足,,満足,,感じなかった,,8,,,また行きたい（1年以内）,
203600,web,男,1989,37,30代,京都府,京都市北区,400万円以上 500万円未満,mobile/iphone,2026-09-10 15:06:24,9月,越前松島水族館 エリア,11.越前松島水族館 エリア,坂井市,あわら市・坂井市,(一社)DMOさかい観光局,1泊,1泊,三国・あわらエリア（あわら市・坂井市）,福井県外には宿泊しない,小学生以下連れの家族,"温泉や露天風呂
地元の美味しいものを食べる
テーマパーク（遊園地、動物園、博物館など）
買い物、アウトレット
アウトドア（海水浴、釣り、登山など）
",0,1,1,0,0,1,1,0,0,1,0,0,0,0,0,0,0,0,"自家用車
",1,0,0,0,0,0,0,"自家用車
",0,0,0,0,,,"20,000円以上 30,000円未満","3,000円以上 5,000円未満","20,000円以上 30,000円未満",2～5回目,"新聞・雑誌・ガイドブック
インターネット・アプリ
Instagram
",0,1,0,0,0,1,0,1,0,0,0,0,0,0,選択なし/該当施設なし,,選択なし/該当施設なし,"5,000円以上 10,000円未満",満足,,満足,,感じなかった,,8,,,また行きたい（1年以内）,
108039,一乗谷朝倉氏遺跡 エリア,その他,1957,69,60代,福井県,福井市,200万円以上 300万円未満,mobile/iphone,2026-09-10 15:05:11,9月,福井駅前 エリア,01.福井駅前 エリア,福井市,福井市・永平寺町,,日帰り,福井県内には宿泊しない,福井県内には宿泊しない,福井県外には宿泊しない,夫婦2人,"地元の美味しいものを食べる
",0,0,1,0,0,0,0,0,0,0,0,0,0,0,0,0,0,0,"自家用車
",1,0,0,0,0,0,0,"自家用車
",0,0,0,0,満足,,"3,000円以上 5,000円未満","3,000円以上 5,000円未満","5,000円以上 10,000円未満",6～10回目,"新聞・雑誌・ガイドブック
",0,1,0,0,0,0,0,0,0,0,0,0,0,0,選択なし/該当施設なし,,選択なし/該当施設なし,"3,000円以上 5,000円未満",満足,,満足,,感じなかった,,8,,,,
100125,道の駅「越前おおの荒島の郷」,男,1954,72,70代,福井県,福井市,300万円以上 400万円未満,mobile/iphone,2026-09-10 14:27:26,9月,道の駅「パークイン丹生ヶ丘」 エリア,50.道の駅「パークイン丹生ヶ丘」 エリア,越前町,丹南,一般社団法人 越前町観光連盟（DMO ECHIZEN）,日帰り,福井県内には宿泊しない,福井県内には宿泊しない,福井県外には宿泊しない,夫婦2人,"地元の美味しいものを食べる
",0,0,1,0,0,0,0,0,0,0,0,0,0,0,0,0,0,0,"自家用車
",1,0,0,0,0,0,0,"自家用車
",0,0,0,0,,,使わない,"1,000円以上 3,000円未満","3,000円以上 5,000円未満",6～10回目,"観光展・物産展
観光パンフレット・ポスター
",1,0,0,1,0,0,0,0,0,0,0,0,0,0,選択なし/該当施設なし,,選択なし/該当施設なし,"1,000円未満",とても満足,,とても満足,,感じなかった,,10,,,また行きたい（1年以内）,
207769,道の駅「南えちぜん山海里」 エリア,女,1965,61,60代,大阪府,堺市堺区,100万円未満,mobile/iphone,2026-09-10 14:14:58,9月,道の駅「南えちぜん山海里」 エリア,58.道の駅「南えちぜん山海里」 エリア,南越前町,丹南,,3泊,1泊,越前エリア（越前市・越前町・鯖江市・池田町・南越前町）,石川県加賀市,夫婦2人,"温泉や露天風呂
地元の美味しいものを食べる
",0,1,1,0,0,0,0,0,0,0,0,0,0,0,0,0,0,0,"自家用車
",1,0,0,0,0,0,0,"自家用車
",0,0,0,0,,,"10,000円以上 20,000円未満","20,000円以上 30,000円未満","5,000円以上 10,000円未満",2～5回目,"インターネット・アプリ
",0,0,0,0,0,1,0,0,0,0,0,0,0,0,丸岡城,,氣比神宮,"5,000円以上 10,000円未満",満足,地元の商品が安かった,とても満足,"トイレがとても綺麗で、清潔に保たれていたところ。
建物全体がきれいに保たれているところ。",感じなかった,,9,トイレと地元の物販,"地元のものが安くて入れるのがありがたい。
飲食はもう少しリーズナブルなものが欲しい",また行きたい（1年以内）,
207725,三国湊 エリア,男,2005,21,20代,静岡県,静岡市葵区,分からない/無回答,mobile/iphone,2026-09-10 14:12:59,9月,金ヶ崎 エリア,64.金ヶ崎 エリア,敦賀市,嶺南東部,,2泊,2泊,三国・あわらエリア（あわら市・坂井市）,福井県外には宿泊しない,自分ひとり,"まちあるき、都市散策
",0,0,0,0,0,0,0,0,0,0,1,0,0,0,0,0,0,0,"在来線
",0,0,0,0,0,0,0,"徒歩
",0,0,1,0,,,"10,000円以上 20,000円未満","20,000円以上 30,000円未満","30,000円以上 40,000円未満",初めて,"インターネット・アプリ
",0,0,0,0,0,1,0,0,0,0,0,0,0,0,福井駅,,選択なし/該当施設なし,使わない,どちらでもない,特に言うことがない,どちらでもない,特に言うことがない,感じた,"案内が少ない
工事の影響で特にわかりにくい",3,,,どちらともいえない,
112961,御食国若狭おばま食文化館 エリア,男,1962,64,60代,滋賀県,大津市,分からない/無回答,mobile/iphone,2026-09-10 14:09:33,9月,北ノ庄 エリア,03.北ノ庄 エリア,福井市,福井市・永平寺町,,1泊,福井県内には宿泊しない,福井県内には宿泊しない,石川県金沢市,夫婦2人,"温泉や露天風呂
",0,1,0,0,0,0,0,0,0,0,0,0,0,0,0,0,0,0,"自家用車
",1,0,0,0,0,0,0,"自家用車
",0,0,0,0,,,"10,000円以上 20,000円未満","5,000円以上 10,000円未満","5,000円以上 10,000円未満",2～5回目,"新聞・雑誌・ガイドブック
",0,1,0,0,0,0,0,0,0,0,0,0,0,0,「ちひろの生まれた家」記念館,,選択なし/該当施設なし,"1,000円以上 3,000円未満",どちらでもない,,どちらでもない,,感じなかった,,5,,,また行きたい（1年以内）,美味しい食べ物
150711,道の駅「越前」 エリア,男,1983,43,40代,愛知県,名古屋市港区,700万円以上 800万円未満,mobile/iphone,2026-09-10 13:53:20,9月,北陸新幹線 越前たけふ駅 エリア,38.北陸新幹線 越前たけふ駅 エリア,越前市,丹南,,1泊,福井県内には宿泊しない,福井県内には宿泊しない,石川県加賀市,自分ひとり,"温泉や露天風呂
",0,1,0,0,0,0,0,0,0,0,0,0,0,0,0,0,0,0,"自家用車
",1,0,0,0,0,0,0,"自家用車
",0,0,0,0,満足,,使わない,"5,000円以上 10,000円未満","5,000円以上 10,000円未満",初めて,"インターネット・アプリ
",0,0,0,0,0,1,0,0,0,0,0,0,0,0,タケフナイフビレッジ,,選択なし/該当施設なし,"1,000円未満",満足,,満足,,感じなかった,,6,,,機会があれば行きたい,
207759,web,男,1975,51,50代,香川県,高松市,100万円未満,mobile/android,2026-09-10 13:33:30,9月,三国湊 エリア,09.三国湊 エリア,坂井市,あわら市・坂井市,(一社)DMOさかい観光局,2泊,2泊,福井エリア（福井市・永平寺町）,福井県外には宿泊しない,自分ひとり,"出張など仕事関係
",0,0,0,0,0,0,0,0,0,0,0,0,0,0,0,0,1,0,"新幹線
",0,0,1,1,0,0,0,"在来線
",0,0,0,0,どちらでもない,,"10,000円以上 20,000円未満","20,000円以上 30,000円未満","3,000円以上 5,000円未満",2～5回目,"観光パンフレット・ポスター
インターネット・アプリ
",0,0,0,1,0,1,0,0,0,0,0,0,0,0,選択なし/該当施設なし,,選択なし/該当施設なし,"1,000円以上 3,000円未満",満足,,どちらでもない,,感じなかった,,8,,,機会があれば行きたい,
150711,道の駅「越前」 エリア,男,1983,43,40代,愛知県,名古屋市港区,700万円以上 800万円未満,mobile/iphone,2026-09-10 13:03:57,9月,タケフナイフビレッジ エリア,39.タケフナイフビレッジ エリア,越前市,丹南,,1泊,福井県内には宿泊しない,福井県内には宿泊しない,石川県加賀市,自分ひとり,"温泉や露天風呂
",0,1,0,0,0,0,0,0,0,0,0,0,0,0,0,0,0,0,"自家用車
",1,0,0,0,0,0,0,"自家用車
",0,0,0,0,,,使わない,"5,000円以上 10,000円未満","5,000円以上 10,000円未満",初めて,"インターネット・アプリ
",0,0,0,0,0,1,0,0,0,0,0,0,0,0,まちの市場 こってコテいけだ,,選択なし/該当施設なし,"1,000円以上 3,000円未満",満足,,満足,,感じなかった,,7,,,機会があれば行きたい,
207757,web,男,1969,57,50代,神奈川県,横浜市青葉区,700万円以上 800万円未満,mobile/iphone,2026-09-10 12:57:15,9月,大本山 永平寺 エリア,34.大本山 永平寺 エリア,永平寺町,福井市・永平寺町,,1泊,1泊,福井エリア（福井市・永平寺町）,福井県外には宿泊しない,自分ひとり,"テーマパーク（遊園地、動物園、博物館など）
",0,0,0,0,0,1,0,0,0,0,0,0,0,0,0,0,0,0,"新幹線
",0,1,1,0,0,0,0,"レンタカー
",0,0,0,0,満足,,"5,000円以上 10,000円未満","10,000円以上 20,000円未満","5,000円以上 10,000円未満",初めて,"観光パンフレット・ポスター
",0,0,0,1,0,0,0,0,0,0,0,0,0,0,選択なし/該当施設なし,,選択なし/該当施設なし,"1,000円以上 3,000円未満",とても満足,,とても満足,,感じなかった,,9,,,機会があれば行きたい,
138851,大本山 永平寺 エリア,男,1974,52,50代,石川県,野々市市,700万円以上 800万円未満,mobile/iphone,2026-09-10 12:16:38,9月,JR美浜駅 エリア,79.JR美浜駅 エリア,美浜町,嶺南東部,三方五湖DMO(株),1泊,1泊,嶺南エリア（敦賀市・美浜町・若狭町・小浜市・おおい町・高浜町）,福井県外には宿泊しない,親,"ドライブ・ツーリング
",0,0,0,0,0,0,0,0,0,0,0,0,0,0,1,0,0,0,"自家用車
",1,0,0,0,0,0,0,"自家用車
",0,0,0,0,,,"10,000円以上 20,000円未満","3,000円以上 5,000円未満","10,000円以上 20,000円未満",2～5回目,"宿泊施設
",0,0,0,0,0,0,0,0,0,0,0,0,0,1,選択なし/該当施設なし,,選択なし/該当施設なし,使わない,満足,,満足,,感じなかった,,9,,,,
207757,web,男,1969,57,50代,神奈川県,横浜市青葉区,700万円以上 800万円未満,mobile/iphone,2026-09-10 12:00:11,9月,えちぜん鉄道 松岡駅 エリア,33.えちぜん鉄道 松岡駅 エリア,永平寺町,福井市・永平寺町,,1泊,1泊,福井エリア（福井市・永平寺町）,福井県外には宿泊しない,自分ひとり,"テーマパーク（遊園地、動物園、博物館など）
",0,0,0,0,0,1,0,0,0,0,0,0,0,0,0,0,0,0,"新幹線
",0,1,1,0,0,0,0,"レンタカー
",0,0,0,0,満足,,"5,000円以上 10,000円未満","10,000円以上 20,000円未満","5,000円以上 10,000円未満",初めて,"観光パンフレット・ポスター
",0,0,0,1,0,0,0,0,0,0,0,0,0,0,選択なし/該当施設なし,,選択なし/該当施設なし,"3,000円以上 5,000円未満",満足,,満足,,感じなかった,,8,,,機会があれば行きたい,
150711,道の駅「越前」 エリア,男,1983,43,40代,愛知県,名古屋市港区,700万円以上 800万円未満,mobile/iphone,2026-09-10 11:54:37,9月,まちの駅 こってコテいけだ エリア,47.まちの駅 こってコテいけだ エリア,池田町,丹南,（一財）いけだ農村観光公社,1泊,福井県内には宿泊しない,福井県内には宿泊しない,石川県加賀市,自分ひとり,"温泉や露天風呂
",0,1,0,0,0,0,0,0,0,0,0,0,0,0,0,0,0,0,"自家用車
",1,0,0,0,0,0,0,"自家用車
",0,0,0,0,,,使わない,"5,000円以上 10,000円未満","5,000円以上 10,000円未満",初めて,"インターネット・アプリ
",0,0,0,0,0,1,0,0,0,0,0,0,0,0,かずら橋,,タケフナイフビレッジ,"1,000円未満",満足,,満足,,感じた,道路案内が無くて道に迷いそうになった,6,,,機会があれば行きたい,
150711,道の駅「越前」 エリア,男,1983,43,40代,愛知県,名古屋市港区,700万円以上 800万円未満,mobile/iphone,2026-09-10 11:42:23,9月,かずら橋 エリア,48.かずら橋 エリア,池田町,丹南,（一財）いけだ農村観光公社,1泊,福井県内には宿泊しない,福井県内には宿泊しない,石川県加賀市,自分ひとり,"温泉や露天風呂
",0,1,0,0,0,0,0,0,0,0,0,0,0,0,0,0,0,0,"自家用車
",1,0,0,0,0,0,0,"自家用車
",0,0,0,0,満足,,使わない,"5,000円以上 10,000円未満","5,000円以上 10,000円未満",初めて,"新聞・雑誌・ガイドブック
インターネット・アプリ
",0,1,0,0,0,1,0,0,0,0,0,0,0,0,選択なし/該当施設なし,,まちの市場 こってコテいけだ,使わない,どちらでもない,,どちらでもない,,感じなかった,,6,,,機会があれば行きたい,
207766,web,女,1965,61,60代,岐阜県,羽島市,分からない/無回答,mobile/android,2026-09-10 11:40:34,9月,かにファクトリー 甲羅組 エリア,102.かにファクトリー 甲羅組 エリア,敦賀市,嶺南東部,,日帰り,福井県内には宿泊しない,三国・あわらエリア（あわら市・坂井市）,福井県外には宿泊しない,夫婦2人,"地元の美味しいものを食べる
名所、旧跡の観光
買い物、アウトレット
",0,0,1,0,1,0,1,0,0,0,0,0,0,0,0,0,0,0,"自家用車
",1,0,0,0,0,0,0,"自家用車
",0,0,0,0,,,"5,000円以上 10,000円未満","1,000円以上 3,000円未満","10,000円以上 20,000円未満",初めて,"インターネット・アプリ
",0,0,0,0,0,1,0,0,0,0,0,0,0,0,選択なし/該当施設なし,,選択なし/該当施設なし,"1,000円以上 3,000円未満",不満,,どちらでもない,,感じなかった,,5,,,また行きたい（1年以内）,
207765,web,女,1982,44,40代,福井県,坂井市,600万円以上 700万円未満,mobile/android,2026-09-10 11:24:31,9月,道の駅みくに ふれあいパーク三里浜 エリア,15.道の駅みくに ふれあいパーク三里浜 エリア,坂井市,あわら市・坂井市,(一社)DMOさかい観光局,日帰り,福井県内には宿泊しない,三国・あわらエリア（あわら市・坂井市）,名古屋,夫婦2人,"地元の美味しいものを食べる
",0,0,1,0,0,0,0,0,0,0,0,0,0,0,0,0,0,0,"自家用車
新幹線
",1,0,1,0,0,0,0,"自家用車
",0,0,0,0,どちらでもない,,"5,000円以上 10,000円未満",使わない,"3,000円以上 5,000円未満",11回目以上,"友人・知人
",0,0,0,0,0,0,0,0,0,0,1,0,0,0,三国サンセットビーチ,,選択なし/該当施設なし,"1,000円以上 3,000円未満",どちらでもない,,どちらでもない,,感じなかった,,7,,,機会があれば行きたい,
112961,御食国若狭おばま食文化館 エリア,男,1962,64,60代,滋賀県,大津市,分からない/無回答,mobile/iphone,2026-09-10 11:16:48,9月,越前和紙の里 エリア,36.越前和紙の里 エリア,越前市,丹南,,1泊,福井県内には宿泊しない,福井県内には宿泊しない,石川県金沢市,夫婦2人,"温泉や露天風呂
",0,1,0,0,0,0,0,0,0,0,0,0,0,0,0,0,0,0,"自家用車
",1,0,0,0,0,0,0,"自家用車
",0,0,0,0,,,"10,000円以上 20,000円未満","5,000円以上 10,000円未満","5,000円以上 10,000円未満",初めて,"新聞・雑誌・ガイドブック
",0,1,0,0,0,0,0,0,0,0,0,0,0,0,選択なし/該当施設なし,,選択なし/該当施設なし,使わない,とても満足,綺麗な和紙に感動,とても満足,売店,感じなかった,,8,"綺麗な和紙
",,また行きたい（1年以内）,
140896,web,女,1966,60,60代,茨城県,ひたちなか市,600万円以上 700万円未満,mobile/iphone,2026-09-10 11:03:38,9月,かにファクトリー 甲羅組 エリア,102.かにファクトリー 甲羅組 エリア,敦賀市,嶺南東部,,1泊,1泊,嶺南エリア（敦賀市・美浜町・若狭町・小浜市・おおい町・高浜町）,福井県外には宿泊しない,友人,"温泉や露天風呂
買い物、アウトレット
お祭りやイベントへの参加・見物
スポーツ観戦や芸能鑑賞（コンサート等）
",0,1,0,0,0,0,1,1,1,0,0,0,0,0,0,0,0,0,"新幹線
",0,0,1,0,0,0,0,"その他
",0,0,0,0,満足,,"5,000円以上 10,000円未満","30,000円以上 40,000円未満","10,000円以上 20,000円未満",初めて,"新聞・雑誌・ガイドブック
観光パンフレット・ポスター
Instagram
友人・知人
",0,1,0,1,0,0,0,1,0,0,1,0,0,0,敦賀赤レンガ倉庫,,選択なし/該当施設なし,"3,000円以上 5,000円未満",とても満足,,とても満足,,感じなかった,,9,,,また行きたい（1年以内）,"やっぱ　せいこがにが大好き
焼きせいこがに出汁買いました
帰って使えのが楽しみです"
207763,六呂師高原 エリア,女,1976,50,50代,岐阜県,高山市,700万円以上 800万円未満,mobile/android,2026-09-10 11:03:19,9月,六呂師高原 エリア,24.六呂師高原 エリア,大野市,勝山市・大野市,,日帰り,福井県内には宿泊しない,福井県内には宿泊しない,福井県外には宿泊しない,友人,"ドライブ・ツーリング
",0,0,0,0,0,0,0,0,0,0,0,0,0,0,1,0,0,0,"その他
",1,0,0,0,0,0,0,"自家用車
",0,0,0,0,,,使わない,"1,000円以上 3,000円未満","1,000円以上 3,000円未満",初めて,"観光パンフレット・ポスター
友人・知人
",0,0,0,1,0,0,0,0,0,0,1,0,0,0,選択なし/該当施設なし,,選択なし/該当施設なし,"1,000円以上 3,000円未満",満足,,満足,,感じなかった,,7,,,,
153866,道の駅「南えちぜん山海里」 エリア,男,1972,54,50代,愛知県,愛西市,400万円以上 500万円未満,mobile/android,2026-09-10 11:01:12,9月,竹田エリア,91.竹田エリア,坂井市,あわら市・坂井市,(一社)DMOさかい観光局,1泊,1泊,福井エリア（福井市・永平寺町）,福井県外には宿泊しない,夫婦2人,"地元の美味しいものを食べる
",0,0,1,0,0,0,0,0,0,0,0,0,0,0,0,0,0,1,"自家用車
",1,0,0,0,0,0,0,"自家用車
",0,0,0,0,満足,,"5,000円以上 10,000円未満","1,000円以上 3,000円未満","3,000円以上 5,000円未満",初めて,"その他
",0,0,0,0,0,0,0,0,0,0,0,0,0,0,選択なし/該当施設なし,,選択なし/該当施設なし,"1,000円以上 3,000円未満",満足,,満足,,感じなかった,,8,,,また行きたい（1年以内）,
207761,かにファクトリー 甲羅組 エリア,男,1965,61,60代,石川県,白山市,500万円以上 600万円未満,mobile/iphone,2026-09-10 10:45:43,9月,かにファクトリー 甲羅組 エリア,102.かにファクトリー 甲羅組 エリア,敦賀市,嶺南東部,,日帰り,福井県内には宿泊しない,福井県内には宿泊しない,福井県外には宿泊しない,夫婦2人,"地元の美味しいものを食べる
買い物、アウトレット
",0,0,1,0,0,0,1,0,0,0,0,0,0,0,0,0,0,0,"自家用車
",1,0,0,0,0,0,0,"自家用車
",0,0,0,0,,,使わない,"10,000円以上 20,000円未満","10,000円以上 20,000円未満",初めて,"インターネット・アプリ
",0,0,0,0,0,1,0,0,0,0,0,0,0,0,道の駅「南えちぜん山海里」,,日本海さかな街,"3,000円以上 5,000円未満",とても満足,,とても満足,,感じなかった,,8,,,また行きたい（1年以内）,
207760,web,女,1961,65,60代,三重県,津市,100万円以上 200万円未満,mobile/android,2026-09-10 10:34:03,9月,かにファクトリー 甲羅組 エリア,102.かにファクトリー 甲羅組 エリア,敦賀市,嶺南東部,,日帰り,福井県内には宿泊しない,福井県内には宿泊しない,福井県外には宿泊しない,団体旅行,"地元の美味しいものを食べる
まちあるき、都市散策
",0,0,1,0,0,0,0,0,0,0,1,0,0,0,0,0,0,パックに入っていた。,"旅行会社ツアーバス
",0,0,0,0,0,1,0,"旅行会社ツアーバス
",0,0,0,0,どちらでもない,,使わない,"5,000円以上 10,000円未満","3,000円以上 5,000円未満",初めて,"その他
",0,0,0,0,0,0,0,0,0,0,0,0,0,0,選択なし/該当施設なし,,氣比神宮,使わない,不満,見る所が無い。,不満,見る所が無い。,感じなかった,,3,,せっかくの施設なので、買うだけでなく何か見る所があると良いと思います。,機会があれば行きたい,
207757,web,男,1969,57,50代,神奈川県,横浜市青葉区,700万円以上 800万円未満,mobile/iphone,2026-09-10 10:11:30,9月,かつやま恐竜の森 エリア,25.かつやま恐竜の森 エリア,勝山市,勝山市・大野市,勝山市観光まちづくり(株),1泊,1泊,福井エリア（福井市・永平寺町）,福井県外には宿泊しない,自分ひとり,"テーマパーク（遊園地、動物園、博物館など）
",0,0,0,0,0,1,0,0,0,0,0,0,0,0,0,0,0,0,"新幹線
",0,1,1,0,0,0,0,"レンタカー
",0,0,0,0,満足,,"5,000円以上 10,000円未満","10,000円以上 20,000円未満","5,000円以上 10,000円未満",初めて,"新聞・雑誌・ガイドブック
観光パンフレット・ポスター
",0,1,0,1,0,0,0,0,0,0,0,0,0,0,選択なし/該当施設なし,,選択なし/該当施設なし,"3,000円以上 5,000円未満",満足,,満足,,感じなかった,,9,,,機会があれば行きたい,
207758,web,男,1969,57,50代,愛知県,名古屋市中村区,700万円以上 800万円未満,mobile/android,2026-09-10 09:18:57,9月,かにファクトリー 甲羅組 エリア,102.かにファクトリー 甲羅組 エリア,敦賀市,嶺南東部,,日帰り,福井県内には宿泊しない,福井県内には宿泊しない,福井県外には宿泊しない,団体旅行,"地元の美味しいものを食べる
",0,0,1,0,0,0,0,0,0,0,0,0,0,0,0,0,0,ツアー,"旅行会社ツアーバス
",0,0,0,0,0,1,0,"旅行会社ツアーバス
",0,0,0,0,どちらでもない,,使わない,"5,000円以上 10,000円未満","5,000円以上 10,000円未満",初めて,"その他
",0,0,0,0,0,0,0,0,0,0,0,0,0,0,若狭フィッシャーマンズワーフ,,箸のふるさと館WAKASA,"3,000円以上 5,000円未満",満足,,満足,,感じなかった,,7,新しい,食事うまい,また行きたい（1年以内）,うまい。楽しい。安い。
207794,越前そばの里 エリア,男,2001,25,20代,愛知県,刈谷市,700万円以上 800万円未満,mobile/iphone,2026-09-11 23:03:33,9月,小浜市 阿納 エリア,67.小浜市 阿納 エリア,小浜市,嶺南西部,(株)まちづくり小浜,1泊,1泊,嶺南エリア（敦賀市・美浜町・若狭町・小浜市・おおい町・高浜町）,福井県外には宿泊しない,恋人,"テーマパーク（遊園地、動物園、博物館など）
",0,0,0,0,0,1,0,0,0,0,0,0,0,0,0,0,0,0,"自家用車
",1,0,0,0,0,0,0,"自家用車
",0,0,0,0,,,"50,000円以上 100,000円未満","10,000円以上 20,000円未満","20,000円以上 30,000円未満",初めて,"Instagram
",0,0,0,0,0,0,0,1,0,0,0,0,0,0,東尋坊,,福井県立恐竜博物館,"50,000円以上 100,000円未満",とても満足,,とても満足,,感じなかった,,10,,,機会があれば行きたい,
207825,かつやま恐竜の森 エリア,女,1962,64,60代,大阪府,泉南郡,300万円以上 400万円未満,mobile/iphone,2026-09-11 23:01:28,9月,かつやま恐竜の森 エリア,25.かつやま恐竜の森 エリア,勝山市,勝山市・大野市,勝山市観光まちづくり(株),3泊,1泊,福井エリア（福井市・永平寺町）,新潟市,中学生以上連れの家族,"名所、旧跡の観光
テーマパーク（遊園地、動物園、博物館など）
",0,0,0,0,1,1,0,0,0,0,0,0,0,0,0,0,0,0,"新幹線
在来線
",0,0,1,1,0,0,0,"在来線
路線バス
",0,1,0,0,満足,ローカル線ならではの旅情があって、のどかな景色を十分に楽しめました。,"5,000円以上 10,000円未満","50,000円以上 100,000円未満","20,000円以上 30,000円未満",初めて,"新聞・雑誌・ガイドブック
観光連盟やDMOのHP
友人・知人
",0,1,0,0,1,0,0,0,0,0,1,0,0,0,選択なし/該当施設なし,,大本山永平寺,"10,000円以上 20,000円未満",満足,全体的には非常に満足なのですが、博物館で食べたカレーの皿とスプーンの大きさが、非常に食べにくく感じたので、少しマイナスしました。,満足,,感じた,交通の便が少し悪いかなと思いました。,9,永平寺の荘厳さと、恐竜博物館の面白さが、とても気に入ったので、知人に勧めようと思いました。,文具がすきなので、もう少し福井らしさのある文具を揃えてもらいたいです。,また行きたい（1年以内）,羽二重餅がとても美味しかったのですが、買う際にどれが良いのか悩みました。それぞれのお店の商品の特徴を一覧にしているようなコミュニティ紙などがあればありがたかったかな。
207823,御食国若狭おばま食文化館 エリア,男,1969,57,50代,愛知県,安城市,700万円以上 800万円未満,mobile/android,2026-09-11 23:00:02,9月,御食国若狭おばま食文化館 エリア,71.御食国若狭おばま食文化館 エリア,小浜市,嶺南西部,(株)まちづくり小浜,2泊,2泊,嶺南エリア（敦賀市・美浜町・若狭町・小浜市・おおい町・高浜町）,福井県外には宿泊しない,自分ひとり,"アウトドア（海水浴、釣り、登山など）
その他
",0,0,0,0,0,0,0,0,0,1,0,0,0,0,0,0,0,0,"自家用車
",1,0,0,0,0,0,0,"自家用車
",0,0,0,0,どちらでもない,,"10,000円以上 20,000円未満","10,000円以上 20,000円未満","40,000円以上 50,000円未満",2～5回目,"新聞・雑誌・ガイドブック
友人・知人
",0,1,0,0,0,0,0,0,0,0,1,0,0,0,丸岡城,,選択なし/該当施設なし,"10,000円以上 20,000円未満",満足,"価格に見合った品質の飲食が出来ない
同じ額を出せば、他のエリアならもっと満足出来る。あと接客態度がよろしくない。",不満,"田舎だから仕方がないと思う反面、観光客を相手に商売をするのであれば、もう少し接客サービスを皆が学んだ方が良いと感じた。
また海産物については、想像していたよりも鮮度管理が出来ておらず美味しそうに感じない商品が多くてがっかりしました&hellip;",感じた,清潔感のあるトイレが不足,4,なかった,ほとんど上記に記入した通りですが、海産物を楽しみに訪問する観光客が多くいるので、リピーターを望むのであれば鮮度と価格のバランス（高くても圧倒的な品質等)を考えていかないと一度訪れたら中々何度も訪問しようと思わない施設になると強く思いました。,また行きたい（1年以内）,独特な食文化があり都度楽しみたいと思っています。が素朴感が否めません。斬新さは必要ないとは思いますが、素朴さを売りにするなら安らぎをもっと提供出来るサービスもあると良いですね。永平寺は良かったです。海側は東尋坊を中心に死んでいますよ
207824,北潟湖 エリア,女,2001,25,20代,東京都,江東区,600万円以上 700万円未満,mobile/iphone,2026-09-11 22:39:53,9月,北潟湖 エリア,20.北潟湖 エリア,あわら市,あわら市・坂井市,,2泊,2泊,三国・あわらエリア（あわら市・坂井市）,福井県外には宿泊しない,親,"宿でのんびり過ごす
温泉や露天風呂
地元の美味しいものを食べる
",1,1,1,0,0,0,0,0,0,0,0,0,0,0,0,0,0,0,"自家用車
",1,0,0,0,0,0,0,"自家用車
",0,0,0,0,,,"10,000円以上 20,000円未満","10,000円以上 20,000円未満","20,000円以上 30,000円未満",初めて,"観光展・物産展
観光パンフレット・ポスター
インターネット・アプリ
",1,0,0,1,0,1,0,0,0,0,0,0,0,0,スキージャム勝山,,福井県立恐竜博物館,"10,000円以上 20,000円未満",とても満足,,とても満足,ご飯が美味しくて、宿も古いけど綺麗に掃除されていた。,感じなかった,,8,,,機会があれば行きたい,ぶどう狩りが楽しかった。もっと押し出したらいいとおもう。
207685,web,女,1970,56,50代,岐阜県,大垣市,200万円以上 300万円未満,mobile/android,2026-09-11 22:19:50,9月,かにファクトリー 甲羅組 エリア,102.かにファクトリー 甲羅組 エリア,敦賀市,嶺南東部,,1泊,1泊,三国・あわらエリア（あわら市・坂井市）,福井県外には宿泊しない,小学生以下連れの家族,"買い物、アウトレット
",0,0,0,0,0,0,1,0,0,0,0,0,0,0,0,0,0,0,"自家用車
",1,0,0,0,0,0,0,"自家用車
",0,0,0,0,満足,子供の遊び場が無料,"10,000円以上 20,000円未満","5,000円以上 10,000円未満","5,000円以上 10,000円未満",2～5回目,"インターネット・アプリ
",0,0,0,0,0,1,0,0,0,0,0,0,0,0,敦賀赤レンガ倉庫,,ふれあいパーク三里浜(道の駅「みくに」),"1,000円未満",満足,,満足,,感じなかった,,6,9月中は遊び場が無料,,また行きたい（1年以内）,
207685,web,女,1970,56,50代,岐阜県,大垣市,200万円以上 300万円未満,mobile/android,2026-09-11 22:15:47,9月,JR敦賀駅前 エリア,63.JR敦賀駅前 エリア,敦賀市,嶺南東部,,1泊,1泊,三国・あわらエリア（あわら市・坂井市）,福井県外には宿泊しない,小学生以下連れの家族,"買い物、アウトレット
",0,0,0,0,0,0,1,0,0,0,0,0,0,0,0,0,0,0,"自家用車
",1,0,0,0,0,0,0,"自家用車
",0,0,0,0,とても満足,気になる所にさっと行ける,"10,000円以上 20,000円未満","5,000円以上 10,000円未満","5,000円以上 10,000円未満",2～5回目,"インターネット・アプリ
",0,0,0,0,0,1,0,0,0,0,0,0,0,0,敦賀赤レンガ倉庫,,選択なし/該当施設なし,"1,000円以上 3,000円未満",満足,子供が「かがやき」を近くて見れてた為,満足,,感じなかった,,6,赤レンガのジオラマ,駐車場が60分無料がよかった,また行きたい（1年以内）,
207820,越前松島水族館 エリア,女,1974,52,50代,大阪府,茨木市,500万円以上 600万円未満,mobile/iphone,2026-09-11 22:00:32,9月,越前松島水族館 エリア,11.越前松島水族館 エリア,坂井市,あわら市・坂井市,(一社)DMOさかい観光局,1泊,1泊,三国・あわらエリア（あわら市・坂井市）,福井県外には宿泊しない,中学生以上連れの家族,"温泉や露天風呂
",0,1,0,0,0,0,0,0,0,0,0,0,0,0,0,0,0,0,"自家用車
",1,0,0,0,0,0,0,"自家用車
",0,0,0,0,,,"10,000円以上 20,000円未満","5,000円以上 10,000円未満","5,000円以上 10,000円未満",初めて,"インターネット・アプリ
",0,0,0,0,0,1,0,0,0,0,0,0,0,0,氣比神宮,,越前大野城,"5,000円以上 10,000円未満",満足,,満足,"水族館がよかった。
魚に触れるし、えさやりも楽しかったです。",感じなかった,,10,"越前松島水族館
小さくてもよかった！",,また行きたい（1年以内）,
135134,道の駅「パークイン丹生ヶ丘」 エリア,男,1971,55,50代,福井県,福井市,600万円以上 700万円未満,mobile/android,2026-09-11 21:54:20,9月,道の駅みくに ふれあいパーク三里浜 エリア,15.道の駅みくに ふれあいパーク三里浜 エリア,坂井市,あわら市・坂井市,(一社)DMOさかい観光局,1泊,1泊,三国・あわらエリア（あわら市・坂井市）,福井県外には宿泊しない,自分ひとり,"宿でのんびり過ごす
",1,0,0,0,0,0,0,0,0,0,0,0,0,0,0,0,0,0,"県外から訪れていない（福井県在住）
",1,0,0,0,0,0,1,"自家用車
",0,0,0,0,,,"5,000円以上 10,000円未満","1,000円以上 3,000円未満","10,000円以上 20,000円未満",11回目以上,"インターネット・アプリ
",0,0,0,0,0,1,0,0,0,0,0,0,0,0,選択なし/該当施設なし,,選択なし/該当施設なし,"10,000円以上 20,000円未満",満足,,満足,,感じなかった,,7,,,福井県在住,
207819,若狭和田 エリア,男,1970,56,50代,福井県,大飯郡,500万円以上 600万円未満,mobile/iphone,2026-09-11 21:50:11,9月,若狭和田 エリア,89.若狭和田 エリア,高浜町,嶺南西部,,日帰り,福井県内には宿泊しない,福井県内には宿泊しない,福井県外には宿泊しない,友人,"地元の美味しいものを食べる
名所、旧跡の観光
アウトドア（海水浴、釣り、登山など）
各種体験（手作り、果物狩りなど）
ドライブ・ツーリング
",0,0,1,0,1,0,0,0,0,1,0,1,0,0,1,0,0,0,"自家用車
その他
",1,0,0,0,0,0,0,"自家用車
その他
",0,0,0,0,とても満足,走りやすい道路､下道でのドライブは、景色も良くのどかで最高です,使わない,"10,000円以上 20,000円未満","10,000円以上 20,000円未満",11回目以上,"観光展・物産展
Instagram
友人・知人
観光協会等の案内所
",1,0,0,0,0,0,0,1,0,0,1,1,0,0,道の駅「名田庄」,エルガイヤ,道の駅「うみんぴあ大飯」,"10,000円以上 20,000円未満",とても満足,,満足,,感じた,お土産が無い,3,,道の駅の整備,機会があれば行きたい,
207818,web,男,1997,29,20代,愛知県,名古屋市守山区,500万円以上 600万円未満,mobile/iphone,2026-09-11 21:35:23,9月,かずら橋 エリア,48.かずら橋 エリア,池田町,丹南,（一財）いけだ農村観光公社,2泊,2泊,越前エリア（越前市・越前町・鯖江市・池田町・南越前町）,福井県外には宿泊しない,親,"宿でのんびり過ごす
温泉や露天風呂
地元の美味しいものを食べる
花見や紅葉などの自然鑑賞
買い物、アウトレット
まちあるき、都市散策
",1,1,1,1,0,0,1,0,0,0,1,0,0,0,0,0,0,0,"自家用車
",1,0,0,0,0,0,0,"自家用車
",0,0,0,0,どちらでもない,,"10,000円以上 20,000円未満","3,000円以上 5,000円未満","10,000円以上 20,000円未満",初めて,"インターネット・アプリ
Instagram
",0,0,0,0,0,1,0,1,0,0,0,0,0,0,龍双ヶ滝,,まちの市場 こってコテいけだ,"3,000円以上 5,000円未満",とても満足,冠荘の温泉や料理、接客に大満足だった。,とても満足,"池田町産のお米や卵、そば、小豆、きなこなど料理も美味しかった。
滝やダムなどの自然も豊かだった。",感じなかった,,10,"海ではなく、あえて山の幸や自然を勧めたい。
冬が魅了が多いが、滝の涼しさや山の上の過ごしやすさなど夏でもいいことを勧めたい。",そばが美味しいのでそばを推して欲しい。,また行きたい（1年以内）,山の方のツアーがあったら行きたい。
207816,web,女,1989,37,30代,静岡県,浜松市北区,600万円以上 700万円未満,mobile/iphone,2026-09-11 21:27:06,9月,かつやま恐竜の森 エリア,25.かつやま恐竜の森 エリア,勝山市,勝山市・大野市,勝山市観光まちづくり(株),1泊,福井県内には宿泊しない,福井県内には宿泊しない,石川県加賀市,友人,"地元の美味しいものを食べる
名所、旧跡の観光
テーマパーク（遊園地、動物園、博物館など）
まちあるき、都市散策
",0,0,1,0,1,1,0,0,0,0,1,0,0,0,0,0,0,0,"旅行会社ツアーバス
",0,0,0,0,0,1,0,"旅行会社ツアーバス
",0,0,0,0,満足,,使わない,"40,000円以上 50,000円未満","5,000円以上 10,000円未満",初めて,"新聞・雑誌・ガイドブック
インターネット・アプリ
Instagram
",0,1,0,0,0,1,0,1,0,0,0,0,0,0,選択なし/該当施設なし,,越前大野城,"1,000円以上 3,000円未満",とても満足,恐竜博物館に伺いました。展示内容が想像以上に充実していて、見応えたっぷりでした。,とても満足,,感じなかった,,10,,鳥獣戯画コラボだけでなく、恐竜博物館ならではの手拭いやタオルがあると嬉しかったです。,機会があれば行きたい,
207815,JR美浜駅 エリア,男,1984,42,40代,大阪府,大阪市福島区,"900万円以上 1,000万円未満",mobile/android,2026-09-11 21:07:30,9月,道の駅みくに ふれあいパーク三里浜 エリア,15.道の駅みくに ふれあいパーク三里浜 エリア,坂井市,あわら市・坂井市,(一社)DMOさかい観光局,1泊,1泊,三国・あわらエリア（あわら市・坂井市）,福井県外には宿泊しない,小学生以下連れの家族,"アウトドア（海水浴、釣り、登山など）
",0,0,0,0,0,0,0,0,0,1,0,0,0,0,0,0,0,0,"自家用車
",1,0,0,0,0,0,0,"自家用車
",0,0,0,0,,,"30,000円以上 40,000円未満","10,000円以上 20,000円未満","30,000円以上 40,000円未満",初めて,"インターネット・アプリ
",0,0,0,0,0,1,0,0,0,0,0,0,0,0,選択なし/該当施設なし,,芝政ワールド,"30,000円以上 40,000円未満",満足,,満足,,感じなかった,,8,,,機会があれば行きたい,
207815,JR美浜駅 エリア,男,1984,42,40代,大阪府,大阪市福島区,"900万円以上 1,000万円未満",mobile/android,2026-09-11 21:06:07,9月,JR美浜駅 エリア,79.JR美浜駅 エリア,美浜町,嶺南東部,三方五湖DMO(株),1泊,1泊,三国・あわらエリア（あわら市・坂井市）,福井県外には宿泊しない,小学生以下連れの家族,"温泉や露天風呂
地元の美味しいものを食べる
テーマパーク（遊園地、動物園、博物館など）
買い物、アウトレット
アウトドア（海水浴、釣り、登山など）
",0,1,1,0,0,1,1,0,0,1,0,0,0,0,0,0,0,0,"自家用車
",1,0,0,0,0,0,0,"自家用車
",0,0,0,0,,,"30,000円以上 40,000円未満","10,000円以上 20,000円未満","30,000円以上 40,000円未満",初めて,"インターネット・アプリ
",0,0,0,0,0,1,0,0,0,0,0,0,0,0,エルガイアおおい,海鮮アトム,選択なし/該当施設なし,"10,000円以上 20,000円未満",とても満足,,とても満足,,感じなかった,,8,,,機会があれば行きたい,
207814,かにファクトリー 甲羅組 エリア,女,1961,65,60代,三重県,四日市市,100万円未満,mobile/android,2026-09-11 20:48:45,9月,かにファクトリー 甲羅組 エリア,102.かにファクトリー 甲羅組 エリア,敦賀市,嶺南東部,,1泊,1泊,越前エリア（越前市・越前町・鯖江市・池田町・南越前町）,福井県外には宿泊しない,夫婦2人,"地元の美味しいものを食べる
",0,0,1,0,0,0,0,0,0,0,0,0,0,0,0,0,0,0,"自家用車
",1,0,0,0,0,0,0,"自家用車
",0,0,0,0,,,"10,000円以上 20,000円未満","5,000円以上 10,000円未満","10,000円以上 20,000円未満",初めて,"TV・ラジオ番組やCM
",0,0,1,0,0,0,0,0,0,0,0,0,0,0,道の駅「河野」,,選択なし/該当施設なし,"10,000円以上 20,000円未満",とても満足,,とても満足,,感じなかった,,9,,,,
207788,web,男,1962,64,60代,岡山県,岡山市北区,100万円未満,mobile/android,2026-09-11 19:55:27,9月,一乗谷朝倉氏遺跡 エリア,06.一乗谷朝倉氏遺跡 エリア,福井市,福井市・永平寺町,,1泊,福井県内には宿泊しない,福井県内には宿泊しない,石川県加賀市,恋人,"テーマパーク（遊園地、動物園、博物館など）
",0,0,0,0,0,1,0,0,0,0,0,0,0,0,0,0,0,0,"自家用車
",1,0,0,0,0,0,0,"自家用車
",0,0,0,0,,,使わない,"5,000円以上 10,000円未満","10,000円以上 20,000円未満",2～5回目,"観光パンフレット・ポスター
",0,0,0,1,0,0,0,0,0,0,0,0,0,0,選択なし/該当施設なし,,選択なし/該当施設なし,"1,000円以上 3,000円未満",満足,,満足,,感じなかった,,3,,,また行きたい（1年以内）,
150017,web,女,1987,39,30代,大阪府,大阪市住吉区,300万円以上 400万円未満,mobile/android,2026-09-11 19:48:40,9月,若狭高浜 エリア,90.若狭高浜 エリア,高浜町,嶺南西部,,2泊,福井県内には宿泊しない,福井県内には宿泊しない,石川県加賀市,小学生以下連れの家族,"友人・親戚を尋ねる
",0,0,0,0,0,0,0,0,0,0,0,0,0,0,0,1,0,0,"自家用車
",1,0,0,0,0,0,0,"自家用車
",0,0,0,0,,,使わない,"3,000円以上 5,000円未満","1,000円以上 3,000円未満",2～5回目,"友人・知人
",0,0,0,0,0,0,0,0,0,0,1,0,0,0,福井県こども家族館,,選択なし/該当施設なし,"1,000円以上 3,000円未満",満足,,満足,,感じなかった,,5,,,機会があれば行きたい,
207787,web,女,1976,50,50代,岡山県,岡山市北区,200万円以上 300万円未満,mobile/iphone,2026-09-11 18:31:02,9月,一乗谷朝倉氏遺跡 エリア,06.一乗谷朝倉氏遺跡 エリア,福井市,福井市・永平寺町,,1泊,福井県内には宿泊しない,福井県内には宿泊しない,石川県加賀市,恋人,"テーマパーク（遊園地、動物園、博物館など）
",0,0,0,0,0,1,0,0,0,0,0,0,0,0,0,0,0,マンホールカード,"自家用車
",1,0,0,0,0,0,0,"自家用車
",0,0,0,0,満足,,"10,000円以上 20,000円未満","5,000円以上 10,000円未満","20,000円以上 30,000円未満",初めて,"その他
",0,0,0,0,0,0,0,0,0,0,0,0,0,0,選択なし/該当施設なし,,選択なし/該当施設なし,"3,000円以上 5,000円未満",満足,,満足,,感じなかった,,3,,,機会があれば行きたい,
150711,道の駅「越前」 エリア,男,1983,43,40代,愛知県,名古屋市港区,700万円以上 800万円未満,mobile/iphone,2026-09-11 18:08:01,9月,道の駅「南えちぜん山海里」 エリア,58.道の駅「南えちぜん山海里」 エリア,南越前町,丹南,,1泊,福井県内には宿泊しない,福井県内には宿泊しない,石川県加賀市,自分ひとり,"温泉や露天風呂
",0,1,0,0,0,0,0,0,0,0,0,0,0,0,0,0,0,0,"自家用車
",1,0,0,0,0,0,0,"自家用車
",0,0,0,0,,,使わない,"5,000円以上 10,000円未満","5,000円以上 10,000円未満",2～5回目,"インターネット・アプリ
",0,0,0,0,0,1,0,0,0,0,0,0,0,0,選択なし/該当施設なし,,選択なし/該当施設なし,"1,000円未満",満足,,満足,,感じなかった,,6,,,機会があれば行きたい,
112961,御食国若狭おばま食文化館 エリア,男,1962,64,60代,滋賀県,大津市,分からない/無回答,mobile/iphone,2026-09-11 17:45:39,9月,道の駅「若狭おばま」 エリア,68.道の駅「若狭おばま」 エリア,小浜市,嶺南西部,(株)まちづくり小浜,1泊,福井県内には宿泊しない,福井県内には宿泊しない,石川県金沢市,夫婦2人,"温泉や露天風呂
",0,1,0,0,0,0,0,0,0,0,0,0,0,0,0,0,0,0,"自家用車
",1,0,0,0,0,0,0,"自家用車
",0,0,0,0,満足,,"10,000円以上 20,000円未満","5,000円以上 10,000円未満","5,000円以上 10,000円未満",2～5回目,"新聞・雑誌・ガイドブック
",0,1,0,0,0,0,0,0,0,0,0,0,0,0,選択なし/該当施設なし,,選択なし/該当施設なし,"1,000円以上 3,000円未満",満足,,満足,,感じなかった,,5,,,また行きたい（1年以内）,海鮮料理
207807,web,男,1966,60,60代,神奈川県,横浜市鶴見区,分からない/無回答,mobile/android,2026-09-11 17:15:13,9月,福井駅前 エリア,01.福井駅前 エリア,福井市,福井市・永平寺町,,3泊,1泊,福井エリア（福井市・永平寺町）,石川県金沢市,夫婦2人,"宿でのんびり過ごす
温泉や露天風呂
買い物、アウトレット
まちあるき、都市散策
",1,1,0,0,0,0,1,0,0,0,1,0,0,0,0,0,0,0,"レンタカー
",0,1,0,0,0,0,0,"レンタカー
",0,0,0,0,とても満足,"とても綺麗な街で好きです。

","5,000円以上 10,000円未満","10,000円以上 20,000円未満","5,000円以上 10,000円未満",6～10回目,"観光展・物産展
インターネット・アプリ
",1,0,0,0,0,1,0,0,0,0,0,0,0,0,越前大野城,,丸岡城,"5,000円以上 10,000円未満",とても満足,美味しい食べものがある。,とても満足,,感じなかった,,8,とても綺麗な街。,美味しいお店。,また行きたい（1年以内）,
207806,だるまちゃん広場 エリア,女,1965,61,60代,福井県,越前市,400万円以上 500万円未満,mobile/iphone,2026-09-11 17:13:13,9月,だるまちゃん広場 エリア,42.だるまちゃん広場 エリア,越前市,丹南,,日帰り,福井県内には宿泊しない,福井県内には宿泊しない,福井県外には宿泊しない,夫婦2人,"地元の美味しいものを食べる
",0,0,1,0,0,0,0,0,0,0,0,0,0,0,0,0,0,0,"自家用車
",1,0,0,0,0,0,0,"自家用車
",0,0,0,0,,,使わない,使わない,"5,000円以上 10,000円未満",11回目以上,"友人・知人
",0,0,0,0,0,0,0,0,0,0,1,0,0,0,選択なし/該当施設なし,,選択なし/該当施設なし,"1,000円以上 3,000円未満",どちらでもない,,どちらでもない,,感じなかった,,9,,,福井県在住,
207792,web,女,1968,58,50代,神奈川県,横浜市鶴見区,500万円以上 600万円未満,mobile/android,2026-09-11 17:10:54,9月,福井駅前 エリア,01.福井駅前 エリア,福井市,福井市・永平寺町,,3泊,1泊,福井エリア（福井市・永平寺町）,石川県金沢市,夫婦2人,"地元の美味しいものを食べる
名所、旧跡の観光
まちあるき、都市散策
",0,0,1,0,1,0,0,0,0,0,1,0,0,0,0,0,0,0,"レンタカー
飛行機
",0,1,0,0,1,0,0,"レンタカー
",0,0,0,0,満足,,"10,000円以上 20,000円未満",使わない,"10,000円以上 20,000円未満",2～5回目,"インターネット・アプリ
",0,0,0,0,0,1,0,0,0,0,0,0,0,0,越前大野城,,選択なし/該当施設なし,"5,000円以上 10,000円未満",満足,,満足,,感じなかった,,6,,,機会があれば行きたい,
207798,福井駅前 エリア（宿泊施設）,女,1968,58,50代,大阪府,堺市堺区,700万円以上 800万円未満,mobile/iphone,2026-09-11 16:29:20,9月,JR芦原温泉駅 エリア,16.JR芦原温泉駅 エリア,あわら市,あわら市・坂井市,,1泊,1泊,福井エリア（福井市・永平寺町）,その他,中学生以上連れの家族,"名所、旧跡の観光
",0,0,0,0,1,0,0,0,0,0,0,0,0,0,0,0,0,0,"新幹線
",0,0,1,0,0,0,0,"路線バス
",0,1,0,0,どちらでもない,便数が少ない,"5,000円以上 10,000円未満","10,000円以上 20,000円未満","5,000円以上 10,000円未満",初めて,"観光パンフレット・ポスター
",0,0,0,1,0,0,0,0,0,0,0,0,0,0,東尋坊,,選択なし/該当施設なし,"1,000円未満",満足,設備が綺麗,満足,設備が綺麗,感じなかった,,8,新幹線以外の在来線があるということ,,また行きたい（1年以内）,
207797,web,女,1999,27,20代,大阪府,堺市堺区,300万円以上 400万円未満,mobile/iphone,2026-09-11 16:25:23,9月,JR芦原温泉駅 エリア,16.JR芦原温泉駅 エリア,あわら市,あわら市・坂井市,,1泊,1泊,福井エリア（福井市・永平寺町）,福井県外には宿泊しない,親,"地元の美味しいものを食べる
",0,0,1,0,0,0,0,0,0,0,0,0,0,0,0,0,0,0,"在来線
",0,0,0,1,0,0,0,"在来線
",0,0,0,0,満足,,"10,000円以上 20,000円未満","10,000円以上 20,000円未満","10,000円以上 20,000円未満",初めて,"TV・ラジオ番組やCM
",0,0,1,0,0,0,0,0,0,0,0,0,0,0,東尋坊,,大本山永平寺,"1,000円未満",とても満足,駅がきれいだった,とても満足,,感じなかった,,9,,,機会があれば行きたい,
207804,かつやま恐竜の森 エリア,男,1965,61,60代,東京都,世田谷区,400万円以上 500万円未満,mobile/android,2026-09-11 16:05:02,9月,かつやま恐竜の森 エリア,25.かつやま恐竜の森 エリア,勝山市,勝山市・大野市,勝山市観光まちづくり(株),1泊,1泊,奥越前エリア（勝山市・大野市）,福井県外には宿泊しない,その他家族,"テーマパーク（遊園地、動物園、博物館など）
",0,0,0,0,0,1,0,0,0,0,0,0,0,0,0,0,0,0,"新幹線
",0,0,1,0,0,0,0,"その他
",0,0,0,0,満足,バスの本数が少ないので、希望する時間に近いものがあれば、よりよいため。,"10,000円以上 20,000円未満","40,000円以上 50,000円未満","20,000円以上 30,000円未満",初めて,"新聞・雑誌・ガイドブック
インターネット・アプリ
友人・知人
",0,1,0,0,0,1,0,0,0,0,1,0,0,0,大本山永平寺,,福井駅,"3,000円以上 5,000円未満",とても満足,,とても満足,博物館の充実度がかなり高い。,感じなかった,,10,"よい観光地が沢山あり、整備もよい。
",,機会があれば行きたい,"勝山に宿泊したが、やはり海鮮は少ないようで、若干残念。
また、木曜日に永平寺を訪れたが、蕎麦屋の営業が少なく、結局食べられなかったのが残念。"
158032,かつやま恐竜の森 エリア,無回答,1975,51,50代,東京都,武蔵野市,分からない/無回答,mobile/iphone,2026-09-11 15:59:39,9月,道の駅「越前おおの荒島の郷」 エリア,22.道の駅「越前おおの荒島の郷」 エリア,大野市,勝山市・大野市,,4泊以上,4泊以上,三国・あわらエリア（あわら市・坂井市）,福井県外には宿泊しない,夫婦2人,"温泉や露天風呂
地元の美味しいものを食べる
花見や紅葉などの自然鑑賞
名所、旧跡の観光
テーマパーク（遊園地、動物園、博物館など）
買い物、アウトレット
お祭りやイベントへの参加・見物
アウトドア（海水浴、釣り、登山など）
まちあるき、都市散策
スキー・スノボ、マリンスポーツ
その他スポーツ（ゴルフ、テニスなど）
ドライブ・ツーリング
友人・親戚を尋ねる
",0,1,1,1,1,1,1,1,0,1,1,0,1,1,1,1,0,0,"新幹線
",1,0,1,0,0,0,0,"自家用車
",0,0,0,0,満足,"新幹線できました
もう少し本数が増えるといいな",使わない,"50,000円以上 100,000円未満","50,000円以上 100,000円未満",11回目以上,"Twitter
友人・知人
",0,0,0,0,0,0,1,0,0,0,1,0,0,0,七間朝市,勝原駅,選択なし/該当施設なし,"3,000円以上 5,000円未満",とても満足,"お土産の種類がとても豊富！！
イートインも種類が多くてとても嬉しい",とても満足,商品が豊富、トイレも綺麗、駐車場も広い、モンベルのクマが可愛い,感じなかった,,8,"インターから近くで利用しやすい
とにかく選択肢が多いのが嬉しい
市内のお店や農家の出品が多いのもとてもいい
毎回とても悩んでしまう&hellip;&hellip;","奥厚のお土産で進めたいものがかなり揃っているし、バラ売りしてるものも結構あって、食べてみて美味しかったら即セットが買えるのが助かる
もっといろんな種類でもやって欲しい
",また行きたい（1年以内）,建物が平屋建てのところが多く、ここからどんな景色が見えるかな？と思っても大抵駐車場ということが多いので、周りに何もなくてもせめて2階を&hellip;&hellip;市街地なら3階を作って辺りを一望したい
121442,福井駅前 エリア,女,1971,55,50代,兵庫県,西宮市,100万円未満,mobile/android,2026-09-11 15:42:00,9月,福井駅前 エリア,01.福井駅前 エリア,福井市,福井市・永平寺町,,4泊以上,4泊以上,越前エリア（越前市・越前町・鯖江市・池田町・南越前町）,福井県外には宿泊しない,自分ひとり,"友人・親戚を尋ねる
",0,0,0,0,0,0,0,0,0,0,0,0,0,0,0,1,0,0,"その他
",0,0,0,0,0,0,0,"その他
",0,0,0,0,不満,以前より料金が倍になったため。,"20,000円以上 30,000円未満","5,000円以上 10,000円未満","20,000円以上 30,000円未満",11回目以上,"観光協会等の案内所
",0,0,0,0,0,0,0,0,0,0,0,1,0,0,北の庄城址・柴田公園,,選択なし/該当施設なし,"3,000円以上 5,000円未満",満足,,満足,,感じなかった,スーパーがあればもっと便利だと思う。,10,,,また行きたい（1年以内）,
121442,福井駅前 エリア,女,1971,55,50代,兵庫県,西宮市,100万円未満,mobile/android,2026-09-11 15:16:19,9月,北ノ庄 エリア,03.北ノ庄 エリア,福井市,福井市・永平寺町,,4泊以上,4泊以上,越前エリア（越前市・越前町・鯖江市・池田町・南越前町）,福井県外には宿泊しない,自分ひとり,"友人・親戚を尋ねる
",0,0,0,0,0,0,0,0,0,0,0,0,0,0,0,1,0,0,"その他
",0,0,0,0,0,0,0,"徒歩
",0,0,1,0,,,"20,000円以上 30,000円未満","5,000円以上 10,000円未満","20,000円以上 30,000円未満",11回目以上,"観光協会等の案内所
",0,0,0,0,0,0,0,0,0,0,0,1,0,0,養浩館庭園,,選択なし/該当施設なし,使わない,満足,,満足,,感じなかった,,10,,,また行きたい（1年以内）,
207802,越前松島水族館 エリア,女,1958,68,60代,静岡県,浜松市東区,300万円以上 400万円未満,mobile/android,2026-09-11 15:15:46,9月,越前松島水族館 エリア,11.越前松島水族館 エリア,坂井市,あわら市・坂井市,(一社)DMOさかい観光局,2泊,2泊,越前エリア（越前市・越前町・鯖江市・池田町・南越前町）,福井県外には宿泊しない,夫婦と知人4名,"温泉や露天風呂
地元の美味しいものを食べる
買い物、アウトレット
",0,1,1,0,0,0,1,0,0,0,0,0,0,0,0,0,0,0,"自家用車
",1,0,0,0,0,0,0,"自家用車
",0,0,0,0,,,"10,000円以上 20,000円未満","5,000円以上 10,000円未満","20,000円以上 30,000円未満",2～5回目,"新聞・雑誌・ガイドブック
インターネット・アプリ
",0,1,0,0,0,1,0,0,0,0,0,0,0,0,丸岡城,,道の駅「さかい」（坂井地域交流センター「いねす」）,"10,000円以上 20,000円未満",どちらでもない,,満足,,感じなかった,,7,,,また行きたい（1年以内）,
207803,東尋坊 エリア,女,1998,28,20代,京都府,京都市下京区,400万円以上 500万円未満,mobile/android,2026-09-11 15:13:57,9月,東尋坊 エリア,10.東尋坊 エリア,坂井市,あわら市・坂井市,(一社)DMOさかい観光局,1泊,1泊,三国・あわらエリア（あわら市・坂井市）,福井県外には宿泊しない,恋人,"温泉や露天風呂
テーマパーク（遊園地、動物園、博物館など）
",0,1,0,0,0,1,0,0,0,0,0,0,0,0,0,0,0,0,"新幹線
",0,0,1,0,0,0,0,"タクシー
",1,0,0,0,不満,金額が高かった,"40,000円以上 50,000円未満","10,000円以上 20,000円未満","5,000円以上 10,000円未満",初めて,"Twitter
",0,0,0,0,0,0,1,0,0,0,0,0,0,0,福井県立恐竜博物館,,福井駅,"3,000円以上 5,000円未満",満足,,満足,,感じなかった,,8,,,機会があれば行きたい,
207798,福井駅前 エリア（宿泊施設）,女,1968,58,50代,大阪府,堺市堺区,700万円以上 800万円未満,mobile/iphone,2026-09-11 15:04:22,9月,東尋坊 エリア,10.東尋坊 エリア,坂井市,あわら市・坂井市,(一社)DMOさかい観光局,1泊,1泊,福井エリア（福井市・永平寺町）,その他,中学生以上連れの家族,"名所、旧跡の観光
",0,0,0,0,1,0,0,0,0,0,0,0,0,0,0,0,0,0,"新幹線
",0,0,1,0,0,0,0,"路線バス
",0,1,0,0,不満,便数が少ない,"5,000円以上 10,000円未満","10,000円以上 20,000円未満","5,000円以上 10,000円未満",初めて,"観光パンフレット・ポスター
",0,0,0,1,0,0,0,0,0,0,0,0,0,0,あわら温泉「芦湯」,福井駅に戻る,選択なし/該当施設なし,"1,000円未満",満足,ソフトクリームが美味しかった,どちらでもない,お店がもっと欲しい,感じた,綺麗なトイレ,8,東尋坊は風が吹いて涼しかったもう少し入りやすいお店が欲しい,もっとお土産屋さんも入りやすくして欲しい,また行きたい（1年以内）,
137307,紫式部公園 エリア,女,1963,63,60代,愛知県,名古屋市北区,200万円以上 300万円未満,mobile/iphone,2026-09-11 14:59:31,9月,越前そばの里 エリア,37.越前そばの里 エリア,越前市,丹南,,日帰り,福井県内には宿泊しない,福井県内には宿泊しない,福井県外には宿泊しない,友人,"買い物、アウトレット
",0,0,0,0,0,0,1,0,0,0,0,0,0,0,0,0,0,0,"旅行会社ツアーバス
",0,0,0,0,0,1,0,"旅行会社ツアーバス
",0,0,0,0,満足,楽で行ける,"1,000円以上 3,000円未満","10,000円以上 20,000円未満","1,000円以上 3,000円未満",6～10回目,"インターネット・アプリ
",0,0,0,0,0,1,0,0,0,0,0,0,0,0,選択なし/該当施設なし,無し,選択なし/該当施設なし,"1,000円以上 3,000円未満",満足,味見して美味しかった。,満足,品揃えが豊富,感じなかった,無し,9,無し,無し,また行きたい（1年以内）,無し
207772,web,女,1991,35,30代,岐阜県,可児市,分からない/無回答,mobile/android,2026-09-11 14:57:00,9月,JR芦原温泉駅 エリア,16.JR芦原温泉駅 エリア,あわら市,あわら市・坂井市,,1泊,1泊,三国・あわらエリア（あわら市・坂井市）,福井県外には宿泊しない,小学生以下連れの家族,"宿でのんびり過ごす
温泉や露天風呂
地元の美味しいものを食べる
",1,1,1,0,0,0,0,0,0,0,0,0,0,0,0,0,0,0,"新幹線
在来線
",0,0,1,1,0,0,0,"在来線
",0,0,0,0,どちらでもない,,"40,000円以上 50,000円未満","40,000円以上 50,000円未満","50,000円以上 100,000円未満",初めて,"インターネット・アプリ
",0,0,0,0,0,1,0,0,0,0,0,0,0,0,選択なし/該当施設なし,,選択なし/該当施設なし,"10,000円以上 20,000円未満",満足,,満足,,感じなかった,,6,,,,
207797,web,女,1999,27,20代,大阪府,堺市堺区,300万円以上 400万円未満,mobile/iphone,2026-09-11 14:54:11,9月,東尋坊 エリア,10.東尋坊 エリア,坂井市,あわら市・坂井市,(一社)DMOさかい観光局,1泊,1泊,福井エリア（福井市・永平寺町）,福井県外には宿泊しない,親,"地元の美味しいものを食べる
",0,0,1,0,0,0,0,0,0,0,0,0,0,0,0,0,0,0,"在来線
",0,0,0,0,0,0,0,"路線バス
",0,1,0,0,どちらでもない,,"10,000円以上 20,000円未満","10,000円以上 20,000円未満","10,000円以上 20,000円未満",初めて,"TV・ラジオ番組やCM
",0,0,1,0,0,0,0,0,0,0,0,0,0,0,大本山永平寺,,一乗谷朝倉氏遺跡,"1,000円以上 3,000円未満",とても満足,,とても満足,,感じた,バスが少ない,8,,,機会があれば行きたい,
207800,かつやま恐竜の森 エリア,女,1985,41,40代,愛知県,名古屋市緑区,"1,200万円以上 1,500万円未満",mobile/iphone,2026-09-11 14:53:19,9月,かつやま恐竜の森 エリア,25.かつやま恐竜の森 エリア,勝山市,勝山市・大野市,勝山市観光まちづくり(株),1泊,1泊,福井エリア（福井市・永平寺町）,福井県外には宿泊しない,小学生以下連れの家族,"地元の美味しいものを食べる
名所、旧跡の観光
",0,0,1,0,1,0,0,0,0,0,0,0,0,0,0,0,0,0,"自家用車
",1,0,0,0,0,0,0,"自家用車
",0,0,0,0,,,"10,000円以上 20,000円未満","5,000円以上 10,000円未満","10,000円以上 20,000円未満",初めて,"観光連盟やDMOのHP
Instagram
",0,0,0,0,1,0,0,1,0,0,0,0,0,0,福井県立恐竜博物館,,大本山永平寺,"1,000円以上 3,000円未満",とても満足,,とても満足,,感じなかった,,10,恐竜というテーマで色々なところに恐竜がいて、わくわくするから。,,また行きたい（1年以内）,
128426,web,女,1967,59,50代,兵庫県,丹波市,600万円以上 700万円未満,mobile/android,2026-09-11 14:52:13,9月,日本海さかな街 エリア,61.日本海さかな街 エリア,敦賀市,嶺南東部,,1泊,1泊,嶺南エリア（敦賀市・美浜町・若狭町・小浜市・おおい町・高浜町）,京都府,その他家族,"地元の美味しいものを食べる
",0,0,1,0,0,0,0,0,0,0,0,0,0,0,0,0,0,0,"自家用車
",1,0,0,0,0,0,0,"自家用車
",0,0,0,0,満足,,"10,000円以上 20,000円未満","10,000円以上 20,000円未満","5,000円以上 10,000円未満",初めて,"インターネット・アプリ
",0,0,0,0,0,1,0,0,0,0,0,0,0,0,氣比神宮,,選択なし/該当施設なし,"5,000円以上 10,000円未満",満足,,満足,,感じた,,7,,,,
207799,三国湊 エリア,女,1968,58,50代,東京都,台東区,"1,500万円以上",mobile/android,2026-09-11 14:46:36,9月,三国湊 エリア,09.三国湊 エリア,坂井市,あわら市・坂井市,(一社)DMOさかい観光局,4泊以上,4泊以上,福井エリア（福井市・永平寺町）,福井県外には宿泊しない,自分ひとり,"温泉や露天風呂
地元の美味しいものを食べる
花見や紅葉などの自然鑑賞
名所、旧跡の観光
テーマパーク（遊園地、動物園、博物館など）
買い物、アウトレット
まちあるき、都市散策
",0,1,1,1,1,1,1,0,0,0,1,0,0,0,0,0,0,0,"新幹線
",0,0,1,1,0,0,0,"在来線
レンタサイクル
",0,0,0,1,満足,,"100,000円以上","50,000円以上 100,000円未満","100,000円以上",11回目以上,"新聞・雑誌・ガイドブック
観光パンフレット・ポスター
観光協会等の案内所
",0,1,0,1,0,0,0,0,0,0,0,1,0,0,福井県立恐竜博物館,,大本山永平寺,"20,000円以上 30,000円未満",満足,,満足,,感じた,,8,,,また行きたい（1年以内）,
207797,web,女,1999,27,20代,大阪府,堺市堺区,300万円以上 400万円未満,mobile/iphone,2026-09-11 14:32:29,9月,福井駅前 エリア（宿泊施設）,02.福井駅前 エリア（宿泊施設）,福井市,福井市・永平寺町,,1泊,1泊,福井エリア（福井市・永平寺町）,福井県外には宿泊しない,親,"宿でのんびり過ごす
地元の美味しいものを食べる
",1,0,1,0,0,0,0,0,0,0,0,0,0,0,0,0,0,0,"新幹線
在来線
",0,0,1,1,0,0,0,"在来線
",0,0,0,0,満足,,"10,000円以上 20,000円未満","10,000円以上 20,000円未満","10,000円以上 20,000円未満",初めて,"TV・ラジオ番組やCM
",0,0,1,0,0,0,0,0,0,0,0,0,0,0,大本山永平寺,,一乗谷朝倉氏遺跡,"10,000円以上 20,000円未満",とても満足,,とても満足,,感じた,バス、電車の本数が少ない,7,,,機会があれば行きたい,
170152,web,女,1974,52,50代,石川県,小松市,"900万円以上 1,000万円未満",mobile/android,2026-09-11 14:32:00,9月,道の駅「西山公園」 エリア,44.道の駅「西山公園」 エリア,鯖江市,丹南,,1泊,1泊,越前エリア（越前市・越前町・鯖江市・池田町・南越前町）,福井県外には宿泊しない,夫婦2人,"宿でのんびり過ごす
",1,0,0,0,0,0,0,0,0,0,0,0,0,0,0,0,0,0,"自家用車
",1,0,0,0,0,0,0,"自家用車
",0,0,0,0,,,"20,000円以上 30,000円未満","1,000円以上 3,000円未満","10,000円以上 20,000円未満",2～5回目,"観光展・物産展
観光連盟やDMOのHP
インターネット・アプリ
",1,0,0,0,1,1,0,0,0,0,0,0,0,0,選択なし/該当施設なし,,選択なし/該当施設なし,"5,000円以上 10,000円未満",満足,,満足,,感じなかった,,7,,,機会があれば行きたい,
207798,福井駅前 エリア（宿泊施設）,女,1968,58,50代,大阪府,堺市堺区,700万円以上 800万円未満,mobile/iphone,2026-09-11 14:30:15,9月,福井駅前 エリア（宿泊施設）,02.福井駅前 エリア（宿泊施設）,福井市,福井市・永平寺町,,1泊,1泊,福井エリア（福井市・永平寺町）,その他,中学生以上連れの家族,"名所、旧跡の観光
",0,0,0,0,1,0,0,0,0,0,0,0,0,0,0,0,0,0,"新幹線
",0,0,1,1,0,0,0,"在来線
",0,0,0,0,とても満足,新幹線が通っているから,"5,000円以上 10,000円未満","10,000円以上 20,000円未満","5,000円以上 10,000円未満",初めて,"観光展・物産展
観光パンフレット・ポスター
",1,0,0,1,0,0,0,0,0,0,0,0,0,0,丸岡城,,福井県立恐竜博物館,"5,000円以上 10,000円未満",満足,店員さんの対応,満足,,感じなかった,,8,,,また行きたい（1年以内）,蕎麦が美味しかった
207787,web,女,1976,50,50代,岡山県,岡山市北区,200万円以上 300万円未満,mobile/iphone,2026-09-11 14:27:01,9月,かつやま恐竜の森 エリア,25.かつやま恐竜の森 エリア,勝山市,勝山市・大野市,勝山市観光まちづくり(株),1泊,福井県内には宿泊しない,福井県内には宿泊しない,石川県加賀市,恋人,"テーマパーク（遊園地、動物園、博物館など）
",0,0,0,0,0,1,0,0,0,0,0,0,0,0,0,0,0,マンホールカード,"自家用車
",1,0,0,0,0,0,0,"自家用車
",0,0,0,0,,,"10,000円以上 20,000円未満","5,000円以上 10,000円未満","20,000円以上 30,000円未満",初めて,"その他
",0,0,0,0,0,0,0,0,0,0,0,0,0,0,道の駅「恐竜渓谷かつやま」,,選択なし/該当施設なし,"5,000円以上 10,000円未満",満足,,満足,,感じなかった,,3,,,機会があれば行きたい,
207788,web,男,1962,64,60代,岡山県,岡山市北区,100万円未満,mobile/android,2026-09-11 14:26:52,9月,かつやま恐竜の森 エリア,25.かつやま恐竜の森 エリア,勝山市,勝山市・大野市,勝山市観光まちづくり(株),1泊,福井県内には宿泊しない,福井県内には宿泊しない,石川県加賀市,恋人,"テーマパーク（遊園地、動物園、博物館など）
",0,0,0,0,0,1,0,0,0,0,0,0,0,0,0,0,0,0,"自家用車
",1,0,0,0,0,0,0,"自家用車
",0,0,0,0,,,使わない,"5,000円以上 10,000円未満","10,000円以上 20,000円未満",2～5回目,"観光パンフレット・ポスター
",0,0,0,1,0,0,0,0,0,0,0,0,0,0,選択なし/該当施設なし,,一乗谷朝倉氏遺跡,"3,000円以上 5,000円未満",満足,,満足,,感じなかった,,5,,,また行きたい（1年以内）,
207796,かつやま恐竜の森 エリア,女,1961,65,60代,京都府,京都市左京区,300万円以上 400万円未満,mobile/android,2026-09-11 14:25:26,9月,かつやま恐竜の森 エリア,25.かつやま恐竜の森 エリア,勝山市,勝山市・大野市,勝山市観光まちづくり(株),1泊,1泊,三国・あわらエリア（あわら市・坂井市）,福井県外には宿泊しない,その他家族,"温泉や露天風呂
テーマパーク（遊園地、動物園、博物館など）
",0,1,0,0,0,1,0,0,0,0,0,0,0,0,0,0,0,0,"自家用車
",1,0,0,0,0,0,0,"自家用車
",0,0,0,0,,,"1,000円以上 3,000円未満","1,000円以上 3,000円未満","10,000円以上 20,000円未満",2～5回目,"TV・ラジオ番組やCM
インターネット・アプリ
",0,0,1,0,0,1,0,0,0,0,0,0,0,0,福井県立恐竜博物館,,選択なし/該当施設なし,"3,000円以上 5,000円未満",満足,,とても満足,,感じなかった,,10,,,機会があれば行きたい,
207759,web,男,1975,51,50代,香川県,高松市,100万円未満,mobile/android,2026-09-11 13:58:31,9月,福井駅前 エリア,01.福井駅前 エリア,福井市,福井市・永平寺町,,2泊,2泊,福井エリア（福井市・永平寺町）,福井県外には宿泊しない,自分ひとり,"出張など仕事関係
",0,0,0,0,0,0,0,0,0,0,0,0,0,0,0,0,1,0,"新幹線
",0,0,1,1,0,0,0,"在来線
",0,0,0,0,満足,,"10,000円以上 20,000円未満","20,000円以上 30,000円未満","3,000円以上 5,000円未満",2～5回目,"インターネット・アプリ
",0,0,0,0,0,1,0,0,0,0,0,0,0,0,三國湊レトロ,,選択なし/該当施設なし,"10,000円以上 20,000円未満",満足,,満足,,感じなかった,,8,,,機会があれば行きたい,恐竜に関する体験型が充実すればもっといいと
180926,日本海さかな街 エリア,女,1990,36,30代,愛知県,名古屋市北区,"1,000万円以上 1,200万円未満",mobile/iphone,2026-09-11 13:39:55,9月,JR九頭竜湖駅 エリア,23.JR九頭竜湖駅 エリア,大野市,勝山市・大野市,,日帰り,福井県内には宿泊しない,福井県内には宿泊しない,福井県外には宿泊しない,自分ひとり,"出張など仕事関係
",0,0,0,0,0,0,0,0,0,0,0,0,0,0,0,0,1,0,"自家用車
",1,0,0,0,0,0,0,"自家用車
",0,0,0,0,満足,,使わない,使わない,使わない,6～10回目,"タクシードライバーや地元の人
",0,0,0,0,0,0,0,0,0,0,0,0,1,0,選択なし/該当施設なし,,選択なし/該当施設なし,"1,000円未満",満足,,満足,,感じなかった,,10,,,,
207794,越前そばの里 エリア,男,2001,25,20代,愛知県,刈谷市,700万円以上 800万円未満,mobile/iphone,2026-09-11 12:55:34,9月,越前そばの里 エリア,37.越前そばの里 エリア,越前市,丹南,,1泊,1泊,嶺南エリア（敦賀市・美浜町・若狭町・小浜市・おおい町・高浜町）,福井県外には宿泊しない,恋人,"宿でのんびり過ごす
温泉や露天風呂
花見や紅葉などの自然鑑賞
テーマパーク（遊園地、動物園、博物館など）
",1,1,0,1,0,1,0,0,0,0,0,0,0,0,0,0,0,0,"自家用車
",1,0,0,0,0,0,0,"自家用車
",0,0,0,0,,,"50,000円以上 100,000円未満","10,000円以上 20,000円未満","20,000円以上 30,000円未満",2～5回目,"Instagram
",0,0,0,0,0,0,0,1,0,0,0,0,0,0,選択なし/該当施設なし,,東尋坊,"1,000円以上 3,000円未満",とても満足,,とても満足,,感じなかった,,10,,,機会があれば行きたい,
103496,web,男,1967,59,50代,福井県,小浜市,分からない/無回答,mobile/android,2026-09-11 12:53:22,9月,大本山 永平寺 エリア,34.大本山 永平寺 エリア,永平寺町,福井市・永平寺町,,1泊,1泊,三国・あわらエリア（あわら市・坂井市）,福井県外には宿泊しない,夫婦2人,"温泉や露天風呂
",0,1,0,0,0,0,0,0,0,0,0,0,0,0,0,0,0,0,"自家用車
",1,0,0,0,0,0,0,"自家用車
",0,0,0,0,,,"40,000円以上 50,000円未満","10,000円以上 20,000円未満","10,000円以上 20,000円未満",2～5回目,"インターネット・アプリ
",0,0,0,0,0,1,0,0,0,0,0,0,0,0,選択なし/該当施設なし,,選択なし/該当施設なし,"1,000円以上 3,000円未満",とても満足,,とても満足,,感じなかった,,10,,,,
137307,紫式部公園 エリア,女,1963,63,60代,愛知県,名古屋市北区,200万円以上 300万円未満,mobile/iphone,2026-09-11 12:03:57,9月,かにファクトリー 甲羅組 エリア,102.かにファクトリー 甲羅組 エリア,敦賀市,嶺南東部,,日帰り,福井県内には宿泊しない,福井県内には宿泊しない,福井県外には宿泊しない,友人,"地元の美味しいものを食べる
テーマパーク（遊園地、動物園、博物館など）
買い物、アウトレット
",0,0,1,0,0,1,1,0,0,0,0,0,0,0,0,0,0,0,"旅行会社ツアーバス
",0,0,0,0,0,1,0,"旅行会社ツアーバス
",0,0,0,0,満足,バスツアーなので、楽々で楽しいスポットへ連れて行ってもらえる。,"1,000円以上 3,000円未満","10,000円以上 20,000円未満","1,000円以上 3,000円未満",初めて,"インターネット・アプリ
",0,0,0,0,0,1,0,0,0,0,0,0,0,0,選択なし/該当施設なし,大粒ぶどう狩り,選択なし/該当施設なし,"1,000円以上 3,000円未満",満足,いろいろ揃っていて、良かった,満足,かに寿司ご飯が美味しかった。,感じなかった,無し,10,小さい子供も楽しめそう,無し,また行きたい（1年以内）,無し
207790,あわら湯のまち エリア,女,1980,46,40代,大阪府,豊中市,600万円以上 700万円未満,mobile/iphone,2026-09-11 11:56:21,9月,あわら湯のまち エリア,17.あわら湯のまち エリア,あわら市,あわら市・坂井市,,1泊,1泊,福井エリア（福井市・永平寺町）,石川県加賀市,小学生以下連れの家族,"宿でのんびり過ごす
まちあるき、都市散策
",1,0,0,0,0,0,0,0,0,0,1,0,0,0,0,0,0,0,"自家用車
",1,0,0,0,0,0,0,"自家用車
",0,0,0,0,,,"10,000円以上 20,000円未満","5,000円以上 10,000円未満","10,000円以上 20,000円未満",2～5回目,"インターネット・アプリ
",0,0,0,0,0,1,0,0,0,0,0,0,0,0,あわら温泉「芦湯」,,東尋坊,"5,000円以上 10,000円未満",満足,,満足,癒されました。,感じなかった,,8,毎日の疲れを癒やしてくれるから。,,また行きたい（1年以内）,
207789,東尋坊 エリア,女,1988,38,30代,千葉県,山武郡,600万円以上 700万円未満,mobile/iphone,2026-09-11 11:41:59,9月,東尋坊 エリア,10.東尋坊 エリア,坂井市,あわら市・坂井市,(一社)DMOさかい観光局,2泊,2泊,福井エリア（福井市・永平寺町）,福井県外には宿泊しない,小学生以下連れの家族,"名所、旧跡の観光
テーマパーク（遊園地、動物園、博物館など）
",0,0,0,0,1,1,0,0,0,0,0,0,0,0,0,0,0,0,"自家用車
",1,0,0,0,0,0,0,"自家用車
",0,0,0,0,,,"20,000円以上 30,000円未満","20,000円以上 30,000円未満","40,000円以上 50,000円未満",初めて,"新聞・雑誌・ガイドブック
",0,1,0,0,0,0,0,0,0,0,0,0,0,0,選択なし/該当施設なし,,越前松島水族館,"1,000円以上 3,000円未満",満足,,満足,,感じなかった,,5,,,機会があれば行きたい,
167631,web,女,1962,64,60代,愛知県,尾張旭市,300万円以上 400万円未満,mobile/iphone,2026-09-11 11:14:26,9月,かずら橋 エリア,48.かずら橋 エリア,池田町,丹南,（一財）いけだ農村観光公社,1泊,1泊,福井エリア（福井市・永平寺町）,福井県外には宿泊しない,夫婦2人,"名所、旧跡の観光
",0,0,0,0,1,0,0,0,0,0,0,0,0,0,0,0,0,0,"自家用車
",1,0,0,0,0,0,0,"自家用車
",0,0,0,0,,ハラハラドキドキしながら自然を楽しめました,"5,000円以上 10,000円未満","5,000円以上 10,000円未満","10,000円以上 20,000円未満",初めて,"インターネット・アプリ
",0,0,0,0,0,1,0,0,0,0,0,0,0,0,選択なし/該当施設なし,滋賀県,選択なし/該当施設なし,"1,000円以上 3,000円未満",満足,,満足,,感じなかった,,2,パワースポットに行けたのは良かったです,,また行きたい（1年以内）,
207787,web,女,1976,50,50代,岡山県,岡山市北区,200万円以上 300万円未満,mobile/iphone,2026-09-11 11:09:35,9月,道の駅「恐竜渓谷かつやま」 エリア,26.道の駅「恐竜渓谷かつやま」 エリア,勝山市,勝山市・大野市,勝山市観光まちづくり(株),1泊,福井県内には宿泊しない,福井県内には宿泊しない,石川県加賀市,恋人,"テーマパーク（遊園地、動物園、博物館など）
",0,0,0,0,0,1,0,0,0,0,0,0,0,0,0,0,0,マンホールカード,"自家用車
",1,0,0,0,0,0,0,"自家用車
",0,0,0,0,,,"10,000円以上 20,000円未満","5,000円以上 10,000円未満","20,000円以上 30,000円未満",初めて,"その他
",0,0,0,0,0,0,0,0,0,0,0,0,0,0,選択なし/該当施設なし,,選択なし/該当施設なし,"5,000円以上 10,000円未満",満足,,満足,,感じなかった,,3,,,機会があれば行きたい,
207788,web,男,1962,64,60代,岡山県,岡山市北区,100万円未満,mobile/android,2026-09-11 11:09:33,9月,道の駅「恐竜渓谷かつやま」 エリア,26.道の駅「恐竜渓谷かつやま」 エリア,勝山市,勝山市・大野市,勝山市観光まちづくり(株),1泊,福井県内には宿泊しない,福井県内には宿泊しない,石川県加賀市,恋人,"名所、旧跡の観光
テーマパーク（遊園地、動物園、博物館など）
",0,0,0,0,1,1,0,0,0,0,0,0,0,0,0,0,0,0,"自家用車
",1,0,0,0,0,0,0,"自家用車
",0,0,0,0,,,使わない,"5,000円以上 10,000円未満","10,000円以上 20,000円未満",2～5回目,"観光パンフレット・ポスター
",0,0,0,1,0,0,0,0,0,0,0,0,0,0,福井県立恐竜博物館,,選択なし/該当施設なし,"1,000円以上 3,000円未満",満足,,満足,,感じなかった,,5,,,また行きたい（1年以内）,
155433,紫式部公園 エリア,無回答,1985,41,40代,福井県,越前市,800万円以上 900万円未満,mobile/iphone,2026-09-11 10:40:56,9月,道の駅「西山公園」 エリア,44.道の駅「西山公園」 エリア,鯖江市,丹南,,日帰り,福井県内には宿泊しない,福井県内には宿泊しない,福井県外には宿泊しない,自分ひとり,"地元の美味しいものを食べる
",0,0,1,0,0,0,0,0,0,0,0,0,0,0,0,0,0,0,"自家用車
",1,0,0,0,0,0,0,"自家用車
",0,0,0,0,満足,,"3,000円以上 5,000円未満","3,000円以上 5,000円未満","3,000円以上 5,000円未満",6～10回目,"観光展・物産展
観光パンフレット・ポスター
",1,0,0,1,0,0,0,0,0,0,0,0,0,0,選択なし/該当施設なし,,選択なし/該当施設なし,"3,000円以上 5,000円未満",満足,,満足,,感じなかった,,8,,,,
121442,福井駅前 エリア,女,1971,55,50代,兵庫県,西宮市,100万円未満,mobile/android,2026-09-11 10:27:14,9月,紫式部公園 エリア,41.紫式部公園 エリア,越前市,丹南,,4泊以上,4泊以上,越前エリア（越前市・越前町・鯖江市・池田町・南越前町）,福井県外には宿泊しない,自分ひとり,"友人・親戚を尋ねる
",0,0,0,0,0,0,0,0,0,0,0,0,0,0,0,1,0,0,"その他
",0,0,0,0,0,0,0,"レンタサイクル
",0,0,0,1,満足,展示物が良かった。,"20,000円以上 30,000円未満","5,000円以上 10,000円未満","20,000円以上 30,000円未満",2～5回目,"観光協会等の案内所
",0,0,0,0,0,0,0,0,0,0,0,1,0,0,選択なし/該当施設なし,,選択なし/該当施設なし,使わない,満足,,満足,,感じた,交通の便,8,,,また行きたい（1年以内）,
144547,あわら湯のまち エリア,女,1976,50,50代,富山県,高岡市,100万円未満,mobile/android,2026-09-11 10:04:55,9月,あわら湯のまち エリア,17.あわら湯のまち エリア,あわら市,あわら市・坂井市,,1泊,1泊,三国・あわらエリア（あわら市・坂井市）,福井県外には宿泊しない,親,"宿でのんびり過ごす
",1,0,0,0,0,0,0,0,0,0,0,0,0,0,0,0,0,0,"自家用車
",1,0,0,0,0,0,0,"自家用車
",0,0,0,0,とても満足,,"20,000円以上 30,000円未満","20,000円以上 30,000円未満","20,000円以上 30,000円未満",2～5回目,"Instagram
",0,0,0,0,0,0,0,1,0,0,0,0,0,0,選択なし/該当施設なし,,選択なし/該当施設なし,使わない,とても満足,,とても満足,,感じなかった,,8,,,,
207786,大本山 永平寺 エリア,女,1971,55,50代,北海道,滝川市,600万円以上 700万円未満,mobile/iphone,2026-09-11 10:03:19,9月,大本山 永平寺 エリア,34.大本山 永平寺 エリア,永平寺町,福井市・永平寺町,,1泊,1泊,福井エリア（福井市・永平寺町）,福井県外には宿泊しない,恋人,"温泉や露天風呂
その他
",0,1,0,0,0,0,0,0,0,0,0,0,0,0,0,0,0,0,"レンタカー
",0,1,0,0,0,0,0,"レンタカー
",0,0,0,0,,,"20,000円以上 30,000円未満","40,000円以上 50,000円未満","20,000円以上 30,000円未満",初めて,"友人・知人
",0,0,0,0,0,0,0,0,0,0,1,0,0,0,選択なし/該当施設なし,,選択なし/該当施設なし,"20,000円以上 30,000円未満",とても満足,,とても満足,,感じなかった,,10,,能作カフェが良かった,また行きたい（1年以内）,
121442,福井駅前 エリア,女,1971,55,50代,兵庫県,西宮市,100万円未満,mobile/android,2026-09-11 09:48:03,9月,武生駅 エリア,40.武生駅 エリア,越前市,丹南,,4泊以上,4泊以上,越前エリア（越前市・越前町・鯖江市・池田町・南越前町）,福井県外には宿泊しない,自分ひとり,"友人・親戚を尋ねる
",0,0,0,0,0,0,0,0,0,0,0,0,0,0,0,1,0,0,"その他
",0,0,0,0,0,0,0,"レンタサイクル
",0,0,0,1,どちらでもない,,"20,000円以上 30,000円未満","5,000円以上 10,000円未満","20,000円以上 30,000円未満",2～5回目,"観光協会等の案内所
",0,0,0,0,0,0,0,0,0,0,0,1,0,0,選択なし/該当施設なし,,選択なし/該当施設なし,"3,000円以上 5,000円未満",どちらでもない,夜ご飯が食べられる飲食店、コンビニが欲しい。,どちらでもない,越前武生駅と武生駅が遠くて不便。,感じた,"越前武生駅が遠くて不便。
夜ご飯食べるところが少なく、コンビニも欲しい。",7,,,また行きたい（1年以内）,
202523,web,女,1966,60,60代,愛知県,東海市,300万円以上 400万円未満,mobile/android,2026-09-11 09:33:31,9月,道の駅「若狭おばま」 エリア,68.道の駅「若狭おばま」 エリア,小浜市,嶺南西部,(株)まちづくり小浜,2泊,2泊,越前エリア（越前市・越前町・鯖江市・池田町・南越前町）,滋賀県,自分ひとり,"温泉や露天風呂
地元の美味しいものを食べる
名所、旧跡の観光
まちあるき、都市散策
",0,1,1,0,1,0,0,0,0,0,1,0,0,0,0,0,0,0,"自家用車
",1,0,0,0,0,0,0,"自家用車
",0,0,0,0,とても満足,福井の道の駅はどこもきれいで楽しめる、観光スポットなどの展示もわかりやすい、毎回楽しみです,"1,000円以上 3,000円未満","3,000円以上 5,000円未満","3,000円以上 5,000円未満",初めて,"インターネット・アプリ
Instagram
",0,0,0,0,0,1,0,1,0,0,0,0,0,0,熊川宿,,丸岡城,"1,000円以上 3,000円未満",とても満足,,とても満足,,感じなかった,,10,,,また行きたい（1年以内）,
112961,御食国若狭おばま食文化館 エリア,男,1962,64,60代,滋賀県,大津市,分からない/無回答,mobile/iphone,2026-09-11 09:25:52,9月,武生駅 エリア,40.武生駅 エリア,越前市,丹南,,1泊,福井県内には宿泊しない,福井県内には宿泊しない,石川県金沢市,夫婦2人,"温泉や露天風呂
",0,1,0,0,0,0,0,0,0,0,0,0,0,0,0,0,0,0,"自家用車
",1,0,0,0,0,0,0,"自家用車
",0,0,0,0,,,"10,000円以上 20,000円未満","5,000円以上 10,000円未満","5,000円以上 10,000円未満",初めて,"新聞・雑誌・ガイドブック
",0,1,0,0,0,0,0,0,0,0,0,0,0,0,敦賀鉄道資料館（旧敦賀港駅舎 ）,,選択なし/該当施設なし,"1,000円以上 3,000円未満",とても満足,いわさきちひろ生誕の地で感動,とても満足,,感じなかった,,8,,,また行きたい（1年以内）,美味しい海鮮
207782,小浜 エリア（宿泊施設）,男,1965,61,60代,大分県,大分市,400万円以上 500万円未満,mobile/android,2026-09-11 09:25:12,9月,小浜 エリア（宿泊施設）,69.小浜 エリア（宿泊施設）,小浜市,嶺南西部,(株)まちづくり小浜,3泊,2泊,嶺南エリア（敦賀市・美浜町・若狭町・小浜市・おおい町・高浜町）,京都府,夫婦2人,"地元の美味しいものを食べる
名所、旧跡の観光
まちあるき、都市散策
",0,0,1,0,1,0,0,0,0,0,1,0,0,0,0,0,0,0,"自家用車
",1,0,0,0,0,0,0,"自家用車
",0,0,0,0,,,"20,000円以上 30,000円未満","5,000円以上 10,000円未満","20,000円以上 30,000円未満",初めて,"インターネット・アプリ
",0,0,0,0,0,1,0,0,0,0,0,0,0,0,舞鶴（京都府）,福知山,選択なし/該当施設なし,"20,000円以上 30,000円未満",満足,周りに飲食店もたくさんあり便利だった。共同大浴場もあり良かった。,満足,上に同じ,感じなかった,,10,食べ物、お酒共に美味しい物がたくさんあり、宿泊キャンペーンで凄くお得なところ,飲食店が喫煙可能の店が多く吸わない者には店選びに苦労した。今どきなので禁煙、分煙にはして欲しい,機会があれば行きたい,
121442,福井駅前 エリア,女,1971,55,50代,兵庫県,西宮市,100万円未満,mobile/android,2026-09-11 08:28:09,9月,だるまちゃん広場 エリア,42.だるまちゃん広場 エリア,越前市,丹南,,4泊以上,4泊以上,越前エリア（越前市・越前町・鯖江市・池田町・南越前町）,福井県外には宿泊しない,自分ひとり,"宿でのんびり過ごす
温泉や露天風呂
地元の美味しいものを食べる
友人・親戚を尋ねる
",1,1,1,0,0,0,0,0,0,0,0,0,0,0,0,1,0,0,"その他
",0,0,0,0,0,0,0,"レンタサイクル
",0,0,0,1,どちらでもない,,"20,000円以上 30,000円未満","5,000円以上 10,000円未満","20,000円以上 30,000円未満",2～5回目,"観光協会等の案内所
",0,0,0,0,0,0,0,0,0,0,0,1,0,0,選択なし/該当施設なし,,選択なし/該当施設なし,使わない,満足,,満足,,感じた,,6,,,また行きたい（1年以内）,
207781,福井駅前 エリア（宿泊施設）,男,1955,71,70代,北海道,札幌市東区,200万円以上 300万円未満,mobile/android,2026-09-11 07:53:02,9月,福井駅前 エリア（宿泊施設）,02.福井駅前 エリア（宿泊施設）,福井市,福井市・永平寺町,,4泊以上,1泊,福井エリア（福井市・永平寺町）,石川県金沢市,自分ひとり,"名所、旧跡の観光
",0,0,0,0,1,0,0,0,0,0,0,0,0,0,0,0,0,0,"飛行機
",0,1,0,0,1,0,0,"レンタカー
",0,0,0,0,満足,道中気になる観光地をすぐに見ることができるので,"5,000円以上 10,000円未満","40,000円以上 50,000円未満","1,000円以上 3,000円未満",2～5回目,"インターネット・アプリ
",0,0,0,0,0,1,0,0,0,0,0,0,0,0,一乗谷朝倉氏遺跡,,氣比神宮,"5,000円以上 10,000円未満",満足,ホテルの朝食がおいしかった,満足,大浴場がありリラックス出来た,感じた,費用がかかると思いますがトイレをウォシュレットにかえてほしい,7,観光施設が豊富な所がいいところ,夜ご飯を食べる所がすくないので案内書があれば助かる,機会があれば行きたい,お土産が羽二重餅くらいしか想像出来ないので名物を教えて欲しい
206138,道の駅「若狭おばま」 エリア,女,1993,33,30代,滋賀県,高島市,"1,000万円以上 1,200万円未満",mobile/iphone,2026-09-12 22:44:49,9月,福井駅前 エリア,01.福井駅前 エリア,福井市,福井市・永平寺町,,1泊,1泊,福井エリア（福井市・永平寺町）,滋賀県,小学生以下連れの家族,"テーマパーク（遊園地、動物園、博物館など）
",0,0,0,0,0,1,0,0,0,0,0,0,0,0,0,0,0,0,"自家用車
",1,0,0,0,0,0,0,"自家用車
",0,0,0,0,どちらでもない,,"5,000円以上 10,000円未満","3,000円以上 5,000円未満","5,000円以上 10,000円未満",初めて,"Instagram
",0,0,0,0,0,0,0,1,0,0,0,0,0,0,福井県立恐竜博物館,武生中央公園,選択なし/該当施設なし,"1,000円以上 3,000円未満",満足,深夜までやっているお店が多く、子どもの寝かしつけをした後にラーメンやテイクアウトを楽しめる場所が多かった。恐竜がどれも迫力があった。,満足,,感じなかった,,8,福井駅の飲食店の多さ。,お土産を買える施設をもう少し増やしてほしい。,また行きたい（1年以内）,
193248,JR敦賀駅前 エリア,女,1975,51,50代,福井県,三方上中郡,分からない/無回答,mobile/android,2026-09-12 22:42:22,9月,福井駅前 エリア（宿泊施設）,02.福井駅前 エリア（宿泊施設）,福井市,福井市・永平寺町,,1泊,1泊,福井エリア（福井市・永平寺町）,福井県外には宿泊しない,親,"宿でのんびり過ごす
",1,0,0,0,0,0,0,0,0,0,0,0,0,0,0,0,0,0,"自家用車
",1,0,0,0,0,0,0,"自家用車
",0,0,0,0,,,"10,000円以上 20,000円未満","3,000円以上 5,000円未満","3,000円以上 5,000円未満",2～5回目,"インターネット・アプリ
",0,0,0,0,0,1,0,0,0,0,0,0,0,0,選択なし/該当施設なし,,選択なし/該当施設なし,"10,000円以上 20,000円未満",満足,,満足,,感じなかった,,5,,,,
206138,道の駅「若狭おばま」 エリア,女,1993,33,30代,滋賀県,高島市,"1,000万円以上 1,200万円未満",mobile/iphone,2026-09-12 22:41:14,9月,かつやま恐竜の森 エリア,25.かつやま恐竜の森 エリア,勝山市,勝山市・大野市,勝山市観光まちづくり(株),1泊,1泊,福井エリア（福井市・永平寺町）,滋賀県,小学生以下連れの家族,"地元の美味しいものを食べる
テーマパーク（遊園地、動物園、博物館など）
",0,0,1,0,0,1,0,0,0,0,0,0,0,0,0,0,0,0,"自家用車
",1,0,0,0,0,0,0,"自家用車
",0,0,0,0,とても満足,訪れた施設はどれも駐車場が豊富にあり、駐車するのに困らなかったから。,"5,000円以上 10,000円未満","3,000円以上 5,000円未満","5,000円以上 10,000円未満",2～5回目,"Instagram
",0,0,0,0,0,0,0,1,0,0,0,0,0,0,選択なし/該当施設なし,胡麻豆腐の里,選択なし/該当施設なし,"1,000円以上 3,000円未満",満足,,とても満足,恐竜がどれも迫力があって楽しかったから。,感じなかった,,8,,３歳児ごろから楽しめるアクティビティを増やしてほしいです！,また行きたい（1年以内）,
200175,道の駅「越前」 エリア,無回答,1976,50,50代,福井県,福井市,分からない/無回答,mobile/android,2026-09-12 22:38:33,9月,福井駅前 エリア,01.福井駅前 エリア,福井市,福井市・永平寺町,,日帰り,福井県内には宿泊しない,福井県内には宿泊しない,福井県外には宿泊しない,夫婦2人,"テーマパーク（遊園地、動物園、博物館など）
",0,0,0,0,0,1,0,0,0,0,0,0,0,0,0,0,0,0,"県外から訪れていない（福井県在住）
",1,0,0,0,0,0,1,"自家用車
",0,0,0,0,,,使わない,"3,000円以上 5,000円未満","3,000円以上 5,000円未満",11回目以上,"Instagram
",0,0,0,0,0,0,0,1,0,0,0,0,0,0,選択なし/該当施設なし,,選択なし/該当施設なし,"1,000円未満",不満,,どちらでもない,,感じなかった,,5,,雑貨や衣料品の販売店がもう少し増えれば嬉しいです。,福井県在住,
207920,大本山 永平寺 エリア,男,1962,64,60代,神奈川県,藤沢市,分からない/無回答,mobile/android,2026-09-12 22:17:58,9月,大本山 永平寺 エリア,34.大本山 永平寺 エリア,永平寺町,福井市・永平寺町,,2泊,2泊,福井エリア（福井市・永平寺町）,福井県外には宿泊しない,中学生以上連れの家族,"地元の美味しいものを食べる
名所、旧跡の観光
",0,0,1,0,1,0,0,0,0,0,0,0,0,0,0,0,0,0,"新幹線
",0,1,1,0,0,0,0,"レンタカー
",0,0,0,0,満足,安価な料金のため,"40,000円以上 50,000円未満","20,000円以上 30,000円未満","10,000円以上 20,000円未満",初めて,"新聞・雑誌・ガイドブック
観光パンフレット・ポスター
インターネット・アプリ
",0,1,0,1,0,1,0,0,0,0,0,0,0,0,氣比神宮,,越前大仏,"5,000円以上 10,000円未満",満足,店員の親切な対応,満足,とても奥深い建造物,感じなかった,,9,,,機会があれば行きたい,
207919,道の駅「三方五湖」  エリア,女,1976,50,50代,愛知県,豊田市,700万円以上 800万円未満,mobile/iphone,2026-09-12 20:36:40,9月,道の駅「三方五湖」  エリア,83.道の駅「三方五湖」 エリア,若狭町,嶺南東部,三方五湖DMO(株),2泊,2泊,嶺南エリア（敦賀市・美浜町・若狭町・小浜市・おおい町・高浜町）,福井県外には宿泊しない,夫婦2人,"花見や紅葉などの自然鑑賞
",0,0,0,1,0,0,0,0,0,0,0,0,0,0,0,0,0,0,"自家用車
",1,0,0,0,0,0,0,"自家用車
",0,0,0,0,,,"10,000円以上 20,000円未満","5,000円以上 10,000円未満","5,000円以上 10,000円未満",初めて,"インターネット・アプリ
",0,0,0,0,0,1,0,0,0,0,0,0,0,0,氣比神宮,,大本山永平寺,"1,000円未満",どちらでもない,食事できる場所があるとよい,不満,景色はいいが売店もトイレもイマイチだった,感じた,トイレにウォシュレットがなかった,3,敦賀市の海鮮丼　どんと屋,地元の食材が味わえる食堂,また行きたい（1年以内）,ご当地グルメをもっと発信してほしい
207797,web,女,1999,27,20代,大阪府,堺市堺区,300万円以上 400万円未満,mobile/iphone,2026-09-12 20:12:58,9月,福井駅前 エリア,01.福井駅前 エリア,福井市,福井市・永平寺町,,1泊,1泊,福井エリア（福井市・永平寺町）,福井県外には宿泊しない,親,"地元の美味しいものを食べる
",0,0,1,0,0,0,0,0,0,0,0,0,0,0,0,0,0,0,"在来線
",0,0,0,1,0,0,0,"在来線
",0,0,0,0,,,"10,000円以上 20,000円未満","10,000円以上 20,000円未満","10,000円以上 20,000円未満",2～5回目,"TV・ラジオ番組やCM
",0,0,1,0,0,0,0,0,0,0,0,0,0,0,大本山永平寺,,東尋坊,"10,000円以上 20,000円未満",とても満足,敷地が広く、開放感があり、休憩できるスペースも多かった,とても満足,,感じた,スーパーがない,7,,そばが美味しかった,機会があれば行きたい,
149955,福井駅前 エリア（宿泊施設）,男,1994,32,30代,愛知県,豊田市,"1,000万円以上 1,200万円未満",mobile/android,2026-09-12 19:59:42,9月,福井駅前 エリア（宿泊施設）,02.福井駅前 エリア（宿泊施設）,福井市,福井市・永平寺町,,1泊,1泊,福井エリア（福井市・永平寺町）,福井県外には宿泊しない,自分ひとり,"出張など仕事関係
",0,0,0,0,0,0,0,0,0,0,0,0,0,0,0,0,1,0,"在来線
",0,0,0,1,0,0,0,"在来線
",0,0,0,0,とても満足,,"10,000円以上 20,000円未満","10,000円以上 20,000円未満","10,000円以上 20,000円未満",6～10回目,"インターネット・アプリ
",0,0,0,0,0,1,0,0,0,0,0,0,0,0,選択なし/該当施設なし,,選択なし/該当施設なし,"10,000円以上 20,000円未満",とても満足,,とても満足,,感じなかった,,10,,,また行きたい（1年以内）,
207916,かつやま恐竜の森 エリア,女,1988,38,30代,岡山県,岡山市北区,400万円以上 500万円未満,mobile/iphone,2026-09-12 19:28:33,9月,かつやま恐竜の森 エリア,25.かつやま恐竜の森 エリア,勝山市,勝山市・大野市,勝山市観光まちづくり(株),2泊,2泊,三国・あわらエリア（あわら市・坂井市）,福井県外には宿泊しない,小学生以下連れの家族,"温泉や露天風呂
地元の美味しいものを食べる
テーマパーク（遊園地、動物園、博物館など）
",0,1,1,0,0,1,0,0,0,0,0,0,0,0,0,0,0,0,"自家用車
",1,0,0,0,0,0,0,"自家用車
",0,0,0,0,,,"50,000円以上 100,000円未満","10,000円以上 20,000円未満","30,000円以上 40,000円未満",初めて,"新聞・雑誌・ガイドブック
Instagram
友人・知人
",0,1,0,0,0,0,0,1,0,0,1,0,0,0,選択なし/該当施設なし,,選択なし/該当施設なし,"20,000円以上 30,000円未満",満足,,満足,,感じなかった,,10,,恐竜博物館のご飯が予想よりおいしく、見た目よりボリュームもあり満足でした。,機会があれば行きたい,
207915,福井駅前 エリア（宿泊施設）,男,1990,36,30代,広島県,東広島市,700万円以上 800万円未満,mobile/android,2026-09-12 18:48:54,9月,福井駅前 エリア（宿泊施設）,02.福井駅前 エリア（宿泊施設）,福井市,福井市・永平寺町,,3泊,2泊,福井エリア（福井市・永平寺町）,大阪,小学生以下連れの家族,"テーマパーク（遊園地、動物園、博物館など）
",0,0,0,0,0,1,0,0,0,0,0,0,0,0,0,0,0,0,"レンタカー
",0,1,0,0,0,0,0,"レンタカー
",0,0,0,0,満足,,"40,000円以上 50,000円未満","100,000円以上","30,000円以上 40,000円未満",初めて,"インターネット・アプリ
Twitter
Instagram
宿泊施設
",0,0,0,0,0,1,1,1,0,0,0,0,0,1,選択なし/該当施設なし,,福井県立恐竜博物館,"40,000円以上 50,000円未満",どちらでもない,キャンペーンのクーポン券はこちらから申告しないと貰えなかったので少し不信感,どちらでもない,キャンペーンのクーポン券はこちらから申告しないと貰えなかったので少し不信感,感じなかった,,8,,,機会があれば行きたい,
207907,かつやま恐竜の森 エリア,女,1996,30,30代,神奈川県,小田原市,"900万円以上 1,000万円未満",mobile/iphone,2026-09-12 18:41:25,9月,かつやま恐竜の森 エリア,25.かつやま恐竜の森 エリア,勝山市,勝山市・大野市,勝山市観光まちづくり(株),2泊,1泊,福井エリア（福井市・永平寺町）,愛知県,夫婦2人,"地元の美味しいものを食べる
",0,0,1,0,0,0,0,0,0,0,0,0,0,0,0,0,0,0,"自家用車
",1,0,0,0,0,0,0,"自家用車
",0,0,0,0,,,"5,000円以上 10,000円未満","10,000円以上 20,000円未満","10,000円以上 20,000円未満",初めて,"インターネット・アプリ
友人・知人
",0,0,0,0,0,1,0,0,0,0,1,0,0,0,選択なし/該当施設なし,,選択なし/該当施設なし,"5,000円以上 10,000円未満",とても満足,,とても満足,,感じなかった,,8,,,また行きたい（1年以内）,
122705,web,男,1978,48,40代,福井県,坂井市,700万円以上 800万円未満,mobile/iphone,2026-09-12 18:39:25,9月,丸岡城 エリア,13.丸岡城 エリア,坂井市,あわら市・坂井市,(一社)DMOさかい観光局,日帰り,福井県内には宿泊しない,福井県内には宿泊しない,福井県外には宿泊しない,小学生以下連れの家族,"まちあるき、都市散策
",0,0,0,0,0,0,0,0,0,0,1,0,0,0,0,0,0,0,"自家用車
",1,0,0,0,0,0,0,"自家用車
",0,0,0,0,,,"1,000円未満","1,000円未満","1,000円未満",6～10回目,"観光展・物産展
",1,0,0,0,0,0,0,0,0,0,0,0,0,0,選択なし/該当施設なし,,選択なし/該当施設なし,"1,000円未満",とても満足,,とても満足,,感じた,公共交通機関がない,9,,,福井県在住,
207914,越前松島水族館 エリア,女,1973,53,50代,大阪府,岸和田市,800万円以上 900万円未満,mobile/android,2026-09-12 18:16:22,9月,越前松島水族館 エリア,11.越前松島水族館 エリア,坂井市,あわら市・坂井市,(一社)DMOさかい観光局,1泊,1泊,三国・あわらエリア（あわら市・坂井市）,福井県外には宿泊しない,小学生以下連れの家族,"宿でのんびり過ごす
名所、旧跡の観光
まちあるき、都市散策
",1,0,0,0,1,0,0,0,0,0,1,0,0,0,0,0,0,0,"自家用車
",1,0,0,0,0,0,0,"自家用車
",0,0,0,0,,,"40,000円以上 50,000円未満","20,000円以上 30,000円未満","30,000円以上 40,000円未満",2～5回目,"インターネット・アプリ
",0,0,0,0,0,1,0,0,0,0,0,0,0,0,大本山永平寺,,東尋坊,"10,000円以上 20,000円未満",満足,,とても満足,日本海が目の前に広がる景色が最高です。,感じなかった,,9,景色の素晴らしさは、少しくらいの不便さがあっても、見に行く価値があると思うので。,道の駅が一つあるが、他にも海産物が食べられるバーベキュー施設やマルシェなどの施設があったら、もっと賑わいそうだなと思う。,また行きたい（1年以内）,福井県は食べ物も景色もとても素晴らしいので、リゾート開発に偏らず、新旧のいいところを両立させたまちづくりを目指してほしいです。
207789,東尋坊 エリア,女,1988,38,30代,千葉県,山武郡,600万円以上 700万円未満,mobile/iphone,2026-09-12 18:02:27,9月,道の駅「恐竜渓谷かつやま」 エリア,26.道の駅「恐竜渓谷かつやま」 エリア,勝山市,勝山市・大野市,勝山市観光まちづくり(株),2泊,2泊,福井エリア（福井市・永平寺町）,福井県外には宿泊しない,小学生以下連れの家族,"テーマパーク（遊園地、動物園、博物館など）
",0,0,0,0,0,1,0,0,0,0,0,0,0,0,0,0,0,0,"自家用車
",1,0,0,0,0,0,0,"自家用車
",0,0,0,0,,,"20,000円以上 30,000円未満","20,000円以上 30,000円未満","40,000円以上 50,000円未満",初めて,"新聞・雑誌・ガイドブック
",0,1,0,0,0,0,0,0,0,0,0,0,0,0,福井県立恐竜博物館,,選択なし/該当施設なし,"1,000円以上 3,000円未満",どちらでもない,,満足,,感じた,,5,,,機会があれば行きたい,
154370,かずら橋 エリア,男,1970,56,50代,愛知県,長久手市,700万円以上 800万円未満,mobile/iphone,2026-09-12 17:35:28,9月,名田庄 エリア,86.名田庄 エリア,おおい町,嶺南西部,,1泊,1泊,嶺南エリア（敦賀市・美浜町・若狭町・小浜市・おおい町・高浜町）,福井県外には宿泊しない,中学生以上連れの家族,"宿でのんびり過ごす
",1,0,0,0,0,0,0,0,0,0,0,0,0,0,0,0,0,0,"自家用車
",1,0,0,0,0,0,0,"自家用車
",0,0,0,0,とても満足,,"1,000円未満",使わない,"1,000円未満",2～5回目,"観光展・物産展
",1,0,0,0,0,0,0,0,0,0,0,0,0,0,道の駅「名田庄」,,選択なし/該当施設なし,"1,000円未満",満足,,満足,,感じなかった,,10,,,,
207911,かにファクトリー 甲羅組 エリア,女,1999,27,20代,愛知県,名古屋市昭和区,"1,000万円以上 1,200万円未満",mobile/iphone,2026-09-12 17:27:17,9月,金ヶ崎 エリア,64.金ヶ崎 エリア,敦賀市,嶺南東部,,2泊,2泊,福井エリア（福井市・永平寺町）,福井県外には宿泊しない,恋人,"名所、旧跡の観光
",0,0,0,0,1,0,0,0,0,0,0,0,0,0,0,0,0,0,"レンタカー
",0,1,0,0,0,0,0,"レンタカー
",0,0,0,0,満足,,"10,000円以上 20,000円未満","10,000円以上 20,000円未満","10,000円以上 20,000円未満",初めて,"Instagram
",0,0,0,0,0,0,0,1,0,0,0,0,0,0,選択なし/該当施設なし,,選択なし/該当施設なし,"1,000円以上 3,000円未満",満足,ジオラマ勘が素敵でした！,満足,,感じなかった,,8,,,また行きたい（1年以内）,
207911,かにファクトリー 甲羅組 エリア,女,1999,27,20代,愛知県,名古屋市昭和区,"1,000万円以上 1,200万円未満",mobile/iphone,2026-09-12 17:24:47,9月,かにファクトリー 甲羅組 エリア,102.かにファクトリー 甲羅組 エリア,敦賀市,嶺南東部,,2泊,2泊,福井エリア（福井市・永平寺町）,福井県外には宿泊しない,恋人,"温泉や露天風呂
地元の美味しいものを食べる
名所、旧跡の観光
",0,1,1,0,1,0,0,0,0,0,0,0,0,0,0,0,0,0,"レンタカー
",0,1,0,0,0,0,0,"レンタカー
",0,0,0,0,満足,,"10,000円以上 20,000円未満","10,000円以上 20,000円未満","10,000円以上 20,000円未満",初めて,"Instagram
",0,0,0,0,0,0,0,1,0,0,0,0,0,0,敦賀赤レンガ倉庫,,選択なし/該当施設なし,"1,000円未満",とても満足,,とても満足,,感じなかった,,9,,,また行きたい（1年以内）,
207910,かにファクトリー 甲羅組 エリア,女,1994,32,30代,滋賀県,米原市,分からない/無回答,mobile/iphone,2026-09-12 17:21:22,9月,かにファクトリー 甲羅組 エリア,102.かにファクトリー 甲羅組 エリア,敦賀市,嶺南東部,,日帰り,福井県内には宿泊しない,福井県内には宿泊しない,石川県加賀市,小学生以下連れの家族,"地元の美味しいものを食べる
買い物、アウトレット
その他
",0,0,1,0,0,0,1,0,0,0,0,0,0,0,0,0,0,0,"自家用車
",1,0,0,0,0,0,0,"自家用車
",0,0,0,0,満足,,"50,000円以上 100,000円未満","50,000円以上 100,000円未満","50,000円以上 100,000円未満",初めて,"Instagram
",0,0,0,0,0,0,0,1,0,0,0,0,0,0,選択なし/該当施設なし,,選択なし/該当施設なし,"10,000円以上 20,000円未満",とても満足,,どちらでもない,施設内もとても綺麗で、駐車場にも案内人がいて安心して利用できた,感じなかった,楽しかったです。,10,,,また行きたい（1年以内）,
108279,うるしの里 エリア,女,1963,63,60代,埼玉県,川越市,100万円未満,mobile/iphone,2026-09-12 17:08:19,9月,かつやま恐竜の森 エリア,25.かつやま恐竜の森 エリア,勝山市,勝山市・大野市,勝山市観光まちづくり(株),2泊,2泊,越前エリア（越前市・越前町・鯖江市・池田町・南越前町）,福井県外には宿泊しない,その他家族,"各種体験（手作り、果物狩りなど）
",0,0,0,0,0,0,0,0,0,0,0,1,0,0,0,0,0,通りがかり,"新幹線
",0,1,1,0,0,0,0,"レンタカー
",0,0,0,0,満足,時間が自由に使える,"100,000円以上","50,000円以上 100,000円未満","20,000円以上 30,000円未満",2～5回目,"その他
",0,0,0,0,0,0,0,0,0,0,0,0,0,0,選択なし/該当施設なし,,劔神社,"3,000円以上 5,000円未満",満足,,満足,,感じた,"エレベーターが混んでいてなかなか来なかった。
ベビーカー利用なので、階段は使えないのでもう少し何とかしてほしい。",7,,,また行きたい（1年以内）,
207903,web,女,1993,33,30代,埼玉県,狭山市,300万円以上 400万円未満,mobile/iphone,2026-09-12 17:05:52,9月,かつやま恐竜の森 エリア,25.かつやま恐竜の森 エリア,勝山市,勝山市・大野市,勝山市観光まちづくり(株),2泊,2泊,越前エリア（越前市・越前町・鯖江市・池田町・南越前町）,福井県外には宿泊しない,小学生以下連れの家族,"テーマパーク（遊園地、動物園、博物館など）
",0,0,0,0,0,1,0,0,0,0,0,0,0,0,0,0,0,0,"新幹線
",0,1,1,0,0,0,0,"レンタカー
",0,0,0,0,,,"20,000円以上 30,000円未満","20,000円以上 30,000円未満","10,000円以上 20,000円未満",初めて,"観光展・物産展
",1,0,0,0,0,0,0,0,0,0,0,0,0,0,選択なし/該当施設なし,,選択なし/該当施設なし,"1,000円以上 3,000円未満",満足,,満足,,感じなかった,,7,,,,
107119,web,女,1972,54,50代,愛知県,長久手市,500万円以上 600万円未満,mobile/iphone,2026-09-12 16:51:29,9月,名田庄 エリア,86.名田庄 エリア,おおい町,嶺南西部,,1泊,1泊,嶺南エリア（敦賀市・美浜町・若狭町・小浜市・おおい町・高浜町）,福井県外には宿泊しない,中学生以上連れの家族,"地元の美味しいものを食べる
アウトドア（海水浴、釣り、登山など）
ドライブ・ツーリング
",0,0,1,0,0,0,0,0,0,1,0,0,0,0,1,0,0,0,"自家用車
",1,0,0,0,0,0,0,"自家用車
",0,0,0,0,とても満足,,"5,000円以上 10,000円未満","5,000円以上 10,000円未満","5,000円以上 10,000円未満",初めて,"観光展・物産展
",1,0,0,0,0,0,0,0,0,0,0,0,0,0,岡太神社・大瀧神社,,選択なし/該当施設なし,"3,000円以上 5,000円未満",満足,,満足,,感じなかった,,7,,,また行きたい（1年以内）,
204023,メガネストリート エリア,女,1999,27,20代,愛知県,西尾市,400万円以上 500万円未満,mobile/iphone,2026-09-12 16:47:25,9月,名田庄 エリア,86.名田庄 エリア,おおい町,嶺南西部,,1泊,1泊,嶺南エリア（敦賀市・美浜町・若狭町・小浜市・おおい町・高浜町）,福井県外には宿泊しない,親,"地元の美味しいものを食べる
名所、旧跡の観光
",0,0,1,0,1,0,0,0,0,0,0,0,0,0,0,0,0,0,"自家用車
",1,0,0,0,0,0,0,"自家用車
",0,0,0,0,満足,,"10,000円以上 20,000円未満","5,000円以上 10,000円未満","5,000円以上 10,000円未満",初めて,"観光展・物産展
",1,0,0,0,0,0,0,0,0,0,0,0,0,0,選択なし/該当施設なし,,選択なし/該当施設なし,"5,000円以上 10,000円未満",満足,,満足,,感じなかった,,8,,,,
207906,メガネストリート エリア,男,1985,41,40代,福井県,福井市,500万円以上 600万円未満,mobile/iphone,2026-09-12 16:37:06,9月,メガネストリート エリア,45.メガネストリート エリア,鯖江市,丹南,,日帰り,福井県内には宿泊しない,福井県内には宿泊しない,福井県外には宿泊しない,職場の同僚,"各種体験（手作り、果物狩りなど）
",0,0,0,0,0,0,0,0,0,0,0,1,0,0,0,0,0,0,"県外から訪れていない（福井県在住）
",0,0,0,0,0,0,1,"タクシー
徒歩
",1,0,1,0,満足,"タクシー自体は便利でしたが
２台お願いしますと伝えた際、
２台ですか。。と少し困っておられたのが
気になりました。タクシーを運転する方の
対応はよかったと思います。",使わない,"5,000円以上 10,000円未満","50,000円以上 100,000円未満",初めて,"観光パンフレット・ポスター
Twitter
観光協会等の案内所
",0,0,0,1,0,0,1,0,0,0,0,1,0,0,西山動物園,,選択なし/該当施設なし,"10,000円以上 20,000円未満",とても満足,"めがねミュージアムの体験活動が面白かったです。ショップや博物館については無料でしたし
それを楽しめるのも良かったです。",とても満足,西山公園は無料とは思えないほど楽しめるところがたくさんあった。つつじソフトも美味しかったですし色々な体験ができたため。,感じた,"やはり暑いので交通手段でしょうか。
周遊タクシーがあるのは良いと思いますが
制度としてある以上、気軽に使えると
良いと思いました。",9,"体験活動と西山公園
道の駅は食べ物もおいしかったですし
レッサーパンダも可愛かった
何よりどこの方も親切だったからです。","体験活動がもっと予約かかわらず
気軽にできるといいと思います。",また行きたい（1年以内）,"福井県らしいものを楽しめれば良いと思います。
海鮮、秋吉、色々福井県ならではのもの
美味しいですね。"
207905,一乗谷朝倉氏遺跡 エリア,女,1947,79,70代,鹿児島県,奄美市,300万円以上 400万円未満,mobile/android,2026-09-12 16:31:08,9月,一乗谷朝倉氏遺跡 エリア,06.一乗谷朝倉氏遺跡 エリア,福井市,福井市・永平寺町,,日帰り,福井県内には宿泊しない,福井県内には宿泊しない,石川県金沢市,その他家族,"地元の美味しいものを食べる
名所、旧跡の観光
",0,0,1,0,1,0,0,0,0,0,0,0,0,0,0,0,0,0,"新幹線
",0,0,1,0,0,1,0,"旅行会社ツアーバス
",0,0,0,0,とても満足,ガイドもおり、移動が楽だから。,使わない,"30,000円以上 40,000円未満","10,000円以上 20,000円未満",初めて,"新聞・雑誌・ガイドブック
観光パンフレット・ポスター
",0,1,0,1,0,0,0,0,0,0,0,0,0,0,選択なし/該当施設なし,,選択なし/該当施設なし,"1,000円以上 3,000円未満",とても満足,,とても満足,,感じなかった,,8,,,機会があれば行きたい,
136256,越前松島水族館 エリア,女,1976,50,50代,石川県,白山市,300万円以上 400万円未満,mobile/iphone,2026-09-12 16:30:58,9月,かつやま恐竜の森 エリア,25.かつやま恐竜の森 エリア,勝山市,勝山市・大野市,勝山市観光まちづくり(株),日帰り,福井県内には宿泊しない,福井県内には宿泊しない,福井県外には宿泊しない,小学生以下連れの家族,"テーマパーク（遊園地、動物園、博物館など）
",0,0,0,0,0,1,0,0,0,0,0,0,0,0,0,0,0,子どもの好み,"自家用車
",1,0,0,0,0,0,0,"自家用車
",0,0,0,0,,,使わない,"1,000円以上 3,000円未満","3,000円以上 5,000円未満",2～5回目,"その他
",0,0,0,0,0,0,0,0,0,0,0,0,0,0,選択なし/該当施設なし,,選択なし/該当施設なし,"3,000円以上 5,000円未満",満足,,とても満足,,感じなかった,,10,,,また行きたい（1年以内）,
207904,小浜市 阿納 エリア,女,1972,54,50代,岐阜県,各務原市,"900万円以上 1,000万円未満",mobile/iphone,2026-09-12 16:27:12,9月,小浜市 阿納 エリア,67.小浜市 阿納 エリア,小浜市,嶺南西部,(株)まちづくり小浜,1泊,1泊,嶺南エリア（敦賀市・美浜町・若狭町・小浜市・おおい町・高浜町）,福井県外には宿泊しない,夫婦2人,"地元の美味しいものを食べる
名所、旧跡の観光
買い物、アウトレット
",0,0,1,0,1,0,1,0,0,0,0,0,0,0,0,0,0,0,"自家用車
",1,0,0,0,0,0,0,"自家用車
",0,0,0,0,とても満足,,"10,000円以上 20,000円未満","3,000円以上 5,000円未満","10,000円以上 20,000円未満",2～5回目,"インターネット・アプリ
",0,0,0,0,0,1,0,0,0,0,0,0,0,0,明通寺,,熊川宿,"20,000円以上 30,000円未満",満足,,満足,,感じた,コンビニが少ない,4,,,機会があれば行きたい,
121376,web,女,1973,53,50代,愛知県,小牧市,400万円以上 500万円未満,mobile/android,2026-09-12 16:23:14,9月,今庄365アウトドアビレッジ エリア,101.今庄365アウトドアビレッジ エリア,南越前町,丹南,,1泊,1泊,嶺南エリア（敦賀市・美浜町・若狭町・小浜市・おおい町・高浜町）,福井県外には宿泊しない,自分ひとり,"温泉や露天風呂
アウトドア（海水浴、釣り、登山など）
",0,1,0,0,0,0,0,0,0,1,0,0,0,0,0,0,0,0,"自家用車
",1,0,0,0,0,0,0,"自家用車
",0,0,0,0,,,"5,000円以上 10,000円未満","5,000円以上 10,000円未満","10,000円以上 20,000円未満",初めて,"インターネット・アプリ
Instagram
ブログ
宿泊施設
",0,0,0,0,0,1,0,1,0,1,0,0,0,1,選択なし/該当施設なし,,選択なし/該当施設なし,"5,000円以上 10,000円未満",とても満足,静かで落ち着ける,とても満足,スタッフがとても親切で馴染みやすい,感じなかった,,9,静かで過ごしやすく、温泉も隣接している,売店があるといい,また行きたい（1年以内）,"魅力的なお店が多すぎて、選ぶのに困る
海も山もあるのでどちらも楽しめる"
108279,うるしの里 エリア,女,1963,63,60代,埼玉県,川越市,100万円未満,mobile/iphone,2026-09-12 16:10:12,9月,劔神社 エリア,51.劔神社 エリア,越前町,丹南,一般社団法人 越前町観光連盟（DMO ECHIZEN）,2泊,2泊,越前エリア（越前市・越前町・鯖江市・池田町・南越前町）,福井県外には宿泊しない,その他家族,"各種体験（手作り、果物狩りなど）
",0,0,0,0,0,0,0,0,0,0,0,1,0,0,0,0,0,通りがかり,"新幹線
",0,1,1,0,0,0,0,"レンタカー
",0,0,0,0,,,"100,000円以上","50,000円以上 100,000円未満","20,000円以上 30,000円未満",2～5回目,"その他
",0,0,0,0,0,0,0,0,0,0,0,0,0,0,選択なし/該当施設なし,,選択なし/該当施設なし,"1,000円未満",満足,,満足,,感じなかった,,6,,,また行きたい（1年以内）,
207877,web,男,1972,54,50代,愛知県,豊川市,"900万円以上 1,000万円未満",mobile/android,2026-09-12 16:09:54,9月,大本山 永平寺 エリア,34.大本山 永平寺 エリア,永平寺町,福井市・永平寺町,,日帰り,2泊,三国・あわらエリア（あわら市・坂井市）,福井県外には宿泊しない,夫婦2人,"名所、旧跡の観光
",0,0,0,0,1,0,0,0,0,0,0,0,0,0,0,0,0,なんとなく,"自家用車
",1,0,0,0,0,0,0,"自家用車
",0,0,0,0,満足,,"10,000円以上 20,000円未満","10,000円以上 20,000円未満","10,000円以上 20,000円未満",初めて,"その他
",0,0,0,0,0,0,0,0,0,0,0,0,0,0,選択なし/該当施設なし,,選択なし/該当施設なし,"3,000円以上 5,000円未満",満足,,満足,,感じなかった,,8,,,,
207903,web,女,1993,33,30代,埼玉県,狭山市,300万円以上 400万円未満,mobile/iphone,2026-09-12 16:09:19,9月,劔神社 エリア,51.劔神社 エリア,越前町,丹南,一般社団法人 越前町観光連盟（DMO ECHIZEN）,2泊,2泊,越前エリア（越前市・越前町・鯖江市・池田町・南越前町）,福井県外には宿泊しない,小学生以下連れの家族,"テーマパーク（遊園地、動物園、博物館など）
",0,0,0,0,0,1,0,0,0,0,0,0,0,0,0,0,0,0,"新幹線
",0,1,1,0,0,0,0,"レンタカー
",0,0,0,0,,,"20,000円以上 30,000円未満","20,000円以上 30,000円未満","10,000円以上 20,000円未満",初めて,"観光展・物産展
",1,0,0,0,0,0,0,0,0,0,0,0,0,0,選択なし/該当施設なし,,選択なし/該当施設なし,"1,000円未満",満足,,満足,,感じなかった,,6,,,,
207897,web,男,1986,40,40代,滋賀県,大津市,100万円未満,mobile/iphone,2026-09-12 16:07:17,9月,JR美浜駅 エリア,79.JR美浜駅 エリア,美浜町,嶺南東部,三方五湖DMO(株),1泊,1泊,越前エリア（越前市・越前町・鯖江市・池田町・南越前町）,福井県外には宿泊しない,小学生以下連れの家族,"テーマパーク（遊園地、動物園、博物館など）
",0,0,0,0,0,1,0,0,0,0,0,0,0,0,0,0,0,0,"自家用車
",1,0,0,0,0,0,0,"自家用車
",0,0,0,0,,,"20,000円以上 30,000円未満","40,000円以上 50,000円未満","20,000円以上 30,000円未満",初めて,"インターネット・アプリ
",0,0,0,0,0,1,0,0,0,0,0,0,0,0,選択なし/該当施設なし,,選択なし/該当施設なし,使わない,どちらでもない,,どちらでもない,,感じなかった,,5,,,機会があれば行きたい,
203807,かつやま恐竜の森 エリア,女,1987,39,30代,岐阜県,岐阜市,700万円以上 800万円未満,mobile/android,2026-09-12 15:59:25,9月,越前松島水族館 エリア,11.越前松島水族館 エリア,坂井市,あわら市・坂井市,(一社)DMOさかい観光局,1泊,1泊,福井エリア（福井市・永平寺町）,福井県外には宿泊しない,小学生以下連れの家族,"テーマパーク（遊園地、動物園、博物館など）
",0,0,0,0,0,1,0,0,0,0,0,0,0,0,0,0,0,0,"自家用車
",1,0,0,0,0,0,0,"自家用車
",0,0,0,0,,,"10,000円以上 20,000円未満","10,000円以上 20,000円未満","20,000円以上 30,000円未満",初めて,"観光パンフレット・ポスター
インターネット・アプリ
",0,0,0,1,0,1,0,0,0,0,0,0,0,0,選択なし/該当施設なし,エンゼルふくい,選択なし/該当施設なし,"1,000円以上 3,000円未満",とても満足,ふれあいコーナーが多くて楽しかった！,とても満足,,感じなかった,,10,,,また行きたい（1年以内）,
196744,日本海さかな街 エリア,女,1950,76,70代,愛知県,知多郡,200万円以上 300万円未満,mobile/android,2026-09-12 15:58:37,9月,日本海さかな街 エリア,61.日本海さかな街 エリア,敦賀市,嶺南東部,,1泊,1泊,嶺南エリア（敦賀市・美浜町・若狭町・小浜市・おおい町・高浜町）,福井県外には宿泊しない,その他家族,"地元の美味しいものを食べる
名所、旧跡の観光
",0,0,1,0,1,0,0,0,0,0,0,0,0,0,0,0,0,0,"自家用車
",1,0,0,0,0,0,0,"自家用車
",0,0,0,0,満足,,"10,000円以上 20,000円未満","5,000円以上 10,000円未満","5,000円以上 10,000円未満",2～5回目,"インターネット・アプリ
",0,0,0,0,0,1,0,0,0,0,0,0,0,0,選択なし/該当施設なし,,道の駅「三方五湖」,"1,000円以上 3,000円未満",満足,,満足,,感じなかった,,8,,,機会があれば行きたい,
127298,日本海さかな街 エリア,無回答,1978,48,40代,大阪府,大阪市港区,600万円以上 700万円未満,mobile/iphone,2026-09-12 15:55:57,9月,JR美浜駅 エリア,79.JR美浜駅 エリア,美浜町,嶺南東部,三方五湖DMO(株),1泊,1泊,嶺南エリア（敦賀市・美浜町・若狭町・小浜市・おおい町・高浜町）,福井県外には宿泊しない,夫婦2人,"地元の美味しいものを食べる
",0,0,1,0,0,0,0,0,0,0,0,0,0,0,0,0,0,0,"自家用車
",1,0,0,0,0,0,0,"自家用車
",0,0,0,0,どちらでもない,,"5,000円以上 10,000円未満","5,000円以上 10,000円未満","10,000円以上 20,000円未満",初めて,"友人・知人
",0,0,0,0,0,0,0,0,0,0,1,0,0,0,選択なし/該当施設なし,,選択なし/該当施設なし,"1,000円未満",どちらでもない,,どちらでもない,,感じなかった,,6,,,機会があれば行きたい,
189282,web,男,1977,49,40代,愛知県,知多郡,"900万円以上 1,000万円未満",mobile/android,2026-09-12 15:55:45,9月,日本海さかな街 エリア,61.日本海さかな街 エリア,敦賀市,嶺南東部,,1泊,1泊,嶺南エリア（敦賀市・美浜町・若狭町・小浜市・おおい町・高浜町）,福井県外には宿泊しない,親,"地元の美味しいものを食べる
",0,0,1,0,0,0,0,0,0,0,0,0,0,0,0,0,0,0,"自家用車
",1,0,0,0,0,0,0,"自家用車
",0,0,0,0,満足,,"10,000円以上 20,000円未満","5,000円以上 10,000円未満","5,000円以上 10,000円未満",2～5回目,"インターネット・アプリ
",0,0,0,0,0,1,0,0,0,0,0,0,0,0,選択なし/該当施設なし,,道の駅「三方五湖」,"1,000円以上 3,000円未満",満足,,満足,,感じなかった,,8,,,機会があれば行きたい,
129702,日本海さかな街 エリア,男,1972,54,50代,大阪府,大阪市港区,"1,000万円以上 1,200万円未満",mobile/iphone,2026-09-12 15:55:34,9月,JR美浜駅 エリア,79.JR美浜駅 エリア,美浜町,嶺南東部,三方五湖DMO(株),1泊,1泊,嶺南エリア（敦賀市・美浜町・若狭町・小浜市・おおい町・高浜町）,福井県外には宿泊しない,夫婦2人,"地元の美味しいものを食べる
",0,0,1,0,0,0,0,0,0,0,0,0,0,0,0,0,0,0,"自家用車
",1,0,0,0,0,0,0,"自家用車
",0,0,0,0,,,"20,000円以上 30,000円未満","5,000円以上 10,000円未満","10,000円以上 20,000円未満",2～5回目,"インターネット・アプリ
",0,0,0,0,0,1,0,0,0,0,0,0,0,0,選択なし/該当施設なし,,選択なし/該当施設なし,"1,000円以上 3,000円未満",満足,,満足,,感じなかった,,7,,,,
207903,web,女,1993,33,30代,埼玉県,狭山市,300万円以上 400万円未満,mobile/iphone,2026-09-12 15:49:23,9月,道の駅「パークイン丹生ヶ丘」 エリア,50.道の駅「パークイン丹生ヶ丘」 エリア,越前町,丹南,一般社団法人 越前町観光連盟（DMO ECHIZEN）,2泊,2泊,越前エリア（越前市・越前町・鯖江市・池田町・南越前町）,福井県外には宿泊しない,小学生以下連れの家族,"テーマパーク（遊園地、動物園、博物館など）
",0,0,0,0,0,1,0,0,0,0,0,0,0,0,0,0,0,0,"新幹線
",0,1,1,0,0,0,0,"レンタカー
",0,0,0,0,,,"20,000円以上 30,000円未満","20,000円以上 30,000円未満","10,000円以上 20,000円未満",初めて,"観光展・物産展
",1,0,0,0,0,0,0,0,0,0,0,0,0,0,選択なし/該当施設なし,,選択なし/該当施設なし,"1,000円未満",どちらでもない,,どちらでもない,,感じなかった,,6,,,,
108279,うるしの里 エリア,女,1963,63,60代,埼玉県,川越市,100万円未満,mobile/iphone,2026-09-12 15:46:13,9月,道の駅「パークイン丹生ヶ丘」 エリア,50.道の駅「パークイン丹生ヶ丘」 エリア,越前町,丹南,一般社団法人 越前町観光連盟（DMO ECHIZEN）,2泊,2泊,越前エリア（越前市・越前町・鯖江市・池田町・南越前町）,福井県外には宿泊しない,その他家族,"温泉や露天風呂
各種体験（手作り、果物狩りなど）
",0,1,0,0,0,0,0,0,0,0,0,1,0,0,0,0,0,通りがかり,"レンタカー
新幹線
",0,1,1,0,0,0,0,"レンタカー
",0,0,0,0,満足,時間が自由に使える,"100,000円以上","50,000円以上 100,000円未満","20,000円以上 30,000円未満",6～10回目,"その他
",0,0,0,0,0,0,0,0,0,0,0,0,0,0,福井県立恐竜博物館,,選択なし/該当施設なし,使わない,どちらでもない,,どちらでもない,,感じなかった,,5,,,また行きたい（1年以内）,
161357,紫式部公園 エリア,男,1980,46,40代,愛知県,名古屋市中川区,"1,000万円以上 1,200万円未満",mobile/android,2026-09-12 15:45:44,9月,福井駅前 エリア,01.福井駅前 エリア,福井市,福井市・永平寺町,,1泊,1泊,越前エリア（越前市・越前町・鯖江市・池田町・南越前町）,福井県外には宿泊しない,夫婦2人,"宿でのんびり過ごす
温泉や露天風呂
地元の美味しいものを食べる
",1,1,1,0,0,0,0,0,0,0,0,0,0,0,0,0,0,0,"自家用車
",1,0,0,0,0,0,0,"自家用車
",0,0,0,0,,,"10,000円以上 20,000円未満","5,000円以上 10,000円未満","5,000円以上 10,000円未満",2～5回目,"インターネット・アプリ
",0,0,0,0,0,1,0,0,0,0,0,0,0,0,越前がにミュージアム,,氣比神宮,"5,000円以上 10,000円未満",とても満足,,とても満足,,感じなかった,,9,,,また行きたい（1年以内）,
161354,紫式部公園 エリア,女,1984,42,40代,愛知県,名古屋市中川区,500万円以上 600万円未満,mobile/android,2026-09-12 15:45:41,9月,福井駅前 エリア,01.福井駅前 エリア,福井市,福井市・永平寺町,,1泊,1泊,越前エリア（越前市・越前町・鯖江市・池田町・南越前町）,福井県外には宿泊しない,夫婦2人,"地元の美味しいものを食べる
",0,0,1,0,0,0,0,0,0,0,0,0,0,0,0,0,0,0,"自家用車
",1,0,0,0,0,0,0,"自家用車
",0,0,0,0,とても満足,,"10,000円以上 20,000円未満","5,000円以上 10,000円未満","10,000円以上 20,000円未満",2～5回目,"インターネット・アプリ
",0,0,0,0,0,1,0,0,0,0,0,0,0,0,選択なし/該当施設なし,宿,選択なし/該当施設なし,"5,000円以上 10,000円未満",満足,,満足,,感じなかった,,10,,,また行きたい（1年以内）,
207867,道の駅「越前おおの荒島の郷」 エリア,女,1977,49,40代,福井県,大野市,100万円未満,mobile/iphone,2026-09-12 15:44:39,9月,道の駅「越前おおの荒島の郷」 エリア,22.道の駅「越前おおの荒島の郷」 エリア,大野市,勝山市・大野市,,日帰り,4泊以上,奥越前エリア（勝山市・大野市）,福井県外には宿泊しない,小学生以下連れの家族,"買い物、アウトレット
",0,0,0,0,0,0,1,0,0,0,0,0,0,0,0,0,0,0,"自家用車
",1,0,0,0,0,0,0,"自家用車
",0,0,0,0,,,"1,000円以上 3,000円未満","1,000円未満","1,000円以上 3,000円未満",2～5回目,"新聞・雑誌・ガイドブック
Instagram
",0,1,0,0,0,0,0,1,0,0,0,0,0,0,選択なし/該当施設なし,,選択なし/該当施設なし,"1,000円以上 3,000円未満",満足,,満足,,感じなかった,,7,,,福井県在住,
196539,JR敦賀駅前 エリア,男,1974,52,50代,大阪府,大阪市天王寺区,400万円以上 500万円未満,mobile/iphone,2026-09-12 15:37:41,9月,道の駅「三方五湖」  エリア,83.道の駅「三方五湖」 エリア,若狭町,嶺南東部,三方五湖DMO(株),日帰り,福井県内には宿泊しない,福井県内には宿泊しない,福井県外には宿泊しない,自分ひとり,"お祭りやイベントへの参加・見物
",0,0,0,0,0,0,0,1,0,0,0,0,0,0,0,0,0,0,"在来線
",0,0,0,1,0,0,0,"在来線
徒歩
",0,0,1,0,どちらでもない,仕方ないですが、本数が少ないので時間が制限されます,使わない,"5,000円以上 10,000円未満","3,000円以上 5,000円未満",2～5回目,"インターネット・アプリ
",0,0,0,0,0,1,0,0,0,0,0,0,0,0,人道の港 敦賀ムゼウム,,選択なし/該当施設なし,"1,000円未満",満足,,とても満足,年縞博物館はとても良いです,感じた,,8,,,機会があれば行きたい,
207900,かつやま恐竜の森 エリア,女,1993,33,30代,滋賀県,長浜市,700万円以上 800万円未満,mobile/android,2026-09-12 15:30:40,9月,かつやま恐竜の森 エリア,25.かつやま恐竜の森 エリア,勝山市,勝山市・大野市,勝山市観光まちづくり(株),日帰り,福井県内には宿泊しない,福井県内には宿泊しない,福井県外には宿泊しない,家族+祖父母,"地元の美味しいものを食べる
テーマパーク（遊園地、動物園、博物館など）
",0,0,1,0,0,1,0,0,0,0,0,0,0,0,0,0,0,0,"自家用車
",1,0,0,0,0,0,0,"自家用車
",0,0,0,0,とても満足,,使わない,"3,000円以上 5,000円未満","3,000円以上 5,000円未満",2～5回目,"観光パンフレット・ポスター
",0,0,0,1,0,0,0,0,0,0,0,0,0,0,選択なし/該当施設なし,,選択なし/該当施設なし,"3,000円以上 5,000円未満",とても満足,,とても満足,,感じた,恐竜博物館3階のトイレの数を増やしてほしい,10,,,また行きたい（1年以内）,
207897,web,男,1986,40,40代,滋賀県,大津市,100万円未満,mobile/iphone,2026-09-12 15:26:20,9月,レインボーライン エリア,77.レインボーライン エリア,美浜町,嶺南東部,三方五湖DMO(株),1泊,1泊,越前エリア（越前市・越前町・鯖江市・池田町・南越前町）,福井県外には宿泊しない,小学生以下連れの家族,"テーマパーク（遊園地、動物園、博物館など）
",0,0,0,0,0,1,0,0,0,0,0,0,0,0,0,0,0,0,"自家用車
",1,0,0,0,0,0,0,"自家用車
",0,0,0,0,,,"20,000円以上 30,000円未満","40,000円以上 50,000円未満","20,000円以上 30,000円未満",初めて,"インターネット・アプリ
",0,0,0,0,0,1,0,0,0,0,0,0,0,0,御食国若狭おばま食文化館,,福井県立恐竜博物館,"1,000円以上 3,000円未満",満足,,満足,,感じなかった,,7,,,機会があれば行きたい,
207896,web,女,1984,42,40代,兵庫県,明石市,500万円以上 600万円未満,mobile/iphone,2026-09-12 15:16:52,9月,かにファクトリー 甲羅組 エリア,102.かにファクトリー 甲羅組 エリア,敦賀市,嶺南東部,,1泊,1泊,嶺南エリア（敦賀市・美浜町・若狭町・小浜市・おおい町・高浜町）,福井県外には宿泊しない,小学生以下連れの家族,"宿でのんびり過ごす
地元の美味しいものを食べる
アウトドア（海水浴、釣り、登山など）
まちあるき、都市散策
",1,0,1,0,0,0,0,0,0,1,1,0,0,0,0,0,0,0,"自家用車
",1,0,0,0,0,0,0,"自家用車
",0,0,0,0,,,"30,000円以上 40,000円未満","5,000円以上 10,000円未満","20,000円以上 30,000円未満",初めて,"Instagram
",0,0,0,0,0,0,0,1,0,0,0,0,0,0,氣比神宮,,水晶浜海水浴場,"1,000円未満",満足,気になる商品が多く、値段もお手頃な物がおおかった。,とても満足,子供たちが遊べるエリアもたくさんあって、食事も美味しそうだった。今回は飲食は別の場所でしたため、次回訪れる時は食事もしたいと思う。,感じなかった,,8,大人も楽しめて子供もグズらない楽しい施設のため。,,機会があれば行きたい,
136497,日本海さかな街,男,1986,40,40代,兵庫県,明石市,400万円以上 500万円未満,mobile/iphone,2026-09-12 15:11:39,9月,かにファクトリー 甲羅組 エリア,102.かにファクトリー 甲羅組 エリア,敦賀市,嶺南東部,,1泊,1泊,嶺南エリア（敦賀市・美浜町・若狭町・小浜市・おおい町・高浜町）,福井県外には宿泊しない,小学生以下連れの家族,"宿でのんびり過ごす
地元の美味しいものを食べる
",1,0,1,0,0,0,0,0,0,0,0,0,0,0,0,0,0,0,"自家用車
",1,0,0,0,0,0,0,"自家用車
",0,0,0,0,とても満足,,"5,000円以上 10,000円未満","3,000円以上 5,000円未満","3,000円以上 5,000円未満",初めて,"観光展・物産展
",1,0,0,0,0,0,0,0,0,0,0,0,0,0,氣比神宮,,選択なし/該当施設なし,"1,000円以上 3,000円未満",とても満足,,とても満足,,感じなかった,,7,,,また行きたい（1年以内）,
207893,web,女,1997,29,20代,岐阜県,本巣市,600万円以上 700万円未満,mobile/iphone,2026-09-12 14:53:19,9月,かにファクトリー 甲羅組 エリア,102.かにファクトリー 甲羅組 エリア,敦賀市,嶺南東部,,日帰り,福井県内には宿泊しない,福井県内には宿泊しない,福井県外には宿泊しない,小学生以下連れの家族,"テーマパーク（遊園地、動物園、博物館など）
",0,0,0,0,0,1,0,0,0,0,0,0,0,0,0,0,0,0,"自家用車
",1,0,0,0,0,0,0,"自家用車
",0,0,0,0,とても満足,,使わない,"1,000円以上 3,000円未満","3,000円以上 5,000円未満",初めて,"インターネット・アプリ
",0,0,0,0,0,1,0,0,0,0,0,0,0,0,選択なし/該当施設なし,,日本海さかな街,"3,000円以上 5,000円未満",とても満足,こどもが楽しく遊べたのでよかったです。,満足,,感じた,体験に子どもが一緒に入れなかったので、子どもができる体験もあるといいと思いました。,8,,,また行きたい（1年以内）,
207872,東尋坊 エリア,女,1970,56,50代,東京都,八王子市,600万円以上 700万円未満,mobile/android,2026-09-12 14:49:05,9月,大本山 永平寺 エリア,34.大本山 永平寺 エリア,永平寺町,福井市・永平寺町,,1泊,福井県内には宿泊しない,福井県内には宿泊しない,石川県加賀市,夫婦2人,"ドライブ・ツーリング
",0,0,0,0,0,0,0,0,0,0,0,0,0,0,1,0,0,0,"自家用車
",1,0,0,0,0,0,0,"自家用車
",0,0,0,0,,,"20,000円以上 30,000円未満","10,000円以上 20,000円未満","3,000円以上 5,000円未満",2～5回目,"インターネット・アプリ
",0,0,0,0,0,1,0,0,0,0,0,0,0,0,選択なし/該当施設なし,,選択なし/該当施設なし,"1,000円以上 3,000円未満",とても満足,,とても満足,観光案内所が、きれい,感じなかった,,10,,,また行きたい（1年以内）,
207873,web,男,1968,58,50代,東京都,八王子市,800万円以上 900万円未満,mobile/android,2026-09-12 14:47:41,9月,大本山 永平寺 エリア,34.大本山 永平寺 エリア,永平寺町,福井市・永平寺町,,1泊,福井県内には宿泊しない,福井県内には宿泊しない,石川県加賀市,夫婦2人,"名所、旧跡の観光
",0,0,0,0,1,0,0,0,0,0,0,0,0,0,0,0,0,0,"自家用車
",1,0,0,0,0,0,0,"自家用車
",0,0,0,0,とても満足,,"3,000円以上 5,000円未満","1,000円以上 3,000円未満","3,000円以上 5,000円未満",初めて,"インターネット・アプリ
",0,0,0,0,0,1,0,0,0,0,0,0,0,0,越前大仏,,選択なし/該当施設なし,"1,000円以上 3,000円未満",とても満足,,とても満足,,感じなかった,,10,,,また行きたい（1年以内）,
207892,web,男,1959,67,60代,大阪府,泉南郡,"1,200万円以上 1,500万円未満",mobile/iphone,2026-09-12 14:47:30,9月,大本山 永平寺 エリア,34.大本山 永平寺 エリア,永平寺町,福井市・永平寺町,,1泊,福井県内には宿泊しない,福井県内には宿泊しない,石川県金沢市,夫婦2人,"地元の美味しいものを食べる
名所、旧跡の観光
",0,0,1,0,1,0,0,0,0,0,0,0,0,0,0,0,0,ありません,"自家用車
",1,0,0,0,0,0,0,"自家用車
",0,0,0,0,満足,,"3,000円以上 5,000円未満","40,000円以上 50,000円未満","3,000円以上 5,000円未満",2～5回目,"その他
",0,0,0,0,0,0,0,0,0,0,0,0,0,0,選択なし/該当施設なし,帰宅します,選択なし/該当施設なし,"1,000円以上 3,000円未満",満足,,満足,,感じなかった,,5,永平寺参拝、周辺の蕎麦処,,機会があれば行きたい,
207831,福井駅前 エリア,女,1966,60,60代,鹿児島県,奄美市,500万円以上 600万円未満,mobile/android,2026-09-12 14:43:25,9月,大本山 永平寺 エリア,34.大本山 永平寺 エリア,永平寺町,福井市・永平寺町,,日帰り,福井県内には宿泊しない,福井県内には宿泊しない,石川県金沢市,自分ひとり,"テーマパーク（遊園地、動物園、博物館など）
",0,0,0,0,0,1,0,0,0,0,0,0,0,0,0,0,0,0,"新幹線
",0,0,1,0,0,1,0,"旅行会社ツアーバス
",0,0,0,0,とても満足,移動に便利。駐車場も確保されているから。,使わない,"5,000円以上 10,000円未満","5,000円以上 10,000円未満",2～5回目,"インターネット・アプリ
",0,0,0,0,0,1,0,0,0,0,0,0,0,0,越前大仏,,一乗谷朝倉氏遺跡,"1,000円以上 3,000円未満",とても満足,よく整備されているから。,とても満足,,感じなかった,,9,,,機会があれば行きたい,地産地消のグルメ
207888,道の駅みくに ふれあいパーク三里浜 エリア,男,1991,35,30代,京都府,京都市伏見区,400万円以上 500万円未満,mobile/iphone,2026-09-12 14:20:29,9月,道の駅みくに ふれあいパーク三里浜 エリア,15.道の駅みくに ふれあいパーク三里浜 エリア,坂井市,あわら市・坂井市,(一社)DMOさかい観光局,1泊,1泊,越前エリア（越前市・越前町・鯖江市・池田町・南越前町）,福井県外には宿泊しない,恋人,"宿でのんびり過ごす
温泉や露天風呂
地元の美味しいものを食べる
ドライブ・ツーリング
",1,1,1,0,0,0,0,0,0,0,0,0,0,0,1,0,0,0,"自家用車
",1,0,0,0,0,0,0,"自家用車
",0,0,0,0,とても満足,道は綺麗やったし海は綺麗でとても楽しかったので,"10,000円以上 20,000円未満","5,000円以上 10,000円未満","20,000円以上 30,000円未満",初めて,"観光展・物産展
新聞・雑誌・ガイドブック
観光パンフレット・ポスター
観光連盟やDMOのHP
Twitter
",1,1,0,1,1,0,1,0,0,0,0,0,0,0,レインボーライン,このまま帰宅します,選択なし/該当施設なし,"1,000円以上 3,000円未満",とても満足,プレゼント品がめっちゃ豪華！,とても満足,お土産は充実してるしはんすうのアイスはめっちゃ美味しかったため,感じなかった,,10,お土産の充実とはんすうのアイスがめっちゃ美味しいため,,また行きたい（1年以内）,
127298,日本海さかな街 エリア,無回答,1978,48,40代,大阪府,大阪市港区,600万円以上 700万円未満,mobile/iphone,2026-09-12 14:17:41,9月,うみんぴあ大飯 エリア,84.うみんぴあ大飯 エリア,おおい町,嶺南西部,,1泊,1泊,嶺南エリア（敦賀市・美浜町・若狭町・小浜市・おおい町・高浜町）,福井県外には宿泊しない,夫婦2人,"地元の美味しいものを食べる
",0,0,1,0,0,0,0,0,0,0,0,0,0,0,0,0,0,0,"自家用車
",1,0,0,0,0,0,0,"自家用車
",0,0,0,0,満足,,"5,000円以上 10,000円未満","5,000円以上 10,000円未満","10,000円以上 20,000円未満",2～5回目,"友人・知人
",0,0,0,0,0,0,0,0,0,0,1,0,0,0,選択なし/該当施設なし,,選択なし/該当施設なし,"1,000円以上 3,000円未満",満足,,満足,,感じなかった,,7,,,機会があれば行きたい,
127298,日本海さかな街 エリア,無回答,1978,48,40代,大阪府,大阪市港区,600万円以上 700万円未満,mobile/iphone,2026-09-12 14:16:10,9月,道の駅「若狭おばま」 エリア,68.道の駅「若狭おばま」 エリア,小浜市,嶺南西部,(株)まちづくり小浜,1泊,1泊,嶺南エリア（敦賀市・美浜町・若狭町・小浜市・おおい町・高浜町）,福井県外には宿泊しない,夫婦2人,"地元の美味しいものを食べる
",0,0,1,0,0,0,0,0,0,0,0,0,0,0,0,0,0,0,"自家用車
",1,0,0,0,0,0,0,"自家用車
",0,0,0,0,満足,,"5,000円以上 10,000円未満","5,000円以上 10,000円未満","10,000円以上 20,000円未満",2～5回目,"友人・知人
",0,0,0,0,0,0,0,0,0,0,1,0,0,0,選択なし/該当施設なし,,選択なし/該当施設なし,"1,000円以上 3,000円未満",満足,,満足,,感じなかった,,7,,,機会があれば行きたい,
129702,日本海さかな街 エリア,男,1972,54,50代,大阪府,大阪市港区,"1,000万円以上 1,200万円未満",mobile/iphone,2026-09-12 14:14:50,9月,道の駅「若狭おばま」 エリア,68.道の駅「若狭おばま」 エリア,小浜市,嶺南西部,(株)まちづくり小浜,1泊,1泊,嶺南エリア（敦賀市・美浜町・若狭町・小浜市・おおい町・高浜町）,福井県外には宿泊しない,夫婦2人,"地元の美味しいものを食べる
",0,0,1,0,0,0,0,0,0,0,0,0,0,0,0,0,0,0,"自家用車
",1,0,0,0,0,0,0,"自家用車
",0,0,0,0,,,"20,000円以上 30,000円未満","5,000円以上 10,000円未満","10,000円以上 20,000円未満",初めて,"インターネット・アプリ
",0,0,0,0,0,1,0,0,0,0,0,0,0,0,選択なし/該当施設なし,,選択なし/該当施設なし,"1,000円以上 3,000円未満",満足,,満足,,感じなかった,,9,,,,
207879,道の駅「越前おおの荒島の郷」 エリア,女,1983,43,40代,島根県,松江市,600万円以上 700万円未満,mobile/android,2026-09-12 14:07:48,9月,道の駅「越前おおの荒島の郷」 エリア,22.道の駅「越前おおの荒島の郷」 エリア,大野市,勝山市・大野市,,3泊,1泊,越前エリア（越前市・越前町・鯖江市・池田町・南越前町）,滋賀県,小学生以下連れの家族,"地元の美味しいものを食べる
テーマパーク（遊園地、動物園、博物館など）
",0,0,1,0,0,1,0,0,0,0,0,0,0,0,0,0,0,速旅ドライブプラン,"自家用車
",1,0,0,0,0,0,0,"自家用車
",0,0,0,0,どちらでもない,,"3,000円以上 5,000円未満","5,000円以上 10,000円未満","20,000円以上 30,000円未満",初めて,"その他
",0,0,0,0,0,0,0,0,0,0,0,0,0,0,福井県立恐竜博物館,,東尋坊,"1,000円以上 3,000円未満",とても満足,,とても満足,,感じなかった,,9,住んでいる場所から遠いので気軽に薦められないかなと思った,,また行きたい（1年以内）,
207883,web,女,1990,36,30代,福井県,福井市,分からない/無回答,mobile/android,2026-09-12 14:02:59,9月,かずら橋 エリア,48.かずら橋 エリア,池田町,丹南,（一財）いけだ農村観光公社,日帰り,福井県内には宿泊しない,三国・あわらエリア（あわら市・坂井市）,福井県外には宿泊しない,夫婦2人,"温泉や露天風呂
名所、旧跡の観光
",0,1,0,0,1,0,0,0,0,0,0,0,0,0,0,0,0,0,"自家用車
",1,0,0,0,0,0,0,"自家用車
",0,0,0,0,満足,,"1,000円以上 3,000円未満","1,000円以上 3,000円未満","1,000円以上 3,000円未満",11回目以上,"観光展・物産展
新聞・雑誌・ガイドブック
TV・ラジオ番組やCM
友人・知人
",1,1,1,0,0,0,0,0,0,0,1,0,0,0,選択なし/該当施設なし,,選択なし/該当施設なし,"3,000円以上 5,000円未満",満足,,満足,,感じた,,8,,,,
207882,かつやま恐竜の森 エリア,女,1984,42,40代,京都府,京田辺市,300万円以上 400万円未満,mobile/iphone,2026-09-12 14:00:39,9月,かつやま恐竜の森 エリア,25.かつやま恐竜の森 エリア,勝山市,勝山市・大野市,勝山市観光まちづくり(株),1泊,1泊,三国・あわらエリア（あわら市・坂井市）,福井県外には宿泊しない,小学生以下連れの家族,"宿でのんびり過ごす
テーマパーク（遊園地、動物園、博物館など）
",1,0,0,0,0,1,0,0,0,0,0,0,0,0,0,0,0,0,"自家用車
",1,0,0,0,0,0,0,"自家用車
",0,0,0,0,とても満足,,"5,000円以上 10,000円未満","5,000円以上 10,000円未満","10,000円以上 20,000円未満",初めて,"TV・ラジオ番組やCM
",0,0,1,0,0,0,0,0,0,0,0,0,0,0,福井県立恐竜博物館,,選択なし/該当施設なし,"5,000円以上 10,000円未満",とても満足,,とても満足,,感じなかった,,10,,,機会があれば行きたい,
140499,web,男,1979,47,40代,石川県,能美市,600万円以上 700万円未満,mobile/android,2026-09-12 13:57:35,9月,JR美浜駅 エリア,79.JR美浜駅 エリア,美浜町,嶺南東部,三方五湖DMO(株),1泊,福井県内には宿泊しない,福井県内には宿泊しない,兵庫,自分ひとり,"地元の美味しいものを食べる
名所、旧跡の観光
",0,0,1,0,1,0,0,0,0,0,0,0,0,0,0,0,0,0,"自家用車
",1,0,0,0,0,0,0,"自家用車
",0,0,0,0,とても満足,,"1,000円以上 3,000円未満","5,000円以上 10,000円未満","1,000円以上 3,000円未満",11回目以上,"観光展・物産展
",1,0,0,0,0,0,0,0,0,0,0,0,0,0,選択なし/該当施設なし,,選択なし/該当施設なし,"1,000円以上 3,000円未満",とても満足,,とても満足,,感じなかった,,10,,,また行きたい（1年以内）,
207881,web,女,1963,63,60代,福井県,福井市,分からない/無回答,mobile/android,2026-09-12 13:56:16,9月,かずら橋 エリア,48.かずら橋 エリア,池田町,丹南,（一財）いけだ農村観光公社,日帰り,福井県内には宿泊しない,福井県内には宿泊しない,石川県加賀市,夫婦2人,"温泉や露天風呂
",0,1,0,0,0,0,0,0,0,0,0,0,0,0,0,0,0,0,"自家用車
",1,0,0,0,0,0,0,"自家用車
",0,0,0,0,,,"3,000円以上 5,000円未満","1,000円未満","3,000円以上 5,000円未満",11回目以上,"観光展・物産展
新聞・雑誌・ガイドブック
観光協会等の案内所
",1,1,0,0,0,0,0,0,0,0,0,1,0,0,選択なし/該当施設なし,,選択なし/該当施設なし,"1,000円以上 3,000円未満",満足,,満足,,感じた,,7,,,,
188882,道の駅「若狭おばま」 エリア,女,1983,43,40代,滋賀県,大津市,200万円以上 300万円未満,mobile/iphone,2026-09-12 13:52:46,9月,道の駅「恐竜渓谷かつやま」 エリア,26.道の駅「恐竜渓谷かつやま」 エリア,勝山市,勝山市・大野市,勝山市観光まちづくり(株),日帰り,福井県内には宿泊しない,福井県内には宿泊しない,福井県外には宿泊しない,夫婦2人,"ドライブ・ツーリング
",0,0,0,0,0,0,0,0,0,0,0,0,0,0,1,0,0,0,"自家用車
",1,0,0,0,0,0,0,"自家用車
",0,0,0,0,,,"10,000円以上 20,000円未満","5,000円以上 10,000円未満","10,000円以上 20,000円未満",2～5回目,"インターネット・アプリ
",0,0,0,0,0,1,0,0,0,0,0,0,0,0,選択なし/該当施設なし,,選択なし/該当施設なし,"3,000円以上 5,000円未満",満足,,満足,,感じなかった,,6,,,,
188882,道の駅「若狭おばま」 エリア,女,1983,43,40代,滋賀県,大津市,200万円以上 300万円未満,mobile/iphone,2026-09-12 13:49:48,9月,越前大仏 エリア,28.越前大仏 エリア,勝山市,勝山市・大野市,勝山市観光まちづくり(株),日帰り,福井県内には宿泊しない,福井県内には宿泊しない,福井県外には宿泊しない,夫婦2人,"ドライブ・ツーリング
",0,0,0,0,0,0,0,0,0,0,0,0,0,0,1,0,0,0,"自家用車
",1,0,0,0,0,0,0,"自家用車
",0,0,0,0,,,"10,000円以上 20,000円未満","5,000円以上 10,000円未満","10,000円以上 20,000円未満",2～5回目,"インターネット・アプリ
",0,0,0,0,0,1,0,0,0,0,0,0,0,0,選択なし/該当施設なし,,選択なし/該当施設なし,"3,000円以上 5,000円未満",満足,,満足,,感じなかった,,6,,,,
207815,JR美浜駅 エリア,男,1984,42,40代,大阪府,大阪市福島区,"900万円以上 1,000万円未満",mobile/android,2026-09-12 13:48:41,9月,芝政ワールド エリア,12.芝政ワールド エリア,坂井市,あわら市・坂井市,(一社)DMOさかい観光局,1泊,1泊,三国・あわらエリア（あわら市・坂井市）,福井県外には宿泊しない,小学生以下連れの家族,"アウトドア（海水浴、釣り、登山など）
",0,0,0,0,0,0,0,0,0,1,0,0,0,0,0,0,0,0,"自家用車
",1,0,0,0,0,0,0,"自家用車
",0,0,0,0,,,"30,000円以上 40,000円未満","10,000円以上 20,000円未満","30,000円以上 40,000円未満",初めて,"インターネット・アプリ
",0,0,0,0,0,1,0,0,0,0,0,0,0,0,選択なし/該当施設なし,,選択なし/該当施設なし,"5,000円以上 10,000円未満",満足,,満足,,感じた,案内標識が少なかった,8,,,機会があれば行きたい,
134752,赤礁崎オートキャンプ場 エリア,女,1963,63,60代,京都府,向日市,600万円以上 700万円未満,mobile/iphone,2026-09-12 13:45:48,9月,北陸新幹線 越前たけふ駅 エリア,38.北陸新幹線 越前たけふ駅 エリア,越前市,丹南,,日帰り,福井県内には宿泊しない,福井県内には宿泊しない,福井県外には宿泊しない,夫婦2人,"名所、旧跡の観光
",0,0,0,0,1,0,0,0,0,0,0,0,0,0,0,0,0,0,"自家用車
",1,0,0,0,0,0,0,"自家用車
",0,0,0,0,とても満足,,"10,000円以上 20,000円未満","3,000円以上 5,000円未満","10,000円以上 20,000円未満",6～10回目,"インターネット・アプリ
",0,0,0,0,0,1,0,0,0,0,0,0,0,0,越前大仏,,選択なし/該当施設なし,"10,000円以上 20,000円未満",とても満足,,とても満足,,感じなかった,,8,,,また行きたい（1年以内）,
188882,道の駅「若狭おばま」 エリア,女,1983,43,40代,滋賀県,大津市,200万円以上 300万円未満,mobile/iphone,2026-09-12 13:39:09,9月,道の駅「若狭おばま」 エリア,68.道の駅「若狭おばま」 エリア,小浜市,嶺南西部,(株)まちづくり小浜,日帰り,福井県内には宿泊しない,福井県内には宿泊しない,福井県外には宿泊しない,夫婦2人,"地元の美味しいものを食べる
名所、旧跡の観光
まちあるき、都市散策
ドライブ・ツーリング
",0,0,1,0,1,0,0,0,0,0,1,0,0,0,1,0,0,0,"自家用車
",1,0,0,0,0,0,0,"自家用車
",0,0,0,0,,,"10,000円以上 20,000円未満","5,000円以上 10,000円未満","10,000円以上 20,000円未満",2～5回目,"インターネット・アプリ
",0,0,0,0,0,1,0,0,0,0,0,0,0,0,選択なし/該当施設なし,,選択なし/該当施設なし,"5,000円以上 10,000円未満",満足,,満足,,感じなかった,,6,,,,
207870,かつやま恐竜の森 エリア,男,1972,54,50代,宮崎県,宮崎市,"1,000万円以上 1,200万円未満",mobile/iphone,2026-09-12 13:35:23,9月,かつやま恐竜の森 エリア,25.かつやま恐竜の森 エリア,勝山市,勝山市・大野市,勝山市観光まちづくり(株),2泊,2泊,福井エリア（福井市・永平寺町）,福井県外には宿泊しない,自分ひとり,"地元の美味しいものを食べる
テーマパーク（遊園地、動物園、博物館など）
",0,0,1,0,0,1,0,0,0,0,0,0,0,0,0,0,0,0,"在来線
飛行機
",0,0,0,0,1,0,0,"路線バス
",0,1,0,0,不満,,"10,000円以上 20,000円未満","40,000円以上 50,000円未満","30,000円以上 40,000円未満",初めて,"インターネット・アプリ
観光協会等の案内所
",0,0,0,0,0,1,0,0,0,0,0,1,0,0,北の庄城址・柴田公園,,福井県立恐竜博物館,"5,000円以上 10,000円未満",満足,,満足,,感じた,,7,,,また行きたい（1年以内）,
207875,web,男,1977,49,40代,京都府,長岡京市,600万円以上 700万円未満,mobile/iphone,2026-09-12 13:31:26,9月,レインボーライン エリア,77.レインボーライン エリア,美浜町,嶺南東部,三方五湖DMO(株),日帰り,福井県内には宿泊しない,福井県内には宿泊しない,福井県外には宿泊しない,小学生以下連れの家族,"名所、旧跡の観光
",0,0,0,0,1,0,0,0,0,0,0,0,0,0,0,0,0,0,"自家用車
",1,0,0,0,0,0,0,"自家用車
",0,0,0,0,,,使わない,"5,000円以上 10,000円未満","5,000円以上 10,000円未満",初めて,"インターネット・アプリ
",0,0,0,0,0,1,0,0,0,0,0,0,0,0,選択なし/該当施設なし,,選択なし/該当施設なし,"1,000円以上 3,000円未満",とても満足,,とても満足,,感じなかった,,10,,,機会があれば行きたい,
207820,越前松島水族館 エリア,女,1974,52,50代,大阪府,茨木市,500万円以上 600万円未満,mobile/iphone,2026-09-12 13:28:40,9月,かにファクトリー 甲羅組 エリア,102.かにファクトリー 甲羅組 エリア,敦賀市,嶺南東部,,1泊,1泊,三国・あわらエリア（あわら市・坂井市）,福井県外には宿泊しない,中学生以上連れの家族,"温泉や露天風呂
",0,1,0,0,0,0,0,0,0,0,0,0,0,0,0,0,0,0,"自家用車
",1,0,0,0,0,0,0,"自家用車
",0,0,0,0,満足,わかりやすい,"10,000円以上 20,000円未満","5,000円以上 10,000円未満","5,000円以上 10,000円未満",初めて,"インターネット・アプリ
",0,0,0,0,0,1,0,0,0,0,0,0,0,0,越前海岸,,氣比神宮,"1,000円以上 3,000円未満",満足,キレイ,とても満足,キレイ,感じなかった,,8,,,また行きたい（1年以内）,
207873,web,男,1968,58,50代,東京都,八王子市,800万円以上 900万円未満,mobile/android,2026-09-12 13:26:13,9月,東尋坊 エリア,10.東尋坊 エリア,坂井市,あわら市・坂井市,(一社)DMOさかい観光局,1泊,福井県内には宿泊しない,福井県内には宿泊しない,石川県加賀市,夫婦2人,"温泉や露天風呂
名所、旧跡の観光
",0,1,0,0,1,0,0,0,0,0,0,0,0,0,0,0,0,0,"自家用車
",1,0,0,0,0,0,0,"自家用車
",0,0,0,0,とても満足,,"3,000円以上 5,000円未満","1,000円以上 3,000円未満","3,000円以上 5,000円未満",初めて,"インターネット・アプリ
",0,0,0,0,0,1,0,0,0,0,0,0,0,0,選択なし/該当施設なし,,大本山永平寺,"3,000円以上 5,000円未満",とても満足,,とても満足,,感じなかった,,10,,,また行きたい（1年以内）,
207872,東尋坊 エリア,女,1970,56,50代,東京都,八王子市,600万円以上 700万円未満,mobile/android,2026-09-12 13:22:52,9月,東尋坊 エリア,10.東尋坊 エリア,坂井市,あわら市・坂井市,(一社)DMOさかい観光局,1泊,福井県内には宿泊しない,福井県内には宿泊しない,石川県加賀市,夫婦2人,"温泉や露天風呂
地元の美味しいものを食べる
花見や紅葉などの自然鑑賞
名所、旧跡の観光
まちあるき、都市散策
ドライブ・ツーリング
",0,1,1,1,1,0,0,0,0,0,1,0,0,0,1,0,0,0,"自家用車
",1,0,0,0,0,0,0,"自家用車
",0,0,0,0,,,"20,000円以上 30,000円未満","10,000円以上 20,000円未満","3,000円以上 5,000円未満",2～5回目,"インターネット・アプリ
",0,0,0,0,0,1,0,0,0,0,0,0,0,0,選択なし/該当施設なし,,選択なし/該当施設なし,"1,000円未満",とても満足,,とても満足,"景色がよかった
観光地として栄えててよかった",感じなかった,,10,,,また行きたい（1年以内）,
207871,芝政ワールド エリア,男,1982,44,40代,愛知県,一宮市,500万円以上 600万円未満,mobile/android,2026-09-12 13:21:27,9月,芝政ワールド エリア,12.芝政ワールド エリア,坂井市,あわら市・坂井市,(一社)DMOさかい観光局,1泊,1泊,三国・あわらエリア（あわら市・坂井市）,福井県外には宿泊しない,小学生以下連れの家族,"テーマパーク（遊園地、動物園、博物館など）
",0,0,0,0,0,1,0,0,0,0,0,0,0,0,0,0,0,0,"自家用車
",1,0,0,0,0,0,0,"自家用車
",0,0,0,0,どちらでもない,,"20,000円以上 30,000円未満","5,000円以上 10,000円未満","20,000円以上 30,000円未満",2～5回目,"インターネット・アプリ
",0,0,0,0,0,1,0,0,0,0,0,0,0,0,選択なし/該当施設なし,,選択なし/該当施設なし,"10,000円以上 20,000円未満",とても満足,,とても満足,子供がキッズパラダイスが大好きなので,感じなかった,,10,小学校低学年までの子ならすごく楽しめるのと、福井は子供が遊べる公園が多いので,,また行きたい（1年以内）,
121442,福井駅前 エリア,女,1971,55,50代,兵庫県,西宮市,100万円未満,mobile/android,2026-09-12 13:19:03,9月,まちの駅 こってコテいけだ エリア,47.まちの駅 こってコテいけだ エリア,池田町,丹南,（一財）いけだ農村観光公社,4泊以上,4泊以上,越前エリア（越前市・越前町・鯖江市・池田町・南越前町）,福井県外には宿泊しない,自分ひとり,"友人・親戚を尋ねる
",0,0,0,0,0,0,0,0,0,0,0,0,0,0,0,1,0,0,"その他
",1,0,0,0,0,0,0,"自家用車
",0,0,0,0,満足,,"20,000円以上 30,000円未満","5,000円以上 10,000円未満","20,000円以上 30,000円未満",2～5回目,"観光協会等の案内所
",0,0,0,0,0,0,0,0,0,0,0,1,0,0,選択なし/該当施設なし,,選択なし/該当施設なし,"1,000円以上 3,000円未満",満足,,満足,,感じなかった,,10,,,また行きたい（1年以内）,
207856,熊川宿 エリア,女,1968,58,50代,埼玉県,草加市,"1,000万円以上 1,200万円未満",mobile/android,2026-09-12 13:18:22,9月,熊川宿 エリア,81.熊川宿 エリア,若狭町,嶺南東部,三方五湖DMO(株),4泊以上,4泊以上,嶺南エリア（敦賀市・美浜町・若狭町・小浜市・おおい町・高浜町）,福井県外には宿泊しない,夫婦2人,"宿でのんびり過ごす
温泉や露天風呂
地元の美味しいものを食べる
名所、旧跡の観光
買い物、アウトレット
まちあるき、都市散策
友人・親戚を尋ねる
",1,1,1,0,1,0,1,0,0,0,1,0,0,0,0,1,0,0,"レンタカー
",0,1,0,0,0,0,0,"レンタカー
",0,0,0,0,満足,,"100,000円以上","20,000円以上 30,000円未満","30,000円以上 40,000円未満",初めて,"インターネット・アプリ
ブログ
宿泊施設
",0,0,0,0,0,1,0,0,0,1,0,0,0,1,選択なし/該当施設なし,,三方五湖,"3,000円以上 5,000円未満",満足,お値段が高いし、塩味が濃い。お店は清潔で静かで快適ではあったので満足ではあります。サバも身が厚くておいしかったです。,満足,,感じなかった,,5,熊川宿をもっと活気のある町にしたらよいのに。とても勿体ないなーとおもいました。貴重な建物や町並み、歴史、食べ物全てをもっと広めたらいいのに。,,機会があれば行きたい,御当地で食べられているものにとてもきょうみがあります。その背景や歴史などを知りながら食してみたいとおもっています。
207868,web,女,1948,78,70代,福井県,吉田郡,100万円以上 200万円未満,mobile/android,2026-09-12 13:15:57,9月,えちぜん鉄道 松岡駅 エリア,33.えちぜん鉄道 松岡駅 エリア,永平寺町,福井市・永平寺町,,日帰り,1泊,三国・あわらエリア（あわら市・坂井市）,石川県金沢市,友人,"宿でのんびり過ごす
",1,0,0,0,0,0,0,0,0,0,0,0,0,0,0,0,0,0,"在来線
",0,0,0,0,0,0,0,"路線バス
",0,1,0,0,満足,,"5,000円以上 10,000円未満","3,000円以上 5,000円未満","1,000円以上 3,000円未満",11回目以上,"観光連盟やDMOのHP
インターネット・アプリ
",0,0,0,0,1,1,0,0,0,0,0,0,0,0,選択なし/該当施設なし,大仏,越前大仏,"1,000円未満",満足,とても親切,どちらでもない,のくない,感じた,,7,,,また行きたい（1年以内）,
202749,web,女,1976,50,50代,福井県,福井市,300万円以上 400万円未満,mobile/iphone,2026-09-12 13:13:15,9月,今庄365アウトドアビレッジ エリア,101.今庄365アウトドアビレッジ エリア,南越前町,丹南,,日帰り,福井県内には宿泊しない,福井県内には宿泊しない,福井県外には宿泊しない,中学生以上連れの家族,"温泉や露天風呂
",0,1,0,0,0,0,0,0,0,0,0,0,0,0,0,0,0,0,"県外から訪れていない（福井県在住）
",1,0,0,0,0,0,1,"自家用車
",0,0,0,0,とても満足,,"1,000円未満","1,000円以上 3,000円未満","3,000円以上 5,000円未満",初めて,"友人・知人
",0,0,0,0,0,0,0,0,0,0,1,0,0,0,選択なし/該当施設なし,,選択なし/該当施設なし,"1,000円以上 3,000円未満",とても満足,,とても満足,,感じなかった,,8,,,福井県在住,
207822,小浜 エリア（宿泊施設）,男,1990,36,30代,大阪府,吹田市,100万円未満,mobile/iphone,2026-09-12 13:05:00,9月,レインボーライン エリア,77.レインボーライン エリア,美浜町,嶺南東部,三方五湖DMO(株),1泊,1泊,嶺南エリア（敦賀市・美浜町・若狭町・小浜市・おおい町・高浜町）,福井県外には宿泊しない,夫婦2人,"宿でのんびり過ごす
",1,0,0,0,0,0,0,0,0,0,0,0,0,0,0,0,0,Redbook,"自家用車
",1,0,0,0,0,0,0,"自家用車
",0,0,0,0,とても満足,親切にご対応してくれて、ありがとうございます,"10,000円以上 20,000円未満","1,000円以上 3,000円未満","10,000円以上 20,000円未満",初めて,"TV・ラジオ番組やCM
Facebook
その他
",0,0,1,0,0,0,0,0,1,0,0,0,0,0,阿納海水浴場(2021夏は開設しません),,福井県海浜自然センター,"10,000円以上 20,000円未満",とても満足,,とても満足,,感じなかった,,9,,,また行きたい（1年以内）,
103496,web,男,1967,59,50代,福井県,小浜市,分からない/無回答,mobile/android,2026-09-12 13:03:49,9月,一乗谷朝倉氏遺跡 エリア,06.一乗谷朝倉氏遺跡 エリア,福井市,福井市・永平寺町,,1泊,1泊,三国・あわらエリア（あわら市・坂井市）,福井県外には宿泊しない,夫婦2人,"温泉や露天風呂
",0,1,0,0,0,0,0,0,0,0,0,0,0,0,0,0,0,0,"自家用車
",1,0,0,0,0,0,0,"自家用車
",0,0,0,0,とても満足,,"40,000円以上 50,000円未満","10,000円以上 20,000円未満","10,000円以上 20,000円未満",2～5回目,"インターネット・アプリ
",0,0,0,0,0,1,0,0,0,0,0,0,0,0,選択なし/該当施設なし,,選択なし/該当施設なし,"3,000円以上 5,000円未満",とても満足,,とても満足,,感じなかった,,9,,,,
196539,JR敦賀駅前 エリア,男,1974,52,50代,大阪府,大阪市天王寺区,400万円以上 500万円未満,mobile/iphone,2026-09-12 13:02:40,9月,JR敦賀駅前 エリア,63.JR敦賀駅前 エリア,敦賀市,嶺南東部,,日帰り,福井県内には宿泊しない,福井県内には宿泊しない,福井県外には宿泊しない,自分ひとり,"お祭りやイベントへの参加・見物
",0,0,0,0,0,0,0,1,0,0,0,0,0,0,0,0,0,0,"在来線
",0,0,0,1,0,0,0,"在来線
",0,0,0,0,満足,,使わない,"5,000円以上 10,000円未満","3,000円以上 5,000円未満",6～10回目,"インターネット・アプリ
",0,0,0,0,0,1,0,0,0,0,0,0,0,0,人道の港 敦賀ムゼウム,,福井県年縞博物館,"1,000円未満",満足,,満足,,感じなかった,,8,,,機会があれば行きたい,
207865,熊川宿 エリア,男,1998,28,20代,静岡県,静岡市駿河区,600万円以上 700万円未満,mobile/android,2026-09-12 12:59:47,9月,熊川宿 エリア,81.熊川宿 エリア,若狭町,嶺南東部,三方五湖DMO(株),1泊,福井県内には宿泊しない,福井県内には宿泊しない,福井県外には宿泊しない,自分ひとり,"名所、旧跡の観光
",0,0,0,0,1,0,0,0,0,0,0,0,0,0,0,0,0,0,"レンタカー
",0,1,0,0,0,0,0,"レンタカー
",0,0,0,0,満足,,使わない,"20,000円以上 30,000円未満","1,000円未満",初めて,"インターネット・アプリ
",0,0,0,0,0,1,0,0,0,0,0,0,0,0,選択なし/該当施設なし,,選択なし/該当施設なし,"1,000円未満",満足,,満足,,感じなかった,,9,,,また行きたい（1年以内）,
207864,web,男,1991,35,30代,愛知県,稲沢市,500万円以上 600万円未満,mobile/iphone,2026-09-12 12:57:31,9月,道の駅「越前おおの荒島の郷」 エリア,22.道の駅「越前おおの荒島の郷」 エリア,大野市,勝山市・大野市,,1泊,1泊,福井エリア（福井市・永平寺町）,福井県外には宿泊しない,小学生以下連れの家族,"宿でのんびり過ごす
温泉や露天風呂
地元の美味しいものを食べる
",1,1,1,0,0,0,0,0,0,0,0,0,0,0,0,0,0,0,"自家用車
",1,0,0,0,0,0,0,"自家用車
",0,0,0,0,とても満足,,"10,000円以上 20,000円未満","1,000円以上 3,000円未満","10,000円以上 20,000円未満",初めて,"Twitter
",0,0,0,0,0,0,1,0,0,0,0,0,0,0,越前大野城,,選択なし/該当施設なし,"1,000円以上 3,000円未満",とても満足,,とても満足,,感じなかった,,8,,,また行きたい（1年以内）,
207792,web,女,1968,58,50代,神奈川県,横浜市鶴見区,500万円以上 600万円未満,mobile/android,2026-09-12 12:57:20,9月,丸岡城 エリア,13.丸岡城 エリア,坂井市,あわら市・坂井市,(一社)DMOさかい観光局,3泊,1泊,福井エリア（福井市・永平寺町）,石川県金沢市,夫婦2人,"まちあるき、都市散策
",0,0,0,0,0,0,0,0,0,0,1,0,0,0,0,0,0,0,"飛行機
",0,1,0,0,1,0,0,"レンタカー
",0,0,0,0,満足,,"10,000円以上 20,000円未満",使わない,"10,000円以上 20,000円未満",初めて,"インターネット・アプリ
",0,0,0,0,0,1,0,0,0,0,0,0,0,0,養浩館庭園,金沢市,選択なし/該当施設なし,使わない,どちらでもない,丸岡城工事で見学できなかった,どちらでもない,,感じなかった,,5,,,機会があれば行きたい,このQR取得をするにあたり、施設一覧にあるところでポスター掲示がない場所が何ヵ所かあって時間がかかった　徹底されてないと感じた
207807,web,男,1966,60,60代,神奈川県,横浜市鶴見区,分からない/無回答,mobile/android,2026-09-12 12:56:34,9月,丸岡城 エリア,13.丸岡城 エリア,坂井市,あわら市・坂井市,(一社)DMOさかい観光局,3泊,1泊,福井エリア（福井市・永平寺町）,石川県金沢市,夫婦2人,"まちあるき、都市散策
",0,0,0,0,0,0,0,0,0,0,1,0,0,0,0,0,0,0,"レンタカー
",0,1,0,0,0,0,0,"レンタカー
",0,0,0,0,どちらでもない,丸岡城が改修工事中だったから。,"5,000円以上 10,000円未満","10,000円以上 20,000円未満","5,000円以上 10,000円未満",初めて,"インターネット・アプリ
",0,0,0,0,0,1,0,0,0,0,0,0,0,0,福井県立恐竜博物館,,国分寺 (小浜市),"5,000円以上 10,000円未満",満足,,満足,,感じた,,9,,,また行きたい（1年以内）,もう少し美味しい食べ物などをアピールしてほしい。
129702,日本海さかな街 エリア,男,1972,54,50代,大阪府,大阪市港区,"1,000万円以上 1,200万円未満",mobile/iphone,2026-09-12 12:51:02,9月,うみんぴあ大飯 エリア,84.うみんぴあ大飯 エリア,おおい町,嶺南西部,,1泊,1泊,嶺南エリア（敦賀市・美浜町・若狭町・小浜市・おおい町・高浜町）,福井県外には宿泊しない,夫婦2人,"地元の美味しいものを食べる
",0,0,1,0,0,0,0,0,0,0,0,0,0,0,0,0,0,0,"自家用車
",1,0,0,0,0,0,0,"自家用車
",0,0,0,0,,,"20,000円以上 30,000円未満","5,000円以上 10,000円未満","10,000円以上 20,000円未満",初めて,"インターネット・アプリ
",0,0,0,0,0,1,0,0,0,0,0,0,0,0,選択なし/該当施設なし,,選択なし/該当施設なし,"1,000円以上 3,000円未満",とても満足,,とても満足,,感じなかった,,9,,,,
111187,JR敦賀駅前 エリア,女,1967,59,50代,福井県,小浜市,"1,000万円以上 1,200万円未満",mobile/iphone,2026-09-12 12:47:40,9月,道の駅みくに ふれあいパーク三里浜 エリア,15.道の駅みくに ふれあいパーク三里浜 エリア,坂井市,あわら市・坂井市,(一社)DMOさかい観光局,日帰り,福井県内には宿泊しない,福井県内には宿泊しない,福井県外には宿泊しない,夫婦2人,"ドライブ・ツーリング
",0,0,0,0,0,0,0,0,0,0,0,0,0,0,1,0,0,0,"自家用車
",1,0,0,0,0,0,0,"自家用車
",0,0,0,0,満足,,"3,000円以上 5,000円未満","3,000円以上 5,000円未満","3,000円以上 5,000円未満",11回目以上,"観光展・物産展
",1,0,0,0,0,0,0,0,0,0,0,0,0,0,選択なし/該当施設なし,,選択なし/該当施設なし,"3,000円以上 5,000円未満",満足,,満足,,感じなかった,,9,,,また行きたい（1年以内）,
152318,道の駅「南えちぜん山海里」 エリア,男,1971,55,50代,大阪府,富田林市,分からない/無回答,mobile/android,2026-09-12 12:47:38,9月,福井駅前 エリア,01.福井駅前 エリア,福井市,福井市・永平寺町,,1泊,1泊,越前エリア（越前市・越前町・鯖江市・池田町・南越前町）,福井県外には宿泊しない,夫婦2人,"ドライブ・ツーリング
",0,0,0,0,0,0,0,0,0,0,0,0,0,0,1,0,0,0,"自家用車
",1,0,0,0,0,0,0,"自家用車
",0,0,0,0,,,"10,000円以上 20,000円未満","1,000円以上 3,000円未満","10,000円以上 20,000円未満",6～10回目,"インターネット・アプリ
",0,0,0,0,0,1,0,0,0,0,0,0,0,0,道の駅「南えちぜん山海里」,,西山動物園,"5,000円以上 10,000円未満",とても満足,,とても満足,,感じた,駐車場が高い,9,,,また行きたい（1年以内）,
111198,JR敦賀駅前 エリア,男,1966,60,60代,福井県,小浜市,"1,000万円以上 1,200万円未満",mobile/iphone,2026-09-12 12:47:07,9月,道の駅みくに ふれあいパーク三里浜 エリア,15.道の駅みくに ふれあいパーク三里浜 エリア,坂井市,あわら市・坂井市,(一社)DMOさかい観光局,日帰り,福井県内には宿泊しない,福井県内には宿泊しない,福井県外には宿泊しない,夫婦2人,"地元の美味しいものを食べる
",0,0,1,0,0,0,0,0,0,0,0,0,0,0,0,0,0,0,"自家用車
",1,0,0,0,0,0,0,"自家用車
",0,0,0,0,,,"3,000円以上 5,000円未満","5,000円以上 10,000円未満","5,000円以上 10,000円未満",11回目以上,"観光パンフレット・ポスター
",0,0,0,1,0,0,0,0,0,0,0,0,0,0,選択なし/該当施設なし,,選択なし/該当施設なし,"3,000円以上 5,000円未満",満足,,満足,,感じなかった,,9,,,,
103495,web,女,1969,57,50代,三重県,三重郡,分からない/無回答,mobile/android,2026-09-12 12:29:17,9月,かにファクトリー 甲羅組 エリア,102.かにファクトリー 甲羅組 エリア,敦賀市,嶺南東部,,日帰り,福井県内には宿泊しない,福井県内には宿泊しない,福井県外には宿泊しない,その他家族,"地元の美味しいものを食べる
",0,0,1,0,0,0,0,0,0,0,0,0,0,0,0,0,0,0,"自家用車
",1,0,0,0,0,0,0,"自家用車
",0,0,0,0,満足,,"10,000円以上 20,000円未満","1,000円以上 3,000円未満","10,000円以上 20,000円未満",初めて,"観光展・物産展
新聞・雑誌・ガイドブック
TV・ラジオ番組やCM
観光パンフレット・ポスター
",1,1,1,1,0,0,0,0,0,0,0,0,0,0,一乗谷朝倉氏遺跡,,岡太神社・大瀧神社,"5,000円以上 10,000円未満",満足,,満足,,感じなかった,,10,,,また行きたい（1年以内）,
207857,かつやま恐竜の森 エリア,女,2006,20,20代,福井県,小浜市,500万円以上 600万円未満,mobile/iphone,2026-09-12 12:17:53,9月,かつやま恐竜の森 エリア,25.かつやま恐竜の森 エリア,勝山市,勝山市・大野市,勝山市観光まちづくり(株),日帰り,4泊以上,嶺南エリア（敦賀市・美浜町・若狭町・小浜市・おおい町・高浜町）,その他,その他家族,"地元の美味しいものを食べる
名所、旧跡の観光
買い物、アウトレット
まちあるき、都市散策
ドライブ・ツーリング
",0,0,1,0,1,0,1,0,0,0,1,0,0,0,1,0,0,0,"自家用車
",1,0,0,0,0,0,0,"自家用車
",0,0,0,0,満足,,"30,000円以上 40,000円未満","10,000円以上 20,000円未満","20,000円以上 30,000円未満",初めて,"観光展・物産展
インターネット・アプリ
",1,0,0,0,0,1,0,0,0,0,0,0,0,0,選択なし/該当施設なし,,選択なし/該当施設なし,"20,000円以上 30,000円未満",満足,,とても満足,,感じなかった,,10,,,また行きたい（1年以内）,
207858,かつやま恐竜の森 エリア,男,2003,23,20代,福井県,小浜市,500万円以上 600万円未満,mobile/iphone,2026-09-12 12:17:38,9月,かつやま恐竜の森 エリア,25.かつやま恐竜の森 エリア,勝山市,勝山市・大野市,勝山市観光まちづくり(株),日帰り,福井県内には宿泊しない,福井県内には宿泊しない,福井県外には宿泊しない,その他家族,"テーマパーク（遊園地、動物園、博物館など）
",0,0,0,0,0,1,0,0,0,0,0,0,0,0,0,0,0,0,"自家用車
",1,0,0,0,0,0,0,"自家用車
",0,0,0,0,,,使わない,使わない,使わない,初めて,"観光展・物産展
",1,0,0,0,0,0,0,0,0,0,0,0,0,0,氣比神宮,,選択なし/該当施設なし,使わない,とても満足,,とても満足,,感じた,,10,,,,
206584,道の駅「越前おおの荒島の郷」 エリア,女,1948,78,70代,福井県,福井市,100万円以上 200万円未満,mobile/android,2026-09-12 12:15:15,9月,JR九頭竜湖駅 エリア,23.JR九頭竜湖駅 エリア,大野市,勝山市・大野市,,日帰り,福井県内には宿泊しない,福井県内には宿泊しない,福井県外には宿泊しない,その他家族,"宿でのんびり過ごす
温泉や露天風呂
地元の美味しいものを食べる
",1,1,1,0,0,0,0,0,0,0,0,0,0,0,0,0,0,0,"自家用車
在来線
",1,0,0,1,0,0,0,"自家用車
在来線
",0,0,0,0,,,"10,000円以上 20,000円未満",使わない,"20,000円以上 30,000円未満",6～10回目,"観光展・物産展
新聞・雑誌・ガイドブック
観光パンフレット・ポスター
観光協会等の案内所
",1,1,0,1,0,0,0,0,0,0,0,1,0,0,一乗谷朝倉氏遺跡,,選択なし/該当施設なし,"3,000円以上 5,000円未満",とても満足,手作りご飯と昇龍舞茸,満足,親切な対応　平成の湯、荒島道の駅、九頭竜道の駅,感じなかった,,10,,,福井県在住,
207818,web,男,1997,29,20代,愛知県,名古屋市守山区,500万円以上 600万円未満,mobile/iphone,2026-09-12 12:08:49,9月,越前海岸 北部 エリア,07.越前海岸 北部 エリア,福井市,福井市・永平寺町,,2泊,2泊,越前エリア（越前市・越前町・鯖江市・池田町・南越前町）,福井県外には宿泊しない,親,"まちあるき、都市散策
",0,0,0,0,0,0,0,0,0,0,1,0,0,0,0,0,0,0,"自家用車
",1,0,0,0,0,0,0,"自家用車
",0,0,0,0,とても満足,,"10,000円以上 20,000円未満","3,000円以上 5,000円未満","10,000円以上 20,000円未満",初めて,"Instagram
",0,0,0,0,0,0,0,1,0,0,0,0,0,0,選択なし/該当施設なし,,選択なし/該当施設なし,"1,000円未満",とても満足,,とても満足,,感じなかった,,7,,,また行きたい（1年以内）,
151406,web,女,1973,53,50代,福井県,坂井市,600万円以上 700万円未満,mobile/iphone,2026-09-12 12:03:59,9月,JR九頭竜湖駅 エリア,23.JR九頭竜湖駅 エリア,大野市,勝山市・大野市,,日帰り,福井県内には宿泊しない,福井県内には宿泊しない,福井県外には宿泊しない,親,"温泉や露天風呂
地元の美味しいものを食べる
",0,1,1,0,0,0,0,0,0,0,0,0,0,0,0,0,0,0,"自家用車
",1,0,0,0,0,0,0,"自家用車
",0,0,0,0,とても満足,,使わない,"1,000円以上 3,000円未満","3,000円以上 5,000円未満",11回目以上,"インターネット・アプリ
Instagram
",0,0,0,0,0,1,0,1,0,0,0,0,0,0,選択なし/該当施設なし,九頭竜ダム,選択なし/該当施設なし,"3,000円以上 5,000円未満",とても満足,,とても満足,,感じなかった,,9,水が綺麗なので、食べ物が美味しい。舞茸とか特産品もおすすめ。,,福井県在住,
164244,web,男,1990,36,30代,滋賀県,彦根市,500万円以上 600万円未満,mobile/android,2026-09-12 11:51:42,9月,かにファクトリー 甲羅組 エリア,102.かにファクトリー 甲羅組 エリア,敦賀市,嶺南東部,,1泊,1泊,嶺南エリア（敦賀市・美浜町・若狭町・小浜市・おおい町・高浜町）,福井県外には宿泊しない,小学生以下連れの家族,"宿でのんびり過ごす
温泉や露天風呂
地元の美味しいものを食べる
テーマパーク（遊園地、動物園、博物館など）
買い物、アウトレット
アウトドア（海水浴、釣り、登山など）
",1,1,1,0,0,1,1,0,0,1,0,0,0,0,0,0,0,0,"自家用車
",1,0,0,0,0,0,0,"自家用車
",0,0,0,0,どちらでもない,,"30,000円以上 40,000円未満","5,000円以上 10,000円未満","20,000円以上 30,000円未満",初めて,"Instagram
",0,0,0,0,0,0,0,1,0,0,0,0,0,0,日本海さかな街,,敦賀赤レンガ倉庫,"5,000円以上 10,000円未満",とても満足,,とても満足,,感じなかった,,8,,,また行きたい（1年以内）,
207798,福井駅前 エリア（宿泊施設）,女,1968,58,50代,大阪府,堺市堺区,700万円以上 800万円未満,mobile/iphone,2026-09-12 11:42:01,9月,大本山 永平寺 エリア,34.大本山 永平寺 エリア,永平寺町,福井市・永平寺町,,1泊,1泊,福井エリア（福井市・永平寺町）,その他,中学生以上連れの家族,"名所、旧跡の観光
",0,0,0,0,1,0,0,0,0,0,0,0,0,0,0,0,0,0,"新幹線
",0,0,1,0,0,0,0,"路線バス
",0,1,0,0,とても満足,,"5,000円以上 10,000円未満","10,000円以上 20,000円未満","5,000円以上 10,000円未満",初めて,"観光パンフレット・ポスター
",0,0,0,1,0,0,0,0,0,0,0,0,0,0,東尋坊,,一乗谷朝倉氏遺跡,"3,000円以上 5,000円未満",満足,永平寺の荘厳さがとてもよかった,満足,ゆっくりすることができた,感じなかった,,10,苔の美しさ,餅と羽二重餅と胡麻豆腐,また行きたい（1年以内）,イベントが多いと楽しく感じるので、イベントを増やして欲しい
207797,web,女,1999,27,20代,大阪府,堺市堺区,300万円以上 400万円未満,mobile/iphone,2026-09-12 11:35:20,9月,大本山 永平寺 エリア,34.大本山 永平寺 エリア,永平寺町,福井市・永平寺町,,1泊,1泊,福井エリア（福井市・永平寺町）,福井県外には宿泊しない,親,"地元の美味しいものを食べる
",0,0,1,0,0,0,0,0,0,0,0,0,0,0,0,0,0,0,"在来線
",0,0,0,0,0,0,0,"路線バス
",0,1,0,0,満足,,"10,000円以上 20,000円未満","10,000円以上 20,000円未満","10,000円以上 20,000円未満",初めて,"TV・ラジオ番組やCM
",0,0,1,0,0,0,0,0,0,0,0,0,0,0,東尋坊,,一乗谷朝倉氏遺跡,"1,000円以上 3,000円未満",とても満足,,とても満足,,感じなかった,,9,,,機会があれば行きたい,
127298,日本海さかな街 エリア,無回答,1978,48,40代,大阪府,大阪市港区,600万円以上 700万円未満,mobile/iphone,2026-09-12 11:33:30,9月,若狭高浜 エリア,90.若狭高浜 エリア,高浜町,嶺南西部,,1泊,1泊,嶺南エリア（敦賀市・美浜町・若狭町・小浜市・おおい町・高浜町）,福井県外には宿泊しない,夫婦2人,"地元の美味しいものを食べる
",0,0,1,0,0,0,0,0,0,0,0,0,0,0,0,0,0,0,"自家用車
",1,0,0,0,0,0,0,"自家用車
",0,0,0,0,,,"5,000円以上 10,000円未満","5,000円以上 10,000円未満","10,000円以上 20,000円未満",2～5回目,"友人・知人
",0,0,0,0,0,0,0,0,0,0,1,0,0,0,選択なし/該当施設なし,,選択なし/該当施設なし,"5,000円以上 10,000円未満",どちらでもない,,どちらでもない,,感じなかった,,7,,,機会があれば行きたい,
121442,福井駅前 エリア,女,1971,55,50代,兵庫県,西宮市,100万円未満,mobile/android,2026-09-12 11:33:15,9月,越前和紙の里 エリア,36.越前和紙の里 エリア,越前市,丹南,,4泊以上,4泊以上,越前エリア（越前市・越前町・鯖江市・池田町・南越前町）,福井県外には宿泊しない,自分ひとり,"友人・親戚を尋ねる
",0,0,0,0,0,0,0,0,0,0,0,0,0,0,0,1,0,0,"その他
",1,0,0,0,0,0,0,"自家用車
",0,0,0,0,,,"20,000円以上 30,000円未満","5,000円以上 10,000円未満","20,000円以上 30,000円未満",11回目以上,"観光協会等の案内所
",0,0,0,0,0,0,0,0,0,0,0,1,0,0,選択なし/該当施設なし,,選択なし/該当施設なし,"3,000円以上 5,000円未満",満足,,満足,,感じた,,10,,,また行きたい（1年以内）,
129702,日本海さかな街 エリア,男,1972,54,50代,大阪府,大阪市港区,"1,000万円以上 1,200万円未満",mobile/iphone,2026-09-12 11:30:24,9月,若狭高浜 エリア,90.若狭高浜 エリア,高浜町,嶺南西部,,1泊,1泊,嶺南エリア（敦賀市・美浜町・若狭町・小浜市・おおい町・高浜町）,福井県外には宿泊しない,夫婦2人,"地元の美味しいものを食べる
",0,0,1,0,0,0,0,0,0,0,0,0,0,0,0,0,0,0,"自家用車
",1,0,0,0,0,0,0,"自家用車
",0,0,0,0,満足,,"20,000円以上 30,000円未満","5,000円以上 10,000円未満","10,000円以上 20,000円未満",2～5回目,"インターネット・アプリ
",0,0,0,0,0,1,0,0,0,0,0,0,0,0,選択なし/該当施設なし,,選択なし/該当施設なし,"3,000円以上 5,000円未満",満足,,満足,,感じなかった,,7,,,,
207854,かにファクトリー 甲羅組 エリア,女,1971,55,50代,滋賀県,長浜市,700万円以上 800万円未満,mobile/iphone,2026-09-12 11:29:52,9月,かにファクトリー 甲羅組 エリア,102.かにファクトリー 甲羅組 エリア,敦賀市,嶺南東部,,日帰り,福井県内には宿泊しない,福井県内には宿泊しない,福井県外には宿泊しない,その他家族,"地元の美味しいものを食べる
まちあるき、都市散策
",0,0,1,0,0,0,0,0,0,0,1,0,0,0,0,0,0,0,"自家用車
",1,0,0,0,0,0,0,"自家用車
",0,0,0,0,,,使わない,"3,000円以上 5,000円未満","10,000円以上 20,000円未満",初めて,"インターネット・アプリ
Instagram
",0,0,0,0,0,1,0,1,0,0,0,0,0,0,気比の松原,,選択なし/該当施設なし,"3,000円以上 5,000円未満",満足,,満足,,感じなかった,,9,子どもがとても喜びそう,,また行きたい（1年以内）,
196539,JR敦賀駅前 エリア,男,1974,52,50代,大阪府,大阪市天王寺区,400万円以上 500万円未満,mobile/iphone,2026-09-12 11:20:55,9月,かにファクトリー 甲羅組 エリア,102.かにファクトリー 甲羅組 エリア,敦賀市,嶺南東部,,日帰り,福井県内には宿泊しない,福井県内には宿泊しない,福井県外には宿泊しない,自分ひとり,"テーマパーク（遊園地、動物園、博物館など）
お祭りやイベントへの参加・見物
",0,0,0,0,0,1,0,1,0,0,0,0,0,0,0,0,0,0,"在来線
",0,0,0,0,0,0,0,"レンタサイクル
",0,0,0,1,不満,敦賀から到着するまでの歩道が雑草だらけでまともに通れなくなっていました&hellip;,使わない,"5,000円以上 10,000円未満","3,000円以上 5,000円未満",初めて,"インターネット・アプリ
",0,0,0,0,0,1,0,0,0,0,0,0,0,0,選択なし/該当施設なし,,福井県年縞博物館,"1,000円以上 3,000円未満",満足,カニを目当てにして来たらカニを堪能できた,満足,,感じなかった,,7,,,機会があれば行きたい,福井は食べ物が美味しいのが良いです
134752,赤礁崎オートキャンプ場 エリア,女,1963,63,60代,京都府,向日市,600万円以上 700万円未満,mobile/iphone,2026-09-12 11:16:18,9月,JR美浜駅 エリア,79.JR美浜駅 エリア,美浜町,嶺南東部,三方五湖DMO(株),日帰り,福井県内には宿泊しない,福井県内には宿泊しない,福井県外には宿泊しない,夫婦2人,"名所、旧跡の観光
",0,0,0,0,1,0,0,0,0,0,0,0,0,0,0,0,0,0,"自家用車
",1,0,0,0,0,0,0,"自家用車
",0,0,0,0,とても満足,,"10,000円以上 20,000円未満","3,000円以上 5,000円未満","10,000円以上 20,000円未満",6～10回目,"インターネット・アプリ
",0,0,0,0,0,1,0,0,0,0,0,0,0,0,選択なし/該当施設なし,,越前大仏,"10,000円以上 20,000円未満",とても満足,,とても満足,,感じなかった,,8,,,また行きたい（1年以内）,
207849,web,男,1996,30,30代,愛知県,春日井市,"1,200万円以上 1,500万円未満",mobile/iphone,2026-09-12 11:13:10,9月,かつやま恐竜の森 エリア,25.かつやま恐竜の森 エリア,勝山市,勝山市・大野市,勝山市観光まちづくり(株),日帰り,福井県内には宿泊しない,福井県内には宿泊しない,福井県外には宿泊しない,友人,"地元の美味しいものを食べる
名所、旧跡の観光
テーマパーク（遊園地、動物園、博物館など）
",0,0,1,0,1,1,0,0,0,0,0,0,0,0,0,0,0,0,"自家用車
",1,0,0,0,0,0,0,"自家用車
",0,0,0,0,,,"5,000円以上 10,000円未満","3,000円以上 5,000円未満","5,000円以上 10,000円未満",初めて,"インターネット・アプリ
",0,0,0,0,0,1,0,0,0,0,0,0,0,0,選択なし/該当施設なし,,選択なし/該当施設なし,"3,000円以上 5,000円未満",満足,,満足,,感じなかった,,8,,,機会があれば行きたい,
207851,かつやま恐竜の森 エリア,女,1998,28,20代,愛知県,名古屋市緑区,800万円以上 900万円未満,mobile/iphone,2026-09-12 11:13:02,9月,かつやま恐竜の森 エリア,25.かつやま恐竜の森 エリア,勝山市,勝山市・大野市,勝山市観光まちづくり(株),日帰り,福井県内には宿泊しない,福井県内には宿泊しない,福井県外には宿泊しない,その他家族,"テーマパーク（遊園地、動物園、博物館など）
",0,0,0,0,0,1,0,0,0,0,0,0,0,0,0,0,0,0,"自家用車
",1,0,0,0,0,0,0,"自家用車
",0,0,0,0,満足,,使わない,使わない,使わない,初めて,"友人・知人
",0,0,0,0,0,0,0,0,0,0,1,0,0,0,選択なし/該当施設なし,,選択なし/該当施設なし,"1,000円以上 3,000円未満",満足,,満足,,感じなかった,,10,,,,
207848,かつやま恐竜の森 エリア,女,1996,30,30代,愛知県,春日井市,"1,000万円以上 1,200万円未満",mobile/iphone,2026-09-12 11:11:50,9月,かつやま恐竜の森 エリア,25.かつやま恐竜の森 エリア,勝山市,勝山市・大野市,勝山市観光まちづくり(株),日帰り,福井県内には宿泊しない,福井県内には宿泊しない,福井県外には宿泊しない,その他家族,"地元の美味しいものを食べる
テーマパーク（遊園地、動物園、博物館など）
",0,0,1,0,0,1,0,0,0,0,0,0,0,0,0,0,0,0,"自家用車
",1,0,0,0,0,0,0,"自家用車
",0,0,0,0,,,使わない,"3,000円以上 5,000円未満","3,000円以上 5,000円未満",初めて,"友人・知人
",0,0,0,0,0,0,0,0,0,0,1,0,0,0,道の駅「九頭竜・和泉ふれあい会館」,,選択なし/該当施設なし,"3,000円以上 5,000円未満",とても満足,,とても満足,,感じなかった,,10,,,,
207847,かつやま恐竜の森 エリア,男,1994,32,30代,愛知県,名古屋市緑区,"1,500万円以上",mobile/iphone,2026-09-12 11:09:37,9月,かつやま恐竜の森 エリア,25.かつやま恐竜の森 エリア,勝山市,勝山市・大野市,勝山市観光まちづくり(株),日帰り,福井県内には宿泊しない,福井県内には宿泊しない,福井県外には宿泊しない,小学生以下連れの家族,"テーマパーク（遊園地、動物園、博物館など）
",0,0,0,0,0,1,0,0,0,0,0,0,0,0,0,0,0,0,"自家用車
",1,0,0,0,0,0,0,"自家用車
",0,0,0,0,,,"3,000円以上 5,000円未満","1,000円以上 3,000円未満","1,000円以上 3,000円未満",2～5回目,"友人・知人
",0,0,0,0,0,0,0,0,0,0,1,0,0,0,選択なし/該当施設なし,,選択なし/該当施設なし,"1,000円以上 3,000円未満",とても満足,,とても満足,,感じた,トイレが汚い。,9,,,,
147073,web,男,1972,54,50代,福井県,福井市,500万円以上 600万円未満,mobile/iphone,2026-09-12 11:01:50,9月,うるしの里 エリア,46.うるしの里 エリア,鯖江市,丹南,,日帰り,福井県内には宿泊しない,福井県内には宿泊しない,福井県外には宿泊しない,自分ひとり,"ドライブ・ツーリング
",0,0,0,0,0,0,0,0,0,0,0,0,0,0,1,0,0,0,"自家用車
",1,0,0,0,0,0,0,"自家用車
",0,0,0,0,どちらでもない,,"1,000円未満","1,000円以上 3,000円未満","1,000円以上 3,000円未満",2～5回目,"観光展・物産展
観光パンフレット・ポスター
インターネット・アプリ
Twitter
Facebook
",1,0,0,1,0,1,1,0,1,0,0,0,0,0,選択なし/該当施設なし,,選択なし/該当施設なし,"1,000円未満",満足,,満足,,感じなかった,,9,,,機会があれば行きたい,
196517,web,女,1988,38,30代,福井県,敦賀市,分からない/無回答,mobile/android,2026-09-12 11:00:35,9月,かにファクトリー 甲羅組 エリア,102.かにファクトリー 甲羅組 エリア,敦賀市,嶺南東部,,日帰り,福井県内には宿泊しない,福井県内には宿泊しない,福井県外には宿泊しない,小学生以下連れの家族,"テーマパーク（遊園地、動物園、博物館など）
",0,0,0,0,0,1,0,0,0,0,0,0,0,0,0,0,0,0,"県外から訪れていない（福井県在住）
",1,0,0,0,0,0,1,"自家用車
",0,0,0,0,,,使わない,"1,000円未満","1,000円未満",2～5回目,"インターネット・アプリ
",0,0,0,0,0,1,0,0,0,0,0,0,0,0,選択なし/該当施設なし,,選択なし/該当施設なし,"1,000円未満",とても満足,,とても満足,,感じなかった,,10,,,,
207846,JR九頭竜湖駅 エリア,女,1990,36,30代,岐阜県,関市,600万円以上 700万円未満,mobile/android,2026-09-12 10:59:45,9月,JR九頭竜湖駅 エリア,23.JR九頭竜湖駅 エリア,大野市,勝山市・大野市,,1泊,福井県内には宿泊しない,福井県内には宿泊しない,石川県加賀市,小学生以下連れの家族,"宿でのんびり過ごす
地元の美味しいものを食べる
",1,0,1,0,0,0,0,0,0,0,0,0,0,0,0,0,0,0,"自家用車
",1,0,0,0,0,0,0,"自家用車
",0,0,0,0,,,"3,000円以上 5,000円未満",使わない,"1,000円以上 3,000円未満",初めて,"友人・知人
",0,0,0,0,0,0,0,0,0,0,1,0,0,0,選択なし/該当施設なし,,選択なし/該当施設なし,使わない,とても満足,,とても満足,,感じなかった,,5,,,また行きたい（1年以内）,
134752,赤礁崎オートキャンプ場 エリア,女,1963,63,60代,京都府,向日市,600万円以上 700万円未満,mobile/iphone,2026-09-12 10:49:03,9月,湖上館パムコ（水月湖）エリア,82.湖上館パムコ（水月湖） エリア,若狭町,嶺南東部,三方五湖DMO(株),日帰り,福井県内には宿泊しない,福井県内には宿泊しない,福井県外には宿泊しない,夫婦2人,"地元の美味しいものを食べる
名所、旧跡の観光
",0,0,1,0,1,0,0,0,0,0,0,0,0,0,0,0,0,0,"自家用車
",1,0,0,0,0,0,0,"自家用車
",0,0,0,0,とても満足,,"10,000円以上 20,000円未満","3,000円以上 5,000円未満","10,000円以上 20,000円未満",6～10回目,"インターネット・アプリ
",0,0,0,0,0,1,0,0,0,0,0,0,0,0,越前大仏,,福井県立恐竜博物館,"5,000円以上 10,000円未満",とても満足,とても美味しいイカ丼,とても満足,,感じなかった,,8,,,また行きたい（1年以内）,
207807,web,男,1966,60,60代,神奈川県,横浜市鶴見区,分からない/無回答,mobile/android,2026-09-12 10:30:21,9月,ふくい鮮いちば エリア,05.ふくい鮮いちば エリア,福井市,福井市・永平寺町,,3泊,1泊,福井エリア（福井市・永平寺町）,石川県金沢市,夫婦2人,"まちあるき、都市散策
",0,0,0,0,0,0,0,0,0,0,1,0,0,0,0,0,0,0,"レンタカー
",0,1,0,0,0,0,0,"レンタカー
",0,0,0,0,満足,"とても美味しかった。

","5,000円以上 10,000円未満","10,000円以上 20,000円未満","5,000円以上 10,000円未満",初めて,"インターネット・アプリ
",0,0,0,0,0,1,0,0,0,0,0,0,0,0,越前大野城,,道の駅「九頭竜・和泉ふれあい会館」,"1,000円以上 3,000円未満",とても満足,,とても満足,,感じなかった,,10,,,また行きたい（1年以内）,
207792,web,女,1968,58,50代,神奈川県,横浜市鶴見区,500万円以上 600万円未満,mobile/android,2026-09-12 10:29:52,9月,ふくい鮮いちば エリア,05.ふくい鮮いちば エリア,福井市,福井市・永平寺町,,3泊,1泊,福井エリア（福井市・永平寺町）,石川県金沢市,夫婦2人,"まちあるき、都市散策
",0,0,0,0,0,0,0,0,0,0,1,0,0,0,0,0,0,0,"飛行機
",0,1,0,0,1,0,0,"レンタカー
",0,0,0,0,,,"10,000円以上 20,000円未満",使わない,"10,000円以上 20,000円未満",初めて,"インターネット・アプリ
",0,0,0,0,0,1,0,0,0,0,0,0,0,0,養浩館庭園,,選択なし/該当施設なし,"3,000円以上 5,000円未満",どちらでもない,,どちらでもない,,感じなかった,,6,,,機会があれば行きたい,
207837,道の駅「南えちぜん山海里」 エリア,男,1975,51,50代,福井県,鯖江市,"1,000万円以上 1,200万円未満",mobile/android,2026-09-12 10:17:32,9月,道の駅「南えちぜん山海里」 エリア,58.道の駅「南えちぜん山海里」 エリア,南越前町,丹南,,日帰り,1泊,三国・あわらエリア（あわら市・坂井市）,福井県外には宿泊しない,夫婦2人,"宿でのんびり過ごす
",1,0,0,0,0,0,0,0,0,0,0,0,0,0,0,0,0,0,"県外から訪れていない（福井県在住）
",1,0,0,0,0,0,1,"自家用車
",0,0,0,0,,,"20,000円以上 30,000円未満","3,000円以上 5,000円未満","3,000円以上 5,000円未満",2～5回目,"新聞・雑誌・ガイドブック
",0,1,0,0,0,0,0,0,0,0,0,0,0,0,越前和紙の里,,劔神社,"3,000円以上 5,000円未満",満足,,満足,,感じなかった,,7,,,機会があれば行きたい,
200176,道の駅「越前」 エリア,男,1978,48,40代,福井県,福井市,200万円以上 300万円未満,mobile/android,2026-09-12 09:54:28,9月,福井駅前 エリア,01.福井駅前 エリア,福井市,福井市・永平寺町,,日帰り,福井県内には宿泊しない,福井県内には宿泊しない,福井県外には宿泊しない,夫婦2人,"地元の美味しいものを食べる
",0,0,1,0,0,0,0,0,0,0,0,0,0,0,0,0,0,0,"県外から訪れていない（福井県在住）
",0,0,0,0,0,0,1,"その他
",0,0,0,0,満足,,"5,000円以上 10,000円未満","5,000円以上 10,000円未満","5,000円以上 10,000円未満",11回目以上,"観光展・物産展
",1,0,0,0,0,0,0,0,0,0,0,0,0,0,越前がにミュージアム,,選択なし/該当施設なし,"1,000円以上 3,000円未満",満足,,満足,わかりやすい場所にあった,感じなかった,,8,,,福井県在住,
207841,メガネストリート エリア,男,1963,63,60代,岐阜県,瑞穂市,400万円以上 500万円未満,mobile/iphone,2026-09-12 09:38:08,9月,メガネストリート エリア,45.メガネストリート エリア,鯖江市,丹南,,日帰り,福井県内には宿泊しない,福井県内には宿泊しない,福井県外には宿泊しない,夫婦2人,"地元の美味しいものを食べる
",0,0,1,0,0,0,0,0,0,0,0,0,0,0,0,0,0,0,"自家用車
",1,0,0,0,0,0,0,"自家用車
",0,0,0,0,満足,,使わない,"3,000円以上 5,000円未満","5,000円以上 10,000円未満",2～5回目,"インターネット・アプリ
",0,0,0,0,0,1,0,0,0,0,0,0,0,0,めがねミュージアム,,越前がにミュージアム,"5,000円以上 10,000円未満",どちらでもない,,どちらでもない,,感じなかった,,5,,,,
207838,ふくい鮮いちば エリア,女,1977,49,40代,福井県,越前市,300万円以上 400万円未満,mobile/iphone,2026-09-12 09:32:08,9月,ふくい鮮いちば エリア,05.ふくい鮮いちば エリア,福井市,福井市・永平寺町,,日帰り,福井県内には宿泊しない,福井県内には宿泊しない,福井県外には宿泊しない,自分ひとり,"ドライブ・ツーリング
",0,0,0,0,0,0,0,0,0,0,0,0,0,0,1,0,0,0,"自家用車
",1,0,0,0,0,0,0,"自家用車
",0,0,0,0,,,"1,000円未満","1,000円未満","1,000円以上 3,000円未満",6～10回目,"Instagram
",0,0,0,0,0,0,0,1,0,0,0,0,0,0,選択なし/該当施設なし,,選択なし/該当施設なし,"1,000円未満",満足,,満足,,感じなかった,,5,,,,
207831,福井駅前 エリア,女,1966,60,60代,鹿児島県,奄美市,500万円以上 600万円未満,mobile/android,2026-09-12 09:12:02,9月,かつやま恐竜の森 エリア,25.かつやま恐竜の森 エリア,勝山市,勝山市・大野市,勝山市観光まちづくり(株),日帰り,福井県内には宿泊しない,福井県内には宿泊しない,石川県金沢市,自分ひとり,"テーマパーク（遊園地、動物園、博物館など）
",0,0,0,0,0,1,0,0,0,0,0,0,0,0,0,0,0,0,"新幹線
",0,0,1,0,0,1,0,"旅行会社ツアーバス
",0,0,0,0,とても満足,,使わない,"5,000円以上 10,000円未満","5,000円以上 10,000円未満",初めて,"インターネット・アプリ
",0,0,0,0,0,1,0,0,0,0,0,0,0,0,選択なし/該当施設なし,,選択なし/該当施設なし,"3,000円以上 5,000円未満",とても満足,,とても満足,,感じなかった,,10,,,機会があれば行きたい,和菓子に魅力がある。
207836,小浜市 阿納 エリア,男,1991,35,30代,兵庫県,たつの市,700万円以上 800万円未満,mobile/iphone,2026-09-12 08:48:46,9月,小浜市 阿納 エリア,67.小浜市 阿納 エリア,小浜市,嶺南西部,(株)まちづくり小浜,1泊,1泊,嶺南エリア（敦賀市・美浜町・若狭町・小浜市・おおい町・高浜町）,福井県外には宿泊しない,小学生以下連れの家族,"地元の美味しいものを食べる
",0,0,1,0,0,0,0,0,0,0,0,0,0,0,0,0,0,0,"自家用車
",1,0,0,0,0,0,0,"自家用車
",0,0,0,0,とても満足,,"10,000円以上 20,000円未満","1,000円以上 3,000円未満","5,000円以上 10,000円未満",初めて,"インターネット・アプリ
",0,0,0,0,0,1,0,0,0,0,0,0,0,0,選択なし/該当施設なし,,選択なし/該当施設なし,"3,000円以上 5,000円未満",とても満足,,とても満足,,感じなかった,,10,,,機会があれば行きたい,
126505,金ヶ崎 エリア,女,1959,67,60代,福井県,鯖江市,分からない/無回答,mobile/android,2026-09-12 08:38:16,9月,北陸新幹線 越前たけふ駅 エリア,38.北陸新幹線 越前たけふ駅 エリア,越前市,丹南,,日帰り,福井県内には宿泊しない,越前エリア（越前市・越前町・鯖江市・池田町・南越前町）,その他,夫婦2人,"その他
",0,0,0,0,0,0,0,0,0,0,0,0,0,0,0,0,0,1,"自家用車
",1,0,0,0,0,0,0,"自家用車
",0,0,0,0,,,"3,000円以上 5,000円未満","1,000円以上 3,000円未満","1,000円以上 3,000円未満",6～10回目,"その他
",0,0,0,0,0,0,0,0,0,0,0,0,0,0,選択なし/該当施設なし,,選択なし/該当施設なし,"3,000円以上 5,000円未満",どちらでもない,,どちらでもない,,感じた,,7,,,,
207835,あわら湯のまち エリア,男,1972,54,50代,大阪府,和泉市,"900万円以上 1,000万円未満",mobile/iphone,2026-09-12 08:36:20,9月,あわら湯のまち エリア,17.あわら湯のまち エリア,あわら市,あわら市・坂井市,,2泊,2泊,三国・あわらエリア（あわら市・坂井市）,福井県外には宿泊しない,夫婦2人,"宿でのんびり過ごす
温泉や露天風呂
地元の美味しいものを食べる
",1,1,1,0,0,0,0,0,0,0,0,0,0,0,0,0,0,0,"自家用車
",1,0,0,0,0,0,0,"自家用車
",0,0,0,0,,,"10,000円以上 20,000円未満","1,000円以上 3,000円未満","5,000円以上 10,000円未満",初めて,"インターネット・アプリ
ブログ
",0,0,0,0,0,1,0,0,0,1,0,0,0,0,選択なし/該当施設なし,,選択なし/該当施設なし,"20,000円以上 30,000円未満",とても満足,,とても満足,,感じなかった,,10,,,また行きたい（1年以内）,
207831,福井駅前 エリア,女,1966,60,60代,鹿児島県,奄美市,500万円以上 600万円未満,mobile/android,2026-09-12 07:57:47,9月,福井駅前 エリア,01.福井駅前 エリア,福井市,福井市・永平寺町,,日帰り,福井県内には宿泊しない,福井県内には宿泊しない,石川県金沢市,自分ひとり,"名所、旧跡の観光
テーマパーク（遊園地、動物園、博物館など）
",0,0,0,0,1,1,0,0,0,0,0,0,0,0,0,0,0,0,"新幹線
",0,0,1,0,0,1,0,"旅行会社ツアーバス
",0,0,0,0,満足,,使わない,"5,000円以上 10,000円未満","5,000円以上 10,000円未満",初めて,"新聞・雑誌・ガイドブック
インターネット・アプリ
",0,1,0,0,0,1,0,0,0,0,0,0,0,0,選択なし/該当施設なし,,選択なし/該当施設なし,"3,000円以上 5,000円未満",満足,,満足,,感じなかった,,9,,,機会があれば行きたい,
207830,あわら湯のまち エリア,男,1978,48,40代,大阪府,東大阪市,"1,200万円以上 1,500万円未満",mobile/android,2026-09-12 07:48:55,9月,あわら湯のまち エリア,17.あわら湯のまち エリア,あわら市,あわら市・坂井市,,1泊,1泊,三国・あわらエリア（あわら市・坂井市）,福井県外には宿泊しない,中学生以上連れの家族,"アウトドア（海水浴、釣り、登山など）
",0,0,0,0,0,0,0,0,0,1,0,0,0,0,0,0,0,0,"自家用車
",0,0,0,0,0,0,0,"徒歩
",0,0,1,0,どちらでもない,,"50,000円以上 100,000円未満","5,000円以上 10,000円未満","5,000円以上 10,000円未満",6～10回目,"インターネット・アプリ
",0,0,0,0,0,1,0,0,0,0,0,0,0,0,選択なし/該当施設なし,,選択なし/該当施設なし,"40,000円以上 50,000円未満",どちらでもない,,どちらでもない,,感じなかった,,5,,,機会があれば行きたい,
207809,web,男,1984,42,40代,岐阜県,加茂郡,"900万円以上 1,000万円未満",mobile/iphone,2026-09-12 07:12:12,9月,福井駅前 エリア（宿泊施設）,02.福井駅前 エリア（宿泊施設）,福井市,福井市・永平寺町,,1泊,1泊,福井エリア（福井市・永平寺町）,福井県外には宿泊しない,その他家族,"スポーツ観戦や芸能鑑賞（コンサート等）
",0,0,0,0,0,0,0,0,1,0,0,0,0,0,0,0,0,0,"自家用車
",1,0,0,0,0,0,0,"自家用車
",0,0,0,0,,,"5,000円以上 10,000円未満","3,000円以上 5,000円未満","10,000円以上 20,000円未満",2～5回目,"インターネット・アプリ
",0,0,0,0,0,1,0,0,0,0,0,0,0,0,福井駅,,道の駅「越前おおの荒島の郷」,使わない,とても満足,,とても満足,,感じなかった,,10,,,また行きたい（1年以内）,
207827,竹田エリア,男,1966,60,60代,愛知県,一宮市,800万円以上 900万円未満,mobile/android,2026-09-12 04:20:32,9月,竹田エリア,91.竹田エリア,坂井市,あわら市・坂井市,(一社)DMOさかい観光局,1泊,2泊,三国・あわらエリア（あわら市・坂井市）,石川県金沢市,恋人,"宿でのんびり過ごす
温泉や露天風呂
ドライブ・ツーリング
",1,1,0,0,0,0,0,0,0,0,0,0,0,0,1,0,0,0,"自家用車
",1,0,0,0,0,0,0,"自家用車
",0,0,0,0,満足,電気自動車燃費良い,"10,000円以上 20,000円未満","10,000円以上 20,000円未満","10,000円以上 20,000円未満",2～5回目,"新聞・雑誌・ガイドブック
インターネット・アプリ
友人・知人
",0,1,0,0,0,1,0,0,0,0,1,0,0,0,一乗谷朝倉氏遺跡,,日本海さかな街,"10,000円以上 20,000円未満",満足,静かで良かった,満足,お風呂良かった,感じなかった,,8,海鮮料理等 厚揚げ等,厚揚げ美味しかった,また行きたい（1年以内）,そば カニ お米等良かった
152318,道の駅「南えちぜん山海里」 エリア,男,1971,55,50代,大阪府,富田林市,分からない/無回答,mobile/android,2026-09-12 03:05:31,9月,道の駅「南えちぜん山海里」 エリア,58.道の駅「南えちぜん山海里」 エリア,南越前町,丹南,,1泊,1泊,越前エリア（越前市・越前町・鯖江市・池田町・南越前町）,福井県外には宿泊しない,夫婦2人,"地元の美味しいものを食べる
買い物、アウトレット
まちあるき、都市散策
ドライブ・ツーリング
",0,0,1,0,0,0,1,0,0,0,1,0,0,0,1,0,0,0,"自家用車
",1,0,0,0,0,0,0,"自家用車
",0,0,0,0,,,"10,000円以上 20,000円未満","1,000円以上 3,000円未満","10,000円以上 20,000円未満",6～10回目,"インターネット・アプリ
",0,0,0,0,0,1,0,0,0,0,0,0,0,0,選択なし/該当施設なし,,西山動物園,使わない,とても満足,,とても満足,,感じなかった,,9,,,また行きたい（1年以内）,
