会員ID,登録エリア,性別,生まれ年,回答時の年齢,年代,都道府県,会員市町村,世帯年収,UA,回答日時,回答月,回答エリア,回答エリア2,市町村,6分類,DMO,宿泊数（全体）,宿泊数（県内）,宿泊エリア（県内）,宿泊エリア（県外）,同行者,訪問目的ALL,宿でのんびり過ごす,温泉や露天風呂,地元の美味しいものを食べる,花見や紅葉などの自然鑑賞,名所、旧跡の観光,テーマパーク（遊園地、動物園、博物館など）,買い物、アウトレット,お祭りやイベントへの参加・見物,スポーツ観戦や芸能鑑賞（コンサート等）,アウトドア（海水浴、釣り、登山など）,まちあるき、都市散策,各種体験（手作り、果物狩りなど）,スキー・スノボ、マリンスポーツ,その他スポーツ（ゴルフ、テニスなど）,ドライブ・ツーリング,友人・親戚を尋ねる,出張など仕事関係,その他,福井県までの交通手段ALL,自家用車,レンタカー,新幹線,在来線,飛行機,旅行会社ツアーバス,県外から訪れていない（福井県在住）,その他,福井県内での交通手段ALL,自家用車,レンタカー,タクシー,在来線,旅行会社ツアーバス,路線バス,徒歩,レンタサイクル,その他,福井県内での交通手段の満足度,福井県内での交通手段の満足度の理由,宿泊費,交通費,県内消費額,エリア訪問回数,情報収集ALL,観光展・物産展,新聞・雑誌・ガイドブック,TV・ラジオ番組やCM,観光パンフレット・ポスター,観光連盟やDMOのHP,インターネット・アプリ,Twitter,Instagram,Facebook,ブログ,友人・知人,観光協会等の案内所,タクシードライバーや地元の人,宿泊施設,その他,アンケート回答前に訪問した主な場所,アンケート回答前に訪問した主な場所FA,アンケート回答後に訪問する予定の主な場所,アンケート回答前に訪問した主な場所FA,エリア総消費額,満足度(商品・サービス),満足度(商品・サービス)の理由,満足度,満足度の理由,不便さ,不便さの内容,NPS,推奨項目,施設に求めるもの,今後の来訪意向,福井県に求めるもの
209074,越前陶芸村 エリア,男,2022,4,10歳未満,兵庫県,神戸市西区,"1,500万円以上",pc/others,2026-09-29 23:59:15,9月,かつやま恐竜の森 エリア,25.かつやま恐竜の森 エリア,勝山市,勝山市・大野市,勝山市観光まちづくり(株),1泊,4泊以上,越前エリア（越前市・越前町・鯖江市・池田町・南越前町）,福井県外には宿泊しない,親,"テーマパーク（遊園地、動物園、博物館など）
",0,0,0,0,0,1,0,0,0,0,0,0,0,0,0,0,0,0,"自家用車
",1,0,0,0,0,0,0,0,"自家用車
",1,0,0,0,0,0,0,0,0,とても満足,,"50,000円以上 100,000円未満","20,000円以上 30,000円未満","100,000円以上",初めて,"インターネット・アプリ
",0,0,0,0,0,1,0,0,0,0,0,0,0,0,0,かつやまディノパーク,,選択なし/該当施設なし,,"20,000円以上 30,000円未満",とても満足,,とても満足,,感じなかった,,10,,,機会があれば行きたい,
209073,越前陶芸村 エリア,女,1989,37,30代,兵庫県,神戸市西区,"1,500万円以上",mobile/iphone,2026-09-29 23:55:55,9月,かつやま恐竜の森 エリア,25.かつやま恐竜の森 エリア,勝山市,勝山市・大野市,勝山市観光まちづくり(株),4泊以上,4泊以上,越前エリア（越前市・越前町・鯖江市・池田町・南越前町）,福井県外には宿泊しない,小学生以下連れの家族,"まちあるき、都市散策
",0,0,0,0,0,0,0,0,0,0,1,0,0,0,0,0,0,0,"自家用車
",1,0,0,0,0,0,0,0,"自家用車
",1,0,0,0,0,0,0,0,0,とても満足,,"100,000円以上","30,000円以上 40,000円未満","10,000円以上 20,000円未満",初めて,"宿泊施設
",0,0,0,0,0,0,0,0,0,0,0,0,0,1,0,選択なし/該当施設なし,,選択なし/該当施設なし,,"20,000円以上 30,000円未満",とても満足,,とても満足,,感じなかった,,10,,,機会があれば行きたい,
209073,越前陶芸村 エリア,女,1989,37,30代,兵庫県,神戸市西区,"1,500万円以上",mobile/iphone,2026-09-29 23:51:47,9月,レインボーライン エリア,77.レインボーライン エリア,美浜町,嶺南東部,三方五湖DMO(株),4泊以上,4泊以上,越前エリア（越前市・越前町・鯖江市・池田町・南越前町）,福井県外には宿泊しない,小学生以下連れの家族,"まちあるき、都市散策
",0,0,0,0,0,0,0,0,0,0,1,0,0,0,0,0,0,0,"自家用車
",1,0,0,0,0,0,0,0,"自家用車
",1,0,0,0,0,0,0,0,0,満足,,"100,000円以上","30,000円以上 40,000円未満","10,000円以上 20,000円未満",初めて,"宿泊施設
",0,0,0,0,0,0,0,0,0,0,0,0,0,1,0,選択なし/該当施設なし,,選択なし/該当施設なし,,"5,000円以上 10,000円未満",満足,,満足,,感じなかった,,9,,,機会があれば行きたい,
209074,越前陶芸村 エリア,男,2022,4,10歳未満,兵庫県,神戸市西区,"1,500万円以上",pc/others,2026-09-29 23:48:44,9月,越前陶芸村 エリア,52.越前陶芸村 エリア,越前町,丹南,一般社団法人 越前町観光連盟（DMO ECHIZEN）,1泊,4泊以上,越前エリア（越前市・越前町・鯖江市・池田町・南越前町）,福井県外には宿泊しない,親,"温泉や露天風呂
地元の美味しいものを食べる
テーマパーク（遊園地、動物園、博物館など）
",0,1,1,0,0,1,0,0,0,0,0,0,0,0,0,0,0,0,"自家用車
",1,0,0,0,0,0,0,0,"自家用車
",1,0,0,0,0,0,0,0,0,とても満足,,"50,000円以上 100,000円未満","20,000円以上 30,000円未満","100,000円以上",初めて,"観光展・物産展
インターネット・アプリ
",1,0,0,0,0,1,0,0,0,0,0,0,0,0,0,野外恐竜博物館,,選択なし/該当施設なし,,"50,000円以上 100,000円未満",とても満足,,とても満足,,感じなかった,,10,,,機会があれば行きたい,
209073,越前陶芸村 エリア,女,1989,37,30代,兵庫県,神戸市西区,"1,500万円以上",mobile/iphone,2026-09-29 23:44:03,9月,越前陶芸村 エリア,52.越前陶芸村 エリア,越前町,丹南,一般社団法人 越前町観光連盟（DMO ECHIZEN）,4泊以上,4泊以上,越前エリア（越前市・越前町・鯖江市・池田町・南越前町）,福井県外には宿泊しない,小学生以下連れの家族,"温泉や露天風呂
地元の美味しいものを食べる
名所、旧跡の観光
テーマパーク（遊園地、動物園、博物館など）
まちあるき、都市散策
",0,1,1,0,1,1,0,0,0,0,1,0,0,0,0,0,0,0,"自家用車
",1,0,0,0,0,0,0,0,"自家用車
",1,0,0,0,0,0,0,0,0,,,"100,000円以上","30,000円以上 40,000円未満","10,000円以上 20,000円未満",初めて,"宿泊施設
",0,0,0,0,0,0,0,0,0,0,0,0,0,1,0,福井県立恐竜博物館,,選択なし/該当施設なし,,"10,000円以上 20,000円未満",満足,,満足,,感じなかった,,8,,,機会があれば行きたい,
209072,web,女,2012,14,10代,長野県,長野市,"900万円以上 1,000万円未満",mobile/android,2026-09-29 23:41:41,9月,福井駅前 エリア（宿泊施設）,02.福井駅前 エリア（宿泊施設）,福井市,福井市・永平寺町,,1泊,1泊,福井エリア（福井市・永平寺町）,福井県外には宿泊しない,親,"お祭りやイベントへの参加・見物
",0,0,0,0,0,0,0,1,0,0,0,0,0,0,0,0,0,0,"自家用車
",1,0,0,0,0,0,0,0,"自家用車
",1,0,0,0,0,0,0,0,0,,,"10,000円以上 20,000円未満","5,000円以上 10,000円未満","10,000円以上 20,000円未満",初めて,"インターネット・アプリ
",0,0,0,0,0,1,0,0,0,0,0,0,0,0,0,越前大仏,,東尋坊,,"20,000円以上 30,000円未満",満足,,満足,,感じなかった,,7,"海産物がとても美味しかった。
越前大仏に感動した。",,機会があれば行きたい,お米が美味しくて驚いた。&hellip;失礼かもしれませんが、今まで食べる機会が無かったので。
208955,web,男,1989,37,30代,兵庫県,神戸市西区,"1,500万円以上",mobile/iphone,2026-09-29 23:12:53,9月,越前陶芸村 エリア,52.越前陶芸村 エリア,越前町,丹南,一般社団法人 越前町観光連盟（DMO ECHIZEN）,4泊以上,4泊以上,嶺南エリア（敦賀市・美浜町・若狭町・小浜市・おおい町・高浜町）,福井県外には宿泊しない,小学生以下連れの家族,"地元の美味しいものを食べる
",0,0,1,0,0,0,0,0,0,0,0,0,0,0,0,0,0,0,"自家用車
",1,0,0,0,0,0,0,0,"自家用車
",1,0,0,0,0,0,0,0,0,とても満足,,"100,000円以上","40,000円以上 50,000円未満","50,000円以上 100,000円未満",初めて,"観光展・物産展
",1,0,0,0,0,0,0,0,0,0,0,0,0,0,0,かつやまディノパーク,,選択なし/該当施設なし,,"50,000円以上 100,000円未満",とても満足,,とても満足,,感じなかった,,10,,,また行きたい（1年以内）,
209071,越前松島水族館 エリア,女,1982,44,40代,埼玉県,さいたま市緑区,800万円以上 900万円未満,mobile/iphone,2026-09-29 22:59:41,9月,越前松島水族館 エリア,11.越前松島水族館 エリア,坂井市,あわら市・坂井市,(一社)DMOさかい観光局,2泊,1泊,越前エリア（越前市・越前町・鯖江市・池田町・南越前町）,長野県,小学生以下連れの家族,"宿でのんびり過ごす
温泉や露天風呂
地元の美味しいものを食べる
テーマパーク（遊園地、動物園、博物館など）
",1,1,1,0,0,1,0,0,0,0,0,0,0,0,0,0,0,0,"自家用車
",1,0,0,0,0,0,0,0,"自家用車
",1,0,0,0,0,0,0,0,0,,,"40,000円以上 50,000円未満","5,000円以上 10,000円未満","10,000円以上 20,000円未満",2～5回目,"インターネット・アプリ
",0,0,0,0,0,1,0,0,0,0,0,0,0,0,0,福井県立恐竜博物館,,福井県立恐竜博物館,,"1,000円以上 3,000円未満",とても満足,宿の見晴らしも良く、食事も海鮮の地のものが多くありとても満足しました。,満足,景色は満足だったのですが、あいにくの雨だったので次は晴れている時に見てみたいと思いました。,感じなかった,,10,東尋坊の地形はここならではなので、実際に見て欲しいと思いました。火サスごっこも出来るし思い出になりそうです！,個人的に地元スタンプやポストカードを集めているのでそれに使用できる文具系を増やして欲しいなと思いました。(マステやシール等も),また行きたい（1年以内）,やはり恐竜王国ですので、もっと推して頂きたいです！！太古の時代に思いを馳せる&hellip;とても素晴らしいと思います。
206395,九頭竜川 エリア（鮎・釣り）,女,1957,69,60代,福井県,福井市,300万円以上 400万円未満,mobile/iphone,2026-09-29 22:25:13,9月,今庄宿 エリア,60.今庄宿 エリア,南越前町,丹南,,日帰り,福井県内には宿泊しない,福井県内には宿泊しない,福井県外には宿泊しない,親,"名所、旧跡の観光
",0,0,0,0,1,0,0,0,0,0,0,0,0,0,0,0,0,0,"自家用車
",1,0,0,0,0,0,0,0,"自家用車
",1,0,0,0,0,0,0,0,0,満足,,使わない,"10,000円以上 20,000円未満","10,000円以上 20,000円未満",2～5回目,"インターネット・アプリ
",0,0,0,0,0,1,0,0,0,0,0,0,0,0,0,選択なし/該当施設なし,,選択なし/該当施設なし,,"3,000円以上 5,000円未満",満足,,どちらでもない,,感じなかった,,7,,,,
209070,かにファクトリー 甲羅組 エリア,女,1987,39,30代,滋賀県,近江八幡市,300万円以上 400万円未満,mobile/iphone,2026-09-29 22:24:22,9月,かにファクトリー 甲羅組 エリア,102.かにファクトリー 甲羅組 エリア,敦賀市,嶺南東部,,日帰り,福井県内には宿泊しない,福井県内には宿泊しない,福井県外には宿泊しない,友人,"名所、旧跡の観光
テーマパーク（遊園地、動物園、博物館など）
買い物、アウトレット
まちあるき、都市散策
",0,0,0,0,1,1,1,0,0,0,1,0,0,0,0,0,0,0,"自家用車
",1,0,0,0,0,0,0,0,"自家用車
",1,0,0,0,0,0,0,0,0,,,使わない,"10,000円以上 20,000円未満","10,000円以上 20,000円未満",初めて,"インターネット・アプリ
",0,0,0,0,0,1,0,0,0,0,0,0,0,0,0,選択なし/該当施設なし,,氣比神宮,敦賀駅周辺,"5,000円以上 10,000円未満",とても満足,,とても満足,,感じなかった,,10,"カニむき体験も楽しかったし美味しかった
フードコートも大満足でした
お買い物も楽しめました",,また行きたい（1年以内）,
206395,九頭竜川 エリア（鮎・釣り）,女,1957,69,60代,福井県,福井市,300万円以上 400万円未満,mobile/iphone,2026-09-29 22:24:05,9月,劔神社 エリア,51.劔神社 エリア,越前町,丹南,一般社団法人 越前町観光連盟（DMO ECHIZEN）,日帰り,福井県内には宿泊しない,福井県内には宿泊しない,福井県外には宿泊しない,親,"名所、旧跡の観光
",0,0,0,0,1,0,0,0,0,0,0,0,0,0,0,0,0,0,"自家用車
",1,0,0,0,0,0,0,0,"自家用車
",1,0,0,0,0,0,0,0,0,どちらでもない,,使わない,"10,000円以上 20,000円未満","10,000円以上 20,000円未満",2～5回目,"インターネット・アプリ
",0,0,0,0,0,1,0,0,0,0,0,0,0,0,0,選択なし/該当施設なし,,選択なし/該当施設なし,,"1,000円以上 3,000円未満",どちらでもない,,どちらでもない,,感じなかった,,7,,,,
206395,九頭竜川 エリア（鮎・釣り）,女,1957,69,60代,福井県,福井市,300万円以上 400万円未満,mobile/iphone,2026-09-29 22:23:11,9月,うるしの里 エリア,46.うるしの里 エリア,鯖江市,丹南,,日帰り,福井県内には宿泊しない,福井県内には宿泊しない,福井県外には宿泊しない,親,"名所、旧跡の観光
",0,0,0,0,1,0,0,0,0,0,0,0,0,0,0,0,0,0,"自家用車
",1,0,0,0,0,0,0,0,"自家用車
",1,0,0,0,0,0,0,0,0,,,使わない,"10,000円以上 20,000円未満","10,000円以上 20,000円未満",2～5回目,"インターネット・アプリ
",0,0,0,0,0,1,0,0,0,0,0,0,0,0,0,選択なし/該当施設なし,,選択なし/該当施設なし,,"5,000円以上 10,000円未満",満足,,満足,,感じなかった,,8,,,,
206395,九頭竜川 エリア（鮎・釣り）,女,1957,69,60代,福井県,福井市,300万円以上 400万円未満,mobile/iphone,2026-09-29 22:22:13,9月,あわら湯のまち エリア,17.あわら湯のまち エリア,あわら市,あわら市・坂井市,,日帰り,福井県内には宿泊しない,福井県内には宿泊しない,福井県外には宿泊しない,親,"名所、旧跡の観光
",0,0,0,0,1,0,0,0,0,0,0,0,0,0,0,0,0,0,"自家用車
",1,0,0,0,0,0,0,0,"自家用車
",1,0,0,0,0,0,0,0,0,,,使わない,"10,000円以上 20,000円未満","10,000円以上 20,000円未満",6～10回目,"インターネット・アプリ
",0,0,0,0,0,1,0,0,0,0,0,0,0,0,0,選択なし/該当施設なし,,選択なし/該当施設なし,,"10,000円以上 20,000円未満",満足,,満足,,感じなかった,,8,,,,
206395,九頭竜川 エリア（鮎・釣り）,女,1957,69,60代,福井県,福井市,300万円以上 400万円未満,mobile/iphone,2026-09-29 22:20:04,9月,丸岡城 エリア,13.丸岡城 エリア,坂井市,あわら市・坂井市,(一社)DMOさかい観光局,日帰り,福井県内には宿泊しない,福井県内には宿泊しない,福井県外には宿泊しない,親,"名所、旧跡の観光
",0,0,0,0,1,0,0,0,0,0,0,0,0,0,0,0,0,0,"自家用車
",1,0,0,0,0,0,0,0,"自家用車
",1,0,0,0,0,0,0,0,0,,,使わない,"10,000円以上 20,000円未満","10,000円以上 20,000円未満",2～5回目,"インターネット・アプリ
",0,0,0,0,0,1,0,0,0,0,0,0,0,0,0,選択なし/該当施設なし,,選択なし/該当施設なし,,"3,000円以上 5,000円未満",満足,,満足,,感じなかった,,7,,,,
206395,九頭竜川 エリア（鮎・釣り）,女,1957,69,60代,福井県,福井市,300万円以上 400万円未満,mobile/iphone,2026-09-29 22:18:20,9月,東尋坊 エリア,10.東尋坊 エリア,坂井市,あわら市・坂井市,(一社)DMOさかい観光局,日帰り,福井県内には宿泊しない,福井県内には宿泊しない,福井県外には宿泊しない,親,"名所、旧跡の観光
",0,0,0,0,1,0,0,0,0,0,0,0,0,0,0,0,0,0,"自家用車
",1,0,0,0,0,0,0,0,"自家用車
",1,0,0,0,0,0,0,0,0,,,使わない,"10,000円以上 20,000円未満","10,000円以上 20,000円未満",2～5回目,"インターネット・アプリ
",0,0,0,0,0,1,0,0,0,0,0,0,0,0,0,選択なし/該当施設なし,,選択なし/該当施設なし,,"3,000円以上 5,000円未満",どちらでもない,,どちらでもない,,感じた,,5,,,,
124902,web,男,1982,44,40代,山口県,光市,500万円以上 600万円未満,mobile/android,2026-09-29 21:02:12,9月,北ノ庄 エリア,03.北ノ庄 エリア,福井市,福井市・永平寺町,,3泊,2泊,福井エリア（福井市・永平寺町）,石川県金沢市,小学生以下連れの家族,"地元の美味しいものを食べる
",0,0,1,0,0,0,0,0,0,0,0,0,0,0,0,0,0,0,"在来線
",0,0,0,1,0,0,0,0,"レンタカー
",0,1,0,0,0,0,0,0,0,とても満足,,"20,000円以上 30,000円未満","50,000円以上 100,000円未満","10,000円以上 20,000円未満",初めて,"観光パンフレット・ポスター
",0,0,0,1,0,0,0,0,0,0,0,0,0,0,0,選択なし/該当施設なし,,選択なし/該当施設なし,,"1,000円未満",とても満足,,とても満足,,感じなかった,,10,,,また行きたい（1年以内）,
124902,web,男,1982,44,40代,山口県,光市,500万円以上 600万円未満,mobile/android,2026-09-29 21:01:25,9月,JR芦原温泉駅 エリア,16.JR芦原温泉駅 エリア,あわら市,あわら市・坂井市,,3泊,2泊,福井エリア（福井市・永平寺町）,石川県金沢市,小学生以下連れの家族,"地元の美味しいものを食べる
",0,0,1,0,0,0,0,0,0,0,0,0,0,0,0,0,0,0,"在来線
",0,0,0,1,0,0,0,0,"レンタカー
",0,1,0,0,0,0,0,0,0,とても満足,,"20,000円以上 30,000円未満","50,000円以上 100,000円未満","10,000円以上 20,000円未満",初めて,"観光パンフレット・ポスター
",0,0,0,1,0,0,0,0,0,0,0,0,0,0,0,選択なし/該当施設なし,,選択なし/該当施設なし,,"5,000円以上 10,000円未満",とても満足,,とても満足,,感じなかった,,10,,,また行きたい（1年以内）,
124902,web,男,1982,44,40代,山口県,光市,500万円以上 600万円未満,mobile/android,2026-09-29 21:00:32,9月,道の駅「越前」 エリア,49.道の駅「越前」 エリア,越前町,丹南,一般社団法人 越前町観光連盟（DMO ECHIZEN）,3泊,2泊,福井エリア（福井市・永平寺町）,石川県金沢市,小学生以下連れの家族,"地元の美味しいものを食べる
",0,0,1,0,0,0,0,0,0,0,0,0,0,0,0,0,0,0,"在来線
",0,0,0,1,0,0,0,0,"レンタカー
",0,1,0,0,0,0,0,0,0,とても満足,,"20,000円以上 30,000円未満","50,000円以上 100,000円未満","10,000円以上 20,000円未満",初めて,"観光パンフレット・ポスター
",0,0,0,1,0,0,0,0,0,0,0,0,0,0,0,選択なし/該当施設なし,,選択なし/該当施設なし,,"3,000円以上 5,000円未満",とても満足,,とても満足,,感じなかった,,10,,,また行きたい（1年以内）,
124902,web,男,1982,44,40代,山口県,光市,500万円以上 600万円未満,mobile/android,2026-09-29 20:59:38,9月,まちの駅 こってコテいけだ エリア,47.まちの駅 こってコテいけだ エリア,池田町,丹南,（一財）いけだ農村観光公社,3泊,2泊,福井エリア（福井市・永平寺町）,石川県金沢市,小学生以下連れの家族,"地元の美味しいものを食べる
",0,0,1,0,0,0,0,0,0,0,0,0,0,0,0,0,0,0,"在来線
",0,0,0,1,0,0,0,0,"レンタカー
",0,1,0,0,0,0,0,0,0,とても満足,,"20,000円以上 30,000円未満","50,000円以上 100,000円未満","10,000円以上 20,000円未満",初めて,"観光パンフレット・ポスター
",0,0,0,1,0,0,0,0,0,0,0,0,0,0,0,選択なし/該当施設なし,,選択なし/該当施設なし,,"1,000円以上 3,000円未満",とても満足,,とても満足,,感じなかった,,10,,,また行きたい（1年以内）,
154963,福井駅前 エリア,男,1991,35,30代,埼玉県,蕨市,600万円以上 700万円未満,mobile/iphone,2026-09-29 20:57:10,9月,あわら湯のまち エリア,17.あわら湯のまち エリア,あわら市,あわら市・坂井市,,2泊,2泊,三国・あわらエリア（あわら市・坂井市）,福井県外には宿泊しない,小学生以下連れの家族,"宿でのんびり過ごす
",1,0,0,0,0,0,0,0,0,0,0,0,0,0,0,0,0,0,"レンタカー
",0,1,0,0,0,0,0,0,"レンタカー
",0,1,0,0,0,0,0,0,0,満足,,"40,000円以上 50,000円未満","50,000円以上 100,000円未満","10,000円以上 20,000円未満",初めて,"インターネット・アプリ
",0,0,0,0,0,1,0,0,0,0,0,0,0,0,0,一乗谷朝倉氏遺跡,,越前大仏,,"3,000円以上 5,000円未満",満足,,満足,,感じなかった,,8,,,機会があれば行きたい,
124902,web,男,1982,44,40代,山口県,光市,500万円以上 600万円未満,mobile/android,2026-09-29 20:55:41,9月,道の駅「南えちぜん山海里」 エリア,58.道の駅「南えちぜん山海里」 エリア,南越前町,丹南,,3泊,2泊,福井エリア（福井市・永平寺町）,石川県金沢市,小学生以下連れの家族,"地元の美味しいものを食べる
",0,0,1,0,0,0,0,0,0,0,0,0,0,0,0,0,0,0,"在来線
",0,0,0,1,0,0,0,0,"レンタカー
",0,1,0,0,0,0,0,0,0,とても満足,,"20,000円以上 30,000円未満","50,000円以上 100,000円未満","10,000円以上 20,000円未満",初めて,"観光パンフレット・ポスター
",0,0,0,1,0,0,0,0,0,0,0,0,0,0,0,選択なし/該当施設なし,,選択なし/該当施設なし,,"3,000円以上 5,000円未満",とても満足,,とても満足,,感じなかった,,10,,,また行きたい（1年以内）,
124902,web,男,1982,44,40代,山口県,光市,500万円以上 600万円未満,mobile/android,2026-09-29 20:54:36,9月,日本海さかな街 エリア,61.日本海さかな街 エリア,敦賀市,嶺南東部,,3泊,2泊,福井エリア（福井市・永平寺町）,石川県金沢市,小学生以下連れの家族,"地元の美味しいものを食べる
",0,0,1,0,0,0,0,0,0,0,0,0,0,0,0,0,0,0,"新幹線
在来線
",0,0,1,1,0,0,0,0,"レンタカー
",0,1,0,0,0,0,0,0,0,とても満足,,"20,000円以上 30,000円未満","50,000円以上 100,000円未満","10,000円以上 20,000円未満",初めて,"観光パンフレット・ポスター
",0,0,0,1,0,0,0,0,0,0,0,0,0,0,0,選択なし/該当施設なし,,選択なし/該当施設なし,,"1,000円以上 3,000円未満",とても満足,,とても満足,,感じなかった,,10,,,また行きたい（1年以内）,
209068,越前海岸 高佐米ノ旅館街 エリア,男,1962,64,60代,福井県,福井市,800万円以上 900万円未満,mobile/android,2026-09-29 19:57:46,9月,越前海岸 高佐米ノ旅館街 エリア,56.越前海岸 高佐米ノ旅館街 エリア,越前町,丹南,一般社団法人 越前町観光連盟（DMO ECHIZEN）,1泊,1泊,越前エリア（越前市・越前町・鯖江市・池田町・南越前町）,福井県外には宿泊しない,夫婦2人,"宿でのんびり過ごす
地元の美味しいものを食べる
",1,0,1,0,0,0,0,0,0,0,0,0,0,0,0,0,0,0,"県外から訪れていない（福井県在住）
",0,0,0,0,0,0,1,0,"自家用車
",1,0,0,0,0,0,0,0,0,,,"10,000円以上 20,000円未満","1,000円未満","3,000円以上 5,000円未満",初めて,"インターネット・アプリ
",0,0,0,0,0,1,0,0,0,0,0,0,0,0,0,選択なし/該当施設なし,,越前陶芸村,,"3,000円以上 5,000円未満",満足,,満足,,感じなかった,,7,,,福井県在住,
201467,越前そばの里 エリア,女,1956,70,70代,福井県,越前市,400万円以上 500万円未満,mobile/iphone,2026-09-29 19:11:48,9月,福井駅前 エリア,01.福井駅前 エリア,福井市,福井市・永平寺町,,1泊,1泊,福井エリア（福井市・永平寺町）,福井県外には宿泊しない,夫婦2人,"宿でのんびり過ごす
",1,0,0,0,0,0,0,0,0,0,0,0,0,0,0,0,0,0,"自家用車
",1,0,0,0,0,0,0,0,"自家用車
",1,0,0,0,0,0,0,0,0,満足,,"10,000円以上 20,000円未満",使わない,"10,000円以上 20,000円未満",11回目以上,"新聞・雑誌・ガイドブック
",0,1,0,0,0,0,0,0,0,0,0,0,0,0,0,選択なし/該当施設なし,,選択なし/該当施設なし,,"10,000円以上 20,000円未満",満足,,満足,,感じなかった,,7,,,,
209069,web,男,1967,59,50代,石川県,能美市,600万円以上 700万円未満,mobile/iphone,2026-09-29 19:00:04,9月,北潟湖 エリア,20.北潟湖 エリア,あわら市,あわら市・坂井市,,日帰り,福井県内には宿泊しない,福井県内には宿泊しない,自宅,夫婦2人,"ドライブ・ツーリング
",0,0,0,0,0,0,0,0,0,0,0,0,0,0,1,0,0,0,"自家用車
",1,0,0,0,0,0,0,0,"自家用車
",1,0,0,0,0,0,0,0,0,,,使わない,"3,000円以上 5,000円未満","3,000円以上 5,000円未満",11回目以上,"インターネット・アプリ
",0,0,0,0,0,1,0,0,0,0,0,0,0,0,0,選択なし/該当施設なし,,選択なし/該当施設なし,,"1,000円以上 3,000円未満",とても満足,,とても満足,,感じなかった,,10,,,,
209069,web,男,1967,59,50代,石川県,能美市,600万円以上 700万円未満,mobile/iphone,2026-09-29 18:59:19,9月,フルーツライン エリア,18.フルーツライン エリア,あわら市,あわら市・坂井市,,日帰り,福井県内には宿泊しない,福井県内には宿泊しない,自宅,夫婦2人,"ドライブ・ツーリング
",0,0,0,0,0,0,0,0,0,0,0,0,0,0,1,0,0,0,"自家用車
",1,0,0,0,0,0,0,0,"自家用車
",1,0,0,0,0,0,0,0,0,,,使わない,"3,000円以上 5,000円未満","3,000円以上 5,000円未満",11回目以上,"インターネット・アプリ
",0,0,0,0,0,1,0,0,0,0,0,0,0,0,0,選択なし/該当施設なし,,選択なし/該当施設なし,,使わない,とても満足,,とても満足,,感じなかった,,10,,,,
209069,web,男,1967,59,50代,石川県,能美市,600万円以上 700万円未満,mobile/iphone,2026-09-29 18:58:18,9月,越前松島水族館 エリア,11.越前松島水族館 エリア,坂井市,あわら市・坂井市,(一社)DMOさかい観光局,日帰り,福井県内には宿泊しない,福井県内には宿泊しない,自宅,夫婦2人,"ドライブ・ツーリング
",0,0,0,0,0,0,0,0,0,0,0,0,0,0,1,0,0,0,"自家用車
",1,0,0,0,0,0,0,0,"自家用車
",1,0,0,0,0,0,0,0,0,,,使わない,"3,000円以上 5,000円未満","3,000円以上 5,000円未満",11回目以上,"インターネット・アプリ
",0,0,0,0,0,1,0,0,0,0,0,0,0,0,0,選択なし/該当施設なし,,選択なし/該当施設なし,,"3,000円以上 5,000円未満",とても満足,,とても満足,,感じなかった,,10,,,,
209069,web,男,1967,59,50代,石川県,能美市,600万円以上 700万円未満,mobile/iphone,2026-09-29 18:57:34,9月,あわら湯のまち エリア,17.あわら湯のまち エリア,あわら市,あわら市・坂井市,,日帰り,福井県内には宿泊しない,福井県内には宿泊しない,自宅,夫婦2人,"ドライブ・ツーリング
",0,0,0,0,0,0,0,0,0,0,0,0,0,0,1,0,0,0,"自家用車
",1,0,0,0,0,0,0,0,"自家用車
",1,0,0,0,0,0,0,0,0,,,使わない,"3,000円以上 5,000円未満","3,000円以上 5,000円未満",11回目以上,"インターネット・アプリ
",0,0,0,0,0,1,0,0,0,0,0,0,0,0,0,選択なし/該当施設なし,,選択なし/該当施設なし,,使わない,とても満足,,とても満足,,感じなかった,,10,,,,
209069,web,男,1967,59,50代,石川県,能美市,600万円以上 700万円未満,mobile/iphone,2026-09-29 18:56:45,9月,JR芦原温泉駅 エリア,16.JR芦原温泉駅 エリア,あわら市,あわら市・坂井市,,日帰り,福井県内には宿泊しない,福井県内には宿泊しない,自宅,夫婦2人,"ドライブ・ツーリング
",0,0,0,0,0,0,0,0,0,0,0,0,0,0,1,0,0,0,"自家用車
",1,0,0,0,0,0,0,0,"自家用車
",1,0,0,0,0,0,0,0,0,,,使わない,"3,000円以上 5,000円未満","3,000円以上 5,000円未満",11回目以上,"インターネット・アプリ
",0,0,0,0,0,1,0,0,0,0,0,0,0,0,0,選択なし/該当施設なし,,選択なし/該当施設なし,,"1,000円以上 3,000円未満",とても満足,,とても満足,,感じなかった,,10,,,,
209069,web,男,1967,59,50代,石川県,能美市,600万円以上 700万円未満,mobile/iphone,2026-09-29 18:56:07,9月,三国湊 エリア,09.三国湊 エリア,坂井市,あわら市・坂井市,(一社)DMOさかい観光局,日帰り,福井県内には宿泊しない,福井県内には宿泊しない,自宅,夫婦2人,"ドライブ・ツーリング
",0,0,0,0,0,0,0,0,0,0,0,0,0,0,1,0,0,0,"自家用車
",1,0,0,0,0,0,0,0,"自家用車
",1,0,0,0,0,0,0,0,0,,,使わない,"3,000円以上 5,000円未満","3,000円以上 5,000円未満",11回目以上,"インターネット・アプリ
",0,0,0,0,0,1,0,0,0,0,0,0,0,0,0,選択なし/該当施設なし,,選択なし/該当施設なし,,使わない,とても満足,,とても満足,,感じなかった,,10,,,,
209069,web,男,1967,59,50代,石川県,能美市,600万円以上 700万円未満,mobile/iphone,2026-09-29 18:55:22,9月,道の駅みくに ふれあいパーク三里浜 エリア,15.道の駅みくに ふれあいパーク三里浜 エリア,坂井市,あわら市・坂井市,(一社)DMOさかい観光局,日帰り,福井県内には宿泊しない,福井県内には宿泊しない,自宅,夫婦2人,"ドライブ・ツーリング
",0,0,0,0,0,0,0,0,0,0,0,0,0,0,1,0,0,0,"自家用車
",1,0,0,0,0,0,0,0,"自家用車
",1,0,0,0,0,0,0,0,0,,,使わない,"3,000円以上 5,000円未満","3,000円以上 5,000円未満",11回目以上,"インターネット・アプリ
",0,0,0,0,0,1,0,0,0,0,0,0,0,0,0,選択なし/該当施設なし,,選択なし/該当施設なし,,"1,000円以上 3,000円未満",とても満足,,とても満足,,感じなかった,,10,,,,
209069,web,男,1967,59,50代,石川県,能美市,600万円以上 700万円未満,mobile/iphone,2026-09-29 18:54:39,9月,花の駅 ゆりの里公園 エリア,14.花の駅 ゆりの里公園 エリア,坂井市,あわら市・坂井市,(一社)DMOさかい観光局,日帰り,福井県内には宿泊しない,福井県内には宿泊しない,自宅,夫婦2人,"ドライブ・ツーリング
",0,0,0,0,0,0,0,0,0,0,0,0,0,0,1,0,0,0,"自家用車
",1,0,0,0,0,0,0,0,"自家用車
",1,0,0,0,0,0,0,0,0,,,使わない,"3,000円以上 5,000円未満","3,000円以上 5,000円未満",11回目以上,"インターネット・アプリ
",0,0,0,0,0,1,0,0,0,0,0,0,0,0,0,選択なし/該当施設なし,,選択なし/該当施設なし,,"1,000円以上 3,000円未満",とても満足,,とても満足,,感じなかった,,10,,,,
209069,web,男,1967,59,50代,石川県,能美市,600万円以上 700万円未満,mobile/iphone,2026-09-29 18:53:53,9月,丸岡城 エリア,13.丸岡城 エリア,坂井市,あわら市・坂井市,(一社)DMOさかい観光局,日帰り,福井県内には宿泊しない,福井県内には宿泊しない,自宅,夫婦2人,"ドライブ・ツーリング
",0,0,0,0,0,0,0,0,0,0,0,0,0,0,1,0,0,0,"自家用車
",1,0,0,0,0,0,0,0,"自家用車
",1,0,0,0,0,0,0,0,0,,,使わない,"3,000円以上 5,000円未満","3,000円以上 5,000円未満",11回目以上,"インターネット・アプリ
",0,0,0,0,0,1,0,0,0,0,0,0,0,0,0,選択なし/該当施設なし,,選択なし/該当施設なし,,"1,000円以上 3,000円未満",とても満足,,とても満足,,感じなかった,,10,,,,
209069,web,男,1967,59,50代,石川県,能美市,600万円以上 700万円未満,mobile/iphone,2026-09-29 18:53:09,9月,竹田エリア,91.竹田エリア,坂井市,あわら市・坂井市,(一社)DMOさかい観光局,日帰り,福井県内には宿泊しない,福井県内には宿泊しない,自宅,夫婦2人,"ドライブ・ツーリング
",0,0,0,0,0,0,0,0,0,0,0,0,0,0,1,0,0,0,"自家用車
",1,0,0,0,0,0,0,0,"自家用車
",1,0,0,0,0,0,0,0,0,,,使わない,"3,000円以上 5,000円未満","3,000円以上 5,000円未満",11回目以上,"インターネット・アプリ
",0,0,0,0,0,1,0,0,0,0,0,0,0,0,0,選択なし/該当施設なし,,選択なし/該当施設なし,,"1,000円以上 3,000円未満",とても満足,,とても満足,,感じなかった,,10,,,,
209069,web,男,1967,59,50代,石川県,能美市,600万円以上 700万円未満,mobile/iphone,2026-09-29 18:52:27,9月,道の駅「恐竜渓谷かつやま」 エリア,26.道の駅「恐竜渓谷かつやま」 エリア,勝山市,勝山市・大野市,勝山市観光まちづくり(株),日帰り,福井県内には宿泊しない,福井県内には宿泊しない,自宅,夫婦2人,"ドライブ・ツーリング
",0,0,0,0,0,0,0,0,0,0,0,0,0,0,1,0,0,0,"自家用車
",1,0,0,0,0,0,0,0,"自家用車
",1,0,0,0,0,0,0,0,0,,,使わない,"3,000円以上 5,000円未満","3,000円以上 5,000円未満",11回目以上,"インターネット・アプリ
",0,0,0,0,0,1,0,0,0,0,0,0,0,0,0,選択なし/該当施設なし,,選択なし/該当施設なし,,"1,000円以上 3,000円未満",とても満足,,とても満足,,感じなかった,,10,,,,
209069,web,男,1967,59,50代,石川県,能美市,600万円以上 700万円未満,mobile/iphone,2026-09-29 18:51:44,9月,はたや記念館 ゆめおーれ勝山 エリア,30.はたや記念館 ゆめおーれ勝山 エリア,勝山市,勝山市・大野市,勝山市観光まちづくり(株),日帰り,福井県内には宿泊しない,福井県内には宿泊しない,自宅,夫婦2人,"ドライブ・ツーリング
",0,0,0,0,0,0,0,0,0,0,0,0,0,0,1,0,0,0,"自家用車
",1,0,0,0,0,0,0,0,"自家用車
",1,0,0,0,0,0,0,0,0,,,使わない,"3,000円以上 5,000円未満","3,000円以上 5,000円未満",11回目以上,"インターネット・アプリ
",0,0,0,0,0,1,0,0,0,0,0,0,0,0,0,選択なし/該当施設なし,,選択なし/該当施設なし,,使わない,とても満足,,とても満足,,感じなかった,,10,,,,
209069,web,男,1967,59,50代,石川県,能美市,600万円以上 700万円未満,mobile/iphone,2026-09-29 18:51:02,9月,平泉寺白山神社 エリア,29.平泉寺白山神社 エリア,勝山市,勝山市・大野市,勝山市観光まちづくり(株),日帰り,福井県内には宿泊しない,福井県内には宿泊しない,自宅,夫婦2人,"ドライブ・ツーリング
",0,0,0,0,0,0,0,0,0,0,0,0,0,0,1,0,0,0,"自家用車
",1,0,0,0,0,0,0,0,"自家用車
",1,0,0,0,0,0,0,0,0,,,使わない,"3,000円以上 5,000円未満","3,000円以上 5,000円未満",11回目以上,"インターネット・アプリ
",0,0,0,0,0,1,0,0,0,0,0,0,0,0,0,選択なし/該当施設なし,,選択なし/該当施設なし,,"1,000円以上 3,000円未満",とても満足,,とても満足,,感じなかった,,10,,,,
209069,web,男,1967,59,50代,石川県,能美市,600万円以上 700万円未満,mobile/iphone,2026-09-29 18:50:22,9月,越前大野城・城下町 エリア,21.越前大野城・城下町 エリア,大野市,勝山市・大野市,,日帰り,福井県内には宿泊しない,福井県内には宿泊しない,自宅,夫婦2人,"ドライブ・ツーリング
",0,0,0,0,0,0,0,0,0,0,0,0,0,0,1,0,0,0,"自家用車
",1,0,0,0,0,0,0,0,"自家用車
",1,0,0,0,0,0,0,0,0,,,使わない,"3,000円以上 5,000円未満","3,000円以上 5,000円未満",11回目以上,"インターネット・アプリ
",0,0,0,0,0,1,0,0,0,0,0,0,0,0,0,選択なし/該当施設なし,,選択なし/該当施設なし,,"1,000円以上 3,000円未満",とても満足,,とても満足,,感じなかった,,10,,,,
209069,web,男,1967,59,50代,石川県,能美市,600万円以上 700万円未満,mobile/iphone,2026-09-29 18:49:36,9月,六呂師高原 エリア,24.六呂師高原 エリア,大野市,勝山市・大野市,,日帰り,福井県内には宿泊しない,福井県内には宿泊しない,自宅,夫婦2人,"ドライブ・ツーリング
",0,0,0,0,0,0,0,0,0,0,0,0,0,0,1,0,0,0,"自家用車
",1,0,0,0,0,0,0,0,"自家用車
",1,0,0,0,0,0,0,0,0,,,使わない,"3,000円以上 5,000円未満","3,000円以上 5,000円未満",11回目以上,"インターネット・アプリ
",0,0,0,0,0,1,0,0,0,0,0,0,0,0,0,選択なし/該当施設なし,,選択なし/該当施設なし,,使わない,とても満足,,とても満足,,感じなかった,,10,,,,
209069,web,男,1967,59,50代,石川県,能美市,600万円以上 700万円未満,mobile/iphone,2026-09-29 18:48:54,9月,道の駅「越前おおの荒島の郷」 エリア,22.道の駅「越前おおの荒島の郷」 エリア,大野市,勝山市・大野市,,日帰り,福井県内には宿泊しない,福井県内には宿泊しない,自宅,夫婦2人,"ドライブ・ツーリング
",0,0,0,0,0,0,0,0,0,0,0,0,0,0,1,0,0,0,"自家用車
",1,0,0,0,0,0,0,0,"自家用車
",1,0,0,0,0,0,0,0,0,,,使わない,"3,000円以上 5,000円未満","3,000円以上 5,000円未満",11回目以上,"インターネット・アプリ
",0,0,0,0,0,1,0,0,0,0,0,0,0,0,0,選択なし/該当施設なし,,選択なし/該当施設なし,,"1,000円以上 3,000円未満",とても満足,,とても満足,,感じなかった,,10,,,,
209069,web,男,1967,59,50代,石川県,能美市,600万円以上 700万円未満,mobile/iphone,2026-09-29 18:48:02,9月,道の駅「禅の里」 エリア,35.道の駅「禅の里」 エリア,永平寺町,福井市・永平寺町,,日帰り,福井県内には宿泊しない,福井県内には宿泊しない,自宅,夫婦2人,"ドライブ・ツーリング
",0,0,0,0,0,0,0,0,0,0,0,0,0,0,1,0,0,0,"自家用車
",1,0,0,0,0,0,0,0,"自家用車
",1,0,0,0,0,0,0,0,0,,,使わない,"3,000円以上 5,000円未満","3,000円以上 5,000円未満",11回目以上,"インターネット・アプリ
",0,0,0,0,0,1,0,0,0,0,0,0,0,0,0,選択なし/該当施設なし,,選択なし/該当施設なし,,"1,000円以上 3,000円未満",とても満足,,とても満足,,感じなかった,,10,,,,
209069,web,男,1967,59,50代,石川県,能美市,600万円以上 700万円未満,mobile/iphone,2026-09-29 18:47:17,9月,えちぜん鉄道 永平寺口駅 エリア,31.えちぜん鉄道 永平寺口駅 エリア,永平寺町,福井市・永平寺町,,日帰り,福井県内には宿泊しない,福井県内には宿泊しない,自宅,夫婦2人,"ドライブ・ツーリング
",0,0,0,0,0,0,0,0,0,0,0,0,0,0,1,0,0,0,"自家用車
",1,0,0,0,0,0,0,0,"自家用車
",1,0,0,0,0,0,0,0,0,,,使わない,"3,000円以上 5,000円未満","3,000円以上 5,000円未満",11回目以上,"インターネット・アプリ
",0,0,0,0,0,1,0,0,0,0,0,0,0,0,0,選択なし/該当施設なし,,選択なし/該当施設なし,,使わない,とても満足,,とても満足,,感じなかった,,10,,,,
209069,web,男,1967,59,50代,石川県,能美市,600万円以上 700万円未満,mobile/iphone,2026-09-29 18:46:36,9月,えちぜん鉄道 松岡駅 エリア,33.えちぜん鉄道 松岡駅 エリア,永平寺町,福井市・永平寺町,,日帰り,福井県内には宿泊しない,福井県内には宿泊しない,自宅,夫婦2人,"ドライブ・ツーリング
",0,0,0,0,0,0,0,0,0,0,0,0,0,0,1,0,0,0,"自家用車
",1,0,0,0,0,0,0,0,"自家用車
",1,0,0,0,0,0,0,0,0,,,使わない,"3,000円以上 5,000円未満","3,000円以上 5,000円未満",11回目以上,"インターネット・アプリ
",0,0,0,0,0,1,0,0,0,0,0,0,0,0,0,選択なし/該当施設なし,,選択なし/該当施設なし,,使わない,とても満足,,とても満足,,感じなかった,,10,,,,
209069,web,男,1967,59,50代,石川県,能美市,600万円以上 700万円未満,mobile/iphone,2026-09-29 18:45:55,9月,大本山 永平寺 エリア,34.大本山 永平寺 エリア,永平寺町,福井市・永平寺町,,日帰り,福井県内には宿泊しない,福井県内には宿泊しない,自宅,夫婦2人,"ドライブ・ツーリング
",0,0,0,0,0,0,0,0,0,0,0,0,0,0,1,0,0,0,"自家用車
",1,0,0,0,0,0,0,0,"自家用車
",1,0,0,0,0,0,0,0,0,,,使わない,"3,000円以上 5,000円未満","3,000円以上 5,000円未満",11回目以上,"インターネット・アプリ
",0,0,0,0,0,1,0,0,0,0,0,0,0,0,0,選択なし/該当施設なし,,選択なし/該当施設なし,,"1,000円以上 3,000円未満",とても満足,,とても満足,,感じなかった,,10,,,,
209069,web,男,1967,59,50代,石川県,能美市,600万円以上 700万円未満,mobile/iphone,2026-09-29 18:45:03,9月,一乗谷朝倉氏遺跡 エリア,06.一乗谷朝倉氏遺跡 エリア,福井市,福井市・永平寺町,,日帰り,福井県内には宿泊しない,福井県内には宿泊しない,自宅,夫婦2人,"ドライブ・ツーリング
",0,0,0,0,0,0,0,0,0,0,0,0,0,0,1,0,0,0,"自家用車
",1,0,0,0,0,0,0,0,"自家用車
",1,0,0,0,0,0,0,0,0,,,使わない,"3,000円以上 5,000円未満","3,000円以上 5,000円未満",11回目以上,"インターネット・アプリ
",0,0,0,0,0,1,0,0,0,0,0,0,0,0,0,選択なし/該当施設なし,,選択なし/該当施設なし,,"1,000円以上 3,000円未満",とても満足,,とても満足,,感じなかった,,10,,,,
209069,web,男,1967,59,50代,石川県,能美市,600万円以上 700万円未満,mobile/iphone,2026-09-29 18:44:20,9月,まちの駅 こってコテいけだ エリア,47.まちの駅 こってコテいけだ エリア,池田町,丹南,（一財）いけだ農村観光公社,日帰り,福井県内には宿泊しない,福井県内には宿泊しない,自宅,夫婦2人,"ドライブ・ツーリング
",0,0,0,0,0,0,0,0,0,0,0,0,0,0,1,0,0,0,"自家用車
",1,0,0,0,0,0,0,0,"自家用車
",1,0,0,0,0,0,0,0,0,,,使わない,"3,000円以上 5,000円未満","3,000円以上 5,000円未満",11回目以上,"インターネット・アプリ
",0,0,0,0,0,1,0,0,0,0,0,0,0,0,0,選択なし/該当施設なし,,選択なし/該当施設なし,,"1,000円以上 3,000円未満",とても満足,,とても満足,,感じなかった,,10,,,,
209069,web,男,1967,59,50代,石川県,能美市,600万円以上 700万円未満,mobile/iphone,2026-09-29 18:43:33,9月,かずら橋 エリア,48.かずら橋 エリア,池田町,丹南,（一財）いけだ農村観光公社,日帰り,福井県内には宿泊しない,福井県内には宿泊しない,自宅,夫婦2人,"ドライブ・ツーリング
",0,0,0,0,0,0,0,0,0,0,0,0,0,0,1,0,0,0,"自家用車
",1,0,0,0,0,0,0,0,"自家用車
",1,0,0,0,0,0,0,0,0,,,使わない,"3,000円以上 5,000円未満","3,000円以上 5,000円未満",11回目以上,"インターネット・アプリ
",0,0,0,0,0,1,0,0,0,0,0,0,0,0,0,選択なし/該当施設なし,,選択なし/該当施設なし,,"1,000円以上 3,000円未満",とても満足,,とても満足,,感じなかった,,10,,,,
209069,web,男,1967,59,50代,石川県,能美市,600万円以上 700万円未満,mobile/iphone,2026-09-29 18:42:49,9月,うるしの里 エリア,46.うるしの里 エリア,鯖江市,丹南,,日帰り,福井県内には宿泊しない,福井県内には宿泊しない,自宅,夫婦2人,"ドライブ・ツーリング
",0,0,0,0,0,0,0,0,0,0,0,0,0,0,1,0,0,0,"自家用車
",1,0,0,0,0,0,0,0,"自家用車
",1,0,0,0,0,0,0,0,0,,,使わない,"3,000円以上 5,000円未満","3,000円以上 5,000円未満",11回目以上,"インターネット・アプリ
",0,0,0,0,0,1,0,0,0,0,0,0,0,0,0,選択なし/該当施設なし,,選択なし/該当施設なし,,"1,000円以上 3,000円未満",とても満足,,とても満足,,感じなかった,,10,,,,
209069,web,男,1967,59,50代,石川県,能美市,600万円以上 700万円未満,mobile/iphone,2026-09-29 18:42:02,9月,越前和紙の里 エリア,36.越前和紙の里 エリア,越前市,丹南,,日帰り,福井県内には宿泊しない,福井県内には宿泊しない,自宅,夫婦2人,"ドライブ・ツーリング
",0,0,0,0,0,0,0,0,0,0,0,0,0,0,1,0,0,0,"自家用車
",1,0,0,0,0,0,0,0,"自家用車
",1,0,0,0,0,0,0,0,0,,,使わない,"3,000円以上 5,000円未満","3,000円以上 5,000円未満",11回目以上,"インターネット・アプリ
",0,0,0,0,0,1,0,0,0,0,0,0,0,0,0,選択なし/該当施設なし,,選択なし/該当施設なし,,"1,000円以上 3,000円未満",とても満足,,とても満足,,感じなかった,,10,,,,
209069,web,男,1967,59,50代,石川県,能美市,600万円以上 700万円未満,mobile/iphone,2026-09-29 18:40:52,9月,メガネストリート エリア,45.メガネストリート エリア,鯖江市,丹南,,日帰り,福井県内には宿泊しない,福井県内には宿泊しない,自宅,夫婦2人,"ドライブ・ツーリング
",0,0,0,0,0,0,0,0,0,0,0,0,0,0,1,0,0,0,"自家用車
",1,0,0,0,0,0,0,0,"自家用車
",1,0,0,0,0,0,0,0,0,,,使わない,"3,000円以上 5,000円未満","3,000円以上 5,000円未満",11回目以上,"インターネット・アプリ
",0,0,0,0,0,1,0,0,0,0,0,0,0,0,0,選択なし/該当施設なし,,選択なし/該当施設なし,,"1,000円以上 3,000円未満",とても満足,,とても満足,,感じなかった,,10,,,,
209069,web,男,1967,59,50代,石川県,能美市,600万円以上 700万円未満,mobile/iphone,2026-09-29 18:40:08,9月,北陸新幹線 越前たけふ駅 エリア,38.北陸新幹線 越前たけふ駅 エリア,越前市,丹南,,日帰り,福井県内には宿泊しない,福井県内には宿泊しない,自宅,夫婦2人,"ドライブ・ツーリング
",0,0,0,0,0,0,0,0,0,0,0,0,0,0,1,0,0,0,"自家用車
",1,0,0,0,0,0,0,0,"自家用車
",1,0,0,0,0,0,0,0,0,,,使わない,"3,000円以上 5,000円未満","3,000円以上 5,000円未満",11回目以上,"インターネット・アプリ
",0,0,0,0,0,1,0,0,0,0,0,0,0,0,0,選択なし/該当施設なし,,選択なし/該当施設なし,,"1,000円以上 3,000円未満",とても満足,,とても満足,,感じなかった,,10,,,,
209069,web,男,1967,59,50代,石川県,能美市,600万円以上 700万円未満,mobile/iphone,2026-09-29 18:39:27,9月,道の駅「西山公園」 エリア,44.道の駅「西山公園」 エリア,鯖江市,丹南,,日帰り,福井県内には宿泊しない,福井県内には宿泊しない,自宅,夫婦2人,"ドライブ・ツーリング
",0,0,0,0,0,0,0,0,0,0,0,0,0,0,1,0,0,0,"自家用車
",1,0,0,0,0,0,0,0,"自家用車
",1,0,0,0,0,0,0,0,0,,,使わない,"3,000円以上 5,000円未満","3,000円以上 5,000円未満",11回目以上,"インターネット・アプリ
",0,0,0,0,0,1,0,0,0,0,0,0,0,0,0,選択なし/該当施設なし,,選択なし/該当施設なし,,"1,000円以上 3,000円未満",とても満足,,とても満足,,感じなかった,,10,,,,
209069,web,男,1967,59,50代,石川県,能美市,600万円以上 700万円未満,mobile/iphone,2026-09-29 18:38:46,9月,道の駅「パークイン丹生ヶ丘」 エリア,50.道の駅「パークイン丹生ヶ丘」 エリア,越前町,丹南,一般社団法人 越前町観光連盟（DMO ECHIZEN）,日帰り,福井県内には宿泊しない,福井県内には宿泊しない,自宅,夫婦2人,"ドライブ・ツーリング
",0,0,0,0,0,0,0,0,0,0,0,0,0,0,1,0,0,0,"自家用車
",1,0,0,0,0,0,0,0,"自家用車
",1,0,0,0,0,0,0,0,0,,,使わない,"3,000円以上 5,000円未満","3,000円以上 5,000円未満",11回目以上,"インターネット・アプリ
",0,0,0,0,0,1,0,0,0,0,0,0,0,0,0,選択なし/該当施設なし,,選択なし/該当施設なし,,"1,000円以上 3,000円未満",とても満足,,とても満足,,感じなかった,,10,,,,
209069,web,男,1967,59,50代,石川県,能美市,600万円以上 700万円未満,mobile/iphone,2026-09-29 18:38:04,9月,道の駅「越前」 エリア,49.道の駅「越前」 エリア,越前町,丹南,一般社団法人 越前町観光連盟（DMO ECHIZEN）,日帰り,福井県内には宿泊しない,福井県内には宿泊しない,自宅,夫婦2人,"ドライブ・ツーリング
",0,0,0,0,0,0,0,0,0,0,0,0,0,0,1,0,0,0,"自家用車
",1,0,0,0,0,0,0,0,"自家用車
",1,0,0,0,0,0,0,0,0,,,使わない,"3,000円以上 5,000円未満","3,000円以上 5,000円未満",11回目以上,"インターネット・アプリ
",0,0,0,0,0,1,0,0,0,0,0,0,0,0,0,選択なし/該当施設なし,,選択なし/該当施設なし,,"1,000円以上 3,000円未満",とても満足,,とても満足,,感じなかった,,10,,,,
209069,web,男,1967,59,50代,石川県,能美市,600万円以上 700万円未満,mobile/iphone,2026-09-29 18:37:21,9月,越前陶芸村 エリア,52.越前陶芸村 エリア,越前町,丹南,一般社団法人 越前町観光連盟（DMO ECHIZEN）,日帰り,福井県内には宿泊しない,福井県内には宿泊しない,自宅,夫婦2人,"ドライブ・ツーリング
",0,0,0,0,0,0,0,0,0,0,0,0,0,0,1,0,0,0,"自家用車
",1,0,0,0,0,0,0,0,"自家用車
",1,0,0,0,0,0,0,0,0,,,使わない,"3,000円以上 5,000円未満","3,000円以上 5,000円未満",11回目以上,"インターネット・アプリ
",0,0,0,0,0,1,0,0,0,0,0,0,0,0,0,選択なし/該当施設なし,,選択なし/該当施設なし,,"10,000円以上 20,000円未満",とても満足,,とても満足,,感じなかった,,10,,,,
209069,web,男,1967,59,50代,石川県,能美市,600万円以上 700万円未満,mobile/iphone,2026-09-29 18:36:29,9月,劔神社 エリア,51.劔神社 エリア,越前町,丹南,一般社団法人 越前町観光連盟（DMO ECHIZEN）,日帰り,福井県内には宿泊しない,福井県内には宿泊しない,自宅,夫婦2人,"ドライブ・ツーリング
",0,0,0,0,0,0,0,0,0,0,0,0,0,0,1,0,0,0,"自家用車
",1,0,0,0,0,0,0,0,"自家用車
",1,0,0,0,0,0,0,0,0,,,使わない,"3,000円以上 5,000円未満","3,000円以上 5,000円未満",2～5回目,"インターネット・アプリ
",0,0,0,0,0,1,0,0,0,0,0,0,0,0,0,選択なし/該当施設なし,,選択なし/該当施設なし,,"1,000円以上 3,000円未満",とても満足,,とても満足,,感じなかった,,10,,,,
209069,web,男,1967,59,50代,石川県,能美市,600万円以上 700万円未満,mobile/iphone,2026-09-29 18:35:33,9月,紫式部公園 エリア,41.紫式部公園 エリア,越前市,丹南,,日帰り,福井県内には宿泊しない,福井県内には宿泊しない,自宅,夫婦2人,"ドライブ・ツーリング
",0,0,0,0,0,0,0,0,0,0,0,0,0,0,1,0,0,0,"自家用車
",1,0,0,0,0,0,0,0,"自家用車
",1,0,0,0,0,0,0,0,0,,,使わない,"3,000円以上 5,000円未満","3,000円以上 5,000円未満",11回目以上,"インターネット・アプリ
",0,0,0,0,0,1,0,0,0,0,0,0,0,0,0,選択なし/該当施設なし,,選択なし/該当施設なし,,"1,000円以上 3,000円未満",とても満足,,とても満足,,感じなかった,,10,,,,
209069,web,男,1967,59,50代,石川県,能美市,600万円以上 700万円未満,mobile/iphone,2026-09-29 18:34:18,9月,道の駅「南えちぜん山海里」 エリア,58.道の駅「南えちぜん山海里」 エリア,南越前町,丹南,,日帰り,福井県内には宿泊しない,福井県内には宿泊しない,自宅,夫婦2人,"ドライブ・ツーリング
",0,0,0,0,0,0,0,0,0,0,0,0,0,0,1,0,0,0,"自家用車
",1,0,0,0,0,0,0,0,"自家用車
",1,0,0,0,0,0,0,0,0,,,使わない,"3,000円以上 5,000円未満","3,000円以上 5,000円未満",11回目以上,"インターネット・アプリ
",0,0,0,0,0,1,0,0,0,0,0,0,0,0,0,選択なし/該当施設なし,,選択なし/該当施設なし,,"1,000円以上 3,000円未満",とても満足,,とても満足,,感じなかった,,10,,,,
209069,web,男,1967,59,50代,石川県,能美市,600万円以上 700万円未満,mobile/iphone,2026-09-29 18:33:27,9月,JR敦賀駅前 エリア,63.JR敦賀駅前 エリア,敦賀市,嶺南東部,,日帰り,福井県内には宿泊しない,福井県内には宿泊しない,自宅,夫婦2人,"ドライブ・ツーリング
",0,0,0,0,0,0,0,0,0,0,0,0,0,0,1,0,0,0,"自家用車
",1,0,0,0,0,0,0,0,"自家用車
",1,0,0,0,0,0,0,0,0,,,使わない,"3,000円以上 5,000円未満","3,000円以上 5,000円未満",11回目以上,"インターネット・アプリ
",0,0,0,0,0,1,0,0,0,0,0,0,0,0,0,選択なし/該当施設なし,,選択なし/該当施設なし,,"1,000円以上 3,000円未満",とても満足,,とても満足,,感じなかった,,10,,,,
209069,web,男,1967,59,50代,石川県,能美市,600万円以上 700万円未満,mobile/iphone,2026-09-29 18:32:44,9月,金ヶ崎 エリア,64.金ヶ崎 エリア,敦賀市,嶺南東部,,日帰り,福井県内には宿泊しない,福井県内には宿泊しない,自宅,夫婦2人,"ドライブ・ツーリング
",0,0,0,0,0,0,0,0,0,0,0,0,0,0,1,0,0,0,"自家用車
",1,0,0,0,0,0,0,0,"自家用車
",1,0,0,0,0,0,0,0,0,,,使わない,"3,000円以上 5,000円未満","3,000円以上 5,000円未満",11回目以上,"インターネット・アプリ
",0,0,0,0,0,1,0,0,0,0,0,0,0,0,0,選択なし/該当施設なし,,選択なし/該当施設なし,,"1,000円以上 3,000円未満",とても満足,,とても満足,,感じなかった,,10,,,,
209069,web,男,1967,59,50代,石川県,能美市,600万円以上 700万円未満,mobile/iphone,2026-09-29 18:31:57,9月,JR美浜駅 エリア,79.JR美浜駅 エリア,美浜町,嶺南東部,三方五湖DMO(株),日帰り,福井県内には宿泊しない,福井県内には宿泊しない,自宅,夫婦2人,"ドライブ・ツーリング
",0,0,0,0,0,0,0,0,0,0,0,0,0,0,1,0,0,0,"自家用車
",1,0,0,0,0,0,0,0,"自家用車
",1,0,0,0,0,0,0,0,0,,,使わない,"3,000円以上 5,000円未満","3,000円以上 5,000円未満",2～5回目,"インターネット・アプリ
",0,0,0,0,0,1,0,0,0,0,0,0,0,0,0,選択なし/該当施設なし,,選択なし/該当施設なし,,"1,000円以上 3,000円未満",とても満足,,とても満足,,感じなかった,,10,,,,
209069,web,男,1967,59,50代,石川県,能美市,600万円以上 700万円未満,mobile/iphone,2026-09-29 18:31:11,9月,道の駅「三方五湖」  エリア,83.道の駅「三方五湖」 エリア,若狭町,嶺南東部,三方五湖DMO(株),日帰り,福井県内には宿泊しない,福井県内には宿泊しない,自宅,夫婦2人,"ドライブ・ツーリング
",0,0,0,0,0,0,0,0,0,0,0,0,0,0,1,0,0,0,"自家用車
",1,0,0,0,0,0,0,0,"自家用車
",1,0,0,0,0,0,0,0,0,,,使わない,"3,000円以上 5,000円未満","3,000円以上 5,000円未満",2～5回目,"インターネット・アプリ
",0,0,0,0,0,1,0,0,0,0,0,0,0,0,0,選択なし/該当施設なし,,選択なし/該当施設なし,,"1,000円以上 3,000円未満",とても満足,,とても満足,,感じなかった,,10,,,,
209069,web,男,1967,59,50代,石川県,能美市,600万円以上 700万円未満,mobile/iphone,2026-09-29 18:30:26,9月,道の駅「若狭おばま」 エリア,68.道の駅「若狭おばま」 エリア,小浜市,嶺南西部,(株)まちづくり小浜,日帰り,福井県内には宿泊しない,福井県内には宿泊しない,自宅,夫婦2人,"ドライブ・ツーリング
",0,0,0,0,0,0,0,0,0,0,0,0,0,0,1,0,0,0,"自家用車
",1,0,0,0,0,0,0,0,"自家用車
",1,0,0,0,0,0,0,0,0,,,使わない,"3,000円以上 5,000円未満","3,000円以上 5,000円未満",2～5回目,"インターネット・アプリ
",0,0,0,0,0,1,0,0,0,0,0,0,0,0,0,選択なし/該当施設なし,,選択なし/該当施設なし,,"1,000円以上 3,000円未満",とても満足,,とても満足,,感じなかった,,10,,,,
209069,web,男,1967,59,50代,石川県,能美市,600万円以上 700万円未満,mobile/iphone,2026-09-29 18:28:44,9月,うみんぴあ大飯 エリア,84.うみんぴあ大飯 エリア,おおい町,嶺南西部,,日帰り,福井県内には宿泊しない,福井県内には宿泊しない,自宅,夫婦2人,"ドライブ・ツーリング
",0,0,0,0,0,0,0,0,0,0,0,0,0,0,1,0,0,0,"自家用車
",1,0,0,0,0,0,0,0,"自家用車
",1,0,0,0,0,0,0,0,0,,,使わない,"3,000円以上 5,000円未満","3,000円以上 5,000円未満",2～5回目,"インターネット・アプリ
",0,0,0,0,0,1,0,0,0,0,0,0,0,0,0,選択なし/該当施設なし,,選択なし/該当施設なし,,"1,000円以上 3,000円未満",とても満足,,とても満足,,感じなかった,,10,,,,
209069,web,男,1967,59,50代,石川県,能美市,600万円以上 700万円未満,mobile/iphone,2026-09-29 18:27:50,9月,明通寺 エリア,73.明通寺 エリア,小浜市,嶺南西部,(株)まちづくり小浜,日帰り,福井県内には宿泊しない,福井県内には宿泊しない,自宅,夫婦2人,"地元の美味しいものを食べる
名所、旧跡の観光
まちあるき、都市散策
ドライブ・ツーリング
",0,0,1,0,1,0,0,0,0,0,1,0,0,0,1,0,0,0,"自家用車
",1,0,0,0,0,0,0,0,"自家用車
",1,0,0,0,0,0,0,0,0,,,使わない,"3,000円以上 5,000円未満","3,000円以上 5,000円未満",2～5回目,"インターネット・アプリ
",0,0,0,0,0,1,0,0,0,0,0,0,0,0,0,選択なし/該当施設なし,,選択なし/該当施設なし,,"1,000円以上 3,000円未満",とても満足,,とても満足,,感じなかった,,10,,,,
108494,御食国若狭おばま食文化館 エリア,女,1986,40,40代,京都府,京都市北区,700万円以上 800万円未満,mobile/iphone,2026-09-29 17:16:38,9月,小浜 エリア（宿泊施設）,69.小浜 エリア（宿泊施設）,小浜市,嶺南西部,(株)まちづくり小浜,1泊,1泊,嶺南エリア（敦賀市・美浜町・若狭町・小浜市・おおい町・高浜町）,滋賀県,小学生以下連れの家族,"宿でのんびり過ごす
温泉や露天風呂
地元の美味しいものを食べる
",1,1,1,0,0,0,0,0,0,0,0,0,0,0,0,0,0,0,"自家用車
",1,0,0,0,0,0,0,0,"自家用車
",1,0,0,0,0,0,0,0,0,,,"10,000円以上 20,000円未満","3,000円以上 5,000円未満","10,000円以上 20,000円未満",11回目以上,"観光展・物産展
観光パンフレット・ポスター
Twitter
Instagram
",1,0,0,1,0,0,1,1,0,0,0,0,0,0,0,敦賀赤レンガ倉庫,,選択なし/該当施設なし,,"10,000円以上 20,000円未満",とても満足,,とても満足,,感じなかった,,8,,,また行きたい（1年以内）,飲食イベントや子供が参加できる季節イベントをたくさんしてほしいです！
127672,web,男,1952,74,70代,福井県,越前市,600万円以上 700万円未満,mobile/iphone,2026-09-29 16:47:01,9月,福井駅前 エリア,01.福井駅前 エリア,福井市,福井市・永平寺町,,1泊,1泊,福井エリア（福井市・永平寺町）,福井県外には宿泊しない,夫婦2人,"宿でのんびり過ごす
",1,0,0,0,0,0,0,0,0,0,0,0,0,0,0,0,0,0,"県外から訪れていない（福井県在住）
",0,0,0,0,0,0,1,0,"自家用車
",1,0,0,0,0,0,0,0,0,,,"10,000円以上 20,000円未満",使わない,"10,000円以上 20,000円未満",11回目以上,"新聞・雑誌・ガイドブック
インターネット・アプリ
",0,1,0,0,0,1,0,0,0,0,0,0,0,0,0,選択なし/該当施設なし,,北の庄城址・柴田公園,,"10,000円以上 20,000円未満",満足,,満足,,感じなかった,,7,,,福井県在住,
180455,web,無回答,1995,31,30代,福井県,福井市,400万円以上 500万円未満,mobile/iphone,2026-09-29 16:37:32,9月,道の駅「若狭おばま」 エリア,68.道の駅「若狭おばま」 エリア,小浜市,嶺南西部,(株)まちづくり小浜,日帰り,1泊,嶺南エリア（敦賀市・美浜町・若狭町・小浜市・おおい町・高浜町）,福井県外には宿泊しない,小学生以下連れの家族,"温泉や露天風呂
",0,1,0,0,0,0,0,0,0,0,0,0,0,0,0,0,0,0,"自家用車
",1,0,0,0,0,0,0,0,"自家用車
",1,0,0,0,0,0,0,0,0,,,"1,000円未満","1,000円未満","1,000円未満",2～5回目,"観光展・物産展
",1,0,0,0,0,0,0,0,0,0,0,0,0,0,0,選択なし/該当施設なし,,選択なし/該当施設なし,,"1,000円未満",とても満足,,とても満足,,感じなかった,,10,,,,
209067,福井駅前 エリア,女,1970,56,50代,神奈川県,横浜市金沢区,分からない/無回答,mobile/android,2026-09-29 16:07:31,9月,福井駅前 エリア,01.福井駅前 エリア,福井市,福井市・永平寺町,,3泊,1泊,福井エリア（福井市・永平寺町）,石川県金沢市,自分ひとり,"宿でのんびり過ごす
温泉や露天風呂
地元の美味しいものを食べる
",1,1,1,0,0,0,0,0,0,0,0,0,0,0,0,0,0,0,"新幹線
",0,0,1,0,0,0,0,0,"徒歩
",0,0,0,0,0,0,1,0,0,,,"10,000円以上 20,000円未満","50,000円以上 100,000円未満","10,000円以上 20,000円未満",2～5回目,"観光パンフレット・ポスター
インターネット・アプリ
",0,0,0,1,0,1,0,0,0,0,0,0,0,0,0,福井駅,,選択なし/該当施設なし,,"1,000円以上 3,000円未満",満足,,満足,,感じなかった,,7,,,機会があれば行きたい,
209066,かつやま恐竜の森 エリア,男,1955,71,70代,富山県,高岡市,200万円以上 300万円未満,mobile/iphone,2026-09-29 15:31:07,9月,かつやま恐竜の森 エリア,25.かつやま恐竜の森 エリア,勝山市,勝山市・大野市,勝山市観光まちづくり(株),日帰り,福井県内には宿泊しない,福井県内には宿泊しない,福井県外には宿泊しない,職場の同僚,"その他
",0,0,0,0,0,0,0,0,0,0,0,0,0,0,0,0,0,公共施設見学,"旅行会社ツアーバス
",0,0,0,0,0,1,0,0,"自家用車
旅行会社ツアーバス
",1,0,0,0,1,0,0,0,0,どちらでもない,,使わない,使わない,"3,000円以上 5,000円未満",初めて,"インターネット・アプリ
Instagram
",0,0,0,0,0,1,0,1,0,0,0,0,0,0,0,選択なし/該当施設なし,福井地方裁判所,選択なし/該当施設なし,なし,"5,000円以上 10,000円未満",どちらでもない,,満足,,感じた,効率的な順路が分からなかった。,8,,,機会があれば行きたい,
208780,web,女,1971,55,50代,愛知県,春日井市,"1,500万円以上",mobile/iphone,2026-09-29 15:25:24,9月,越前大仏 エリア,28.越前大仏 エリア,勝山市,勝山市・大野市,勝山市観光まちづくり(株),3泊,3泊,福井エリア（福井市・永平寺町）,福井県外には宿泊しない,夫婦2人,"地元の美味しいものを食べる
名所、旧跡の観光
テーマパーク（遊園地、動物園、博物館など）
",0,0,1,0,1,1,0,0,0,0,0,0,0,0,0,0,0,0,"自家用車
",1,0,0,0,0,0,0,0,"自家用車
",1,0,0,0,0,0,0,0,0,,,"30,000円以上 40,000円未満","10,000円以上 20,000円未満","40,000円以上 50,000円未満",初めて,"インターネット・アプリ
",0,0,0,0,0,1,0,0,0,0,0,0,0,0,0,福井県立恐竜博物館,,丸岡城,,"1,000円未満",とても満足,"コスパがよい
五重塔にエレベーターがあるのは、足腰が悪いので助かりました
全体的に見応えのある施設でした
",満足,,感じなかった,,10,大仏殿が、とてもよかった,参道のお店が開いていなかったのは、残念,また行きたい（1年以内）,
209065,北陸新幹線 越前たけふ駅 エリア,男,1993,33,30代,愛知県,豊橋市,400万円以上 500万円未満,mobile/iphone,2026-09-29 14:59:23,9月,北陸新幹線 越前たけふ駅 エリア,38.北陸新幹線 越前たけふ駅 エリア,越前市,丹南,,1泊,1泊,越前エリア（越前市・越前町・鯖江市・池田町・南越前町）,石川県金沢市,小学生以下連れの家族,"宿でのんびり過ごす
テーマパーク（遊園地、動物園、博物館など）
買い物、アウトレット
",1,0,0,0,0,1,1,0,0,0,0,0,0,0,0,0,0,0,"自家用車
",1,0,0,0,0,0,0,0,"自家用車
",1,0,0,0,0,0,0,0,0,とても満足,,"10,000円以上 20,000円未満","3,000円以上 5,000円未満","10,000円以上 20,000円未満",初めて,"観光展・物産展
宿泊施設
",1,0,0,0,0,0,0,0,0,0,0,0,0,1,0,岡太神社・大瀧神社,,越前大野城,,"10,000円以上 20,000円未満",とても満足,,満足,,感じなかった,,9,,,,
208955,web,男,1989,37,30代,兵庫県,神戸市西区,"1,500万円以上",mobile/iphone,2026-09-29 14:42:18,9月,かつやま恐竜の森 エリア,25.かつやま恐竜の森 エリア,勝山市,勝山市・大野市,勝山市観光まちづくり(株),4泊以上,4泊以上,嶺南エリア（敦賀市・美浜町・若狭町・小浜市・おおい町・高浜町）,福井県外には宿泊しない,小学生以下連れの家族,"地元の美味しいものを食べる
",0,0,1,0,0,0,0,0,0,0,0,0,0,0,0,0,0,0,"自家用車
",1,0,0,0,0,0,0,0,"自家用車
",1,0,0,0,0,0,0,0,0,とても満足,,"100,000円以上","40,000円以上 50,000円未満","50,000円以上 100,000円未満",初めて,"観光展・物産展
",1,0,0,0,0,0,0,0,0,0,0,0,0,0,0,選択なし/該当施設なし,,選択なし/該当施設なし,,"10,000円以上 20,000円未満",とても満足,,とても満足,,感じなかった,,10,,,また行きたい（1年以内）,
209063,かにファクトリー 甲羅組 エリア,女,1966,60,60代,愛知県,一宮市,400万円以上 500万円未満,mobile/iphone,2026-09-29 14:15:27,9月,かにファクトリー 甲羅組 エリア,102.かにファクトリー 甲羅組 エリア,敦賀市,嶺南東部,,2泊,福井県内には宿泊しない,福井県内には宿泊しない,京都府,夫婦2人,"その他
",0,0,0,0,0,0,0,0,0,0,0,0,0,0,0,0,0,帰り道で立ち寄り,"自家用車
",1,0,0,0,0,0,0,0,"自家用車
",1,0,0,0,0,0,0,0,0,,,使わない,"5,000円以上 10,000円未満","1,000円未満",初めて,"TV・ラジオ番組やCM
",0,0,1,0,0,0,0,0,0,0,0,0,0,0,0,舞鶴（京都府）,,選択なし/該当施設なし,,使わない,どちらでもない,,どちらでもない,,感じた,案内看板がわかりにくい,7,,,また行きたい（1年以内）,
131789,フルーツライン エリア,女,1972,54,50代,福井県,福井市,分からない/無回答,mobile/android,2026-09-29 13:45:26,9月,三方五湖ネイチャークルーズ エリア,75.三方五湖ネイチャークルーズ エリア,美浜町,嶺南東部,三方五湖DMO(株),日帰り,福井県内には宿泊しない,福井県内には宿泊しない,名古屋市,中学生以上連れの家族,"買い物、アウトレット
アウトドア（海水浴、釣り、登山など）
",0,0,0,0,0,0,1,0,0,1,0,0,0,0,0,0,0,0,"県外から訪れていない（福井県在住）
",0,0,0,0,0,0,1,0,"自家用車
",1,0,0,0,0,0,0,0,0,,,使わない,"5,000円以上 10,000円未満","5,000円以上 10,000円未満",初めて,"その他
",0,0,0,0,0,0,0,0,0,0,0,0,0,0,グーグルマップ,道の駅「三方五湖」,,選択なし/該当施設なし,,"5,000円以上 10,000円未満",とても満足,"船長さんガイドさんとも気さくで、わかりやすく楽しいお話でよかったです。
三方五湖の成り立ちも知りたかった。湖の水深がなぜ違うのか？など。",とても満足,,感じなかった,,9,自然が素晴らしい。三方五湖を身近に感じられました。,カフェがお手頃価格で美味しかったです。,また行きたい（1年以内）,ここならではのお土産があるのがよかった。へしこなど。
190157,あわら湯のまち エリア,無回答,1985,41,40代,福井県,福井市,分からない/無回答,mobile/android,2026-09-29 13:42:50,9月,道の駅「西山公園」 エリア,44.道の駅「西山公園」 エリア,鯖江市,丹南,,日帰り,福井県内には宿泊しない,福井県内には宿泊しない,福井県外には宿泊しない,自分ひとり,"地元の美味しいものを食べる
",0,0,1,0,0,0,0,0,0,0,0,0,0,0,0,0,0,0,"自家用車
",1,0,0,0,0,0,0,0,"自家用車
",1,0,0,0,0,0,0,0,0,満足,,"1,000円未満","1,000円未満","1,000円未満",2～5回目,"友人・知人
",0,0,0,0,0,0,0,0,0,0,1,0,0,0,0,選択なし/該当施設なし,,選択なし/該当施設なし,,"1,000円未満",満足,,満足,,感じなかった,,8,,,福井県在住,
166997,道の駅「越前」 エリア,女,1956,70,70代,静岡県,静岡市葵区,300万円以上 400万円未満,mobile/android,2026-09-29 13:38:04,9月,JR九頭竜湖駅 エリア,23.JR九頭竜湖駅 エリア,大野市,勝山市・大野市,,4泊以上,3泊,越前エリア（越前市・越前町・鯖江市・池田町・南越前町）,岐阜県,夫婦2人,"ドライブ・ツーリング
",0,0,0,0,0,0,0,0,0,0,0,0,0,0,1,0,0,0,"自家用車
",1,0,0,0,0,0,0,0,"自家用車
",1,0,0,0,0,0,0,0,0,とても満足,,使わない,"5,000円以上 10,000円未満","5,000円以上 10,000円未満",2～5回目,"TV・ラジオ番組やCM
",0,0,1,0,0,0,0,0,0,0,0,0,0,0,0,敦賀赤レンガ倉庫,,選択なし/該当施設なし,,"1,000円未満",満足,,満足,,感じなかった,,7,,,,
209055,かにファクトリー 甲羅組 エリア,男,1960,66,60代,神奈川県,足柄上郡,500万円以上 600万円未満,mobile/android,2026-09-29 13:19:24,9月,かにファクトリー 甲羅組 エリア,102.かにファクトリー 甲羅組 エリア,敦賀市,嶺南東部,,2泊,福井県内には宿泊しない,福井県内には宿泊しない,石川県加賀市,夫婦2人,"地元の美味しいものを食べる
",0,0,1,0,0,0,0,0,0,0,0,0,0,0,0,0,0,0,"新幹線
旅行会社ツアーバス
",0,0,1,0,0,1,0,0,"旅行会社ツアーバス
",0,0,0,0,1,0,0,0,0,どちらでもない,しょせんツアー,"5,000円以上 10,000円未満","10,000円以上 20,000円未満","3,000円以上 5,000円未満",初めて,"インターネット・アプリ
",0,0,0,0,0,1,0,0,0,0,0,0,0,0,0,岡太神社・大瀧神社,,東尋坊,,"1,000円以上 3,000円未満",満足,,不満,アンケート長い,感じなかった,,5,,,機会があれば行きたい,食はよい
149151,web,男,1997,29,20代,石川県,野々市市,500万円以上 600万円未満,mobile/iphone,2026-09-29 12:53:50,9月,明通寺 エリア,73.明通寺 エリア,小浜市,嶺南西部,(株)まちづくり小浜,日帰り,福井県内には宿泊しない,福井県内には宿泊しない,自宅,夫婦2人,"ドライブ・ツーリング
",0,0,0,0,0,0,0,0,0,0,0,0,0,0,1,0,0,0,"自家用車
",1,0,0,0,0,0,0,0,"自家用車
",1,0,0,0,0,0,0,0,0,,,使わない,"1,000円以上 3,000円未満","3,000円以上 5,000円未満",2～5回目,"インターネット・アプリ
",0,0,0,0,0,1,0,0,0,0,0,0,0,0,0,選択なし/該当施設なし,,選択なし/該当施設なし,,"1,000円以上 3,000円未満",とても満足,,とても満足,,感じなかった,,10,,,また行きたい（1年以内）,
149151,web,男,1997,29,20代,石川県,野々市市,500万円以上 600万円未満,mobile/iphone,2026-09-29 12:53:05,9月,うみんぴあ大飯 エリア,84.うみんぴあ大飯 エリア,おおい町,嶺南西部,,日帰り,福井県内には宿泊しない,福井県内には宿泊しない,自宅,夫婦2人,"ドライブ・ツーリング
",0,0,0,0,0,0,0,0,0,0,0,0,0,0,1,0,0,0,"自家用車
",1,0,0,0,0,0,0,0,"自家用車
",1,0,0,0,0,0,0,0,0,,,使わない,"1,000円以上 3,000円未満","3,000円以上 5,000円未満",2～5回目,"インターネット・アプリ
",0,0,0,0,0,1,0,0,0,0,0,0,0,0,0,選択なし/該当施設なし,,選択なし/該当施設なし,,"1,000円以上 3,000円未満",とても満足,,とても満足,,感じなかった,,10,,,また行きたい（1年以内）,
149151,web,男,1997,29,20代,石川県,野々市市,500万円以上 600万円未満,mobile/iphone,2026-09-29 12:52:22,9月,道の駅「若狭おばま」 エリア,68.道の駅「若狭おばま」 エリア,小浜市,嶺南西部,(株)まちづくり小浜,日帰り,福井県内には宿泊しない,福井県内には宿泊しない,自宅,夫婦2人,"ドライブ・ツーリング
",0,0,0,0,0,0,0,0,0,0,0,0,0,0,1,0,0,0,"自家用車
",1,0,0,0,0,0,0,0,"自家用車
",1,0,0,0,0,0,0,0,0,,,使わない,"1,000円以上 3,000円未満","3,000円以上 5,000円未満",2～5回目,"インターネット・アプリ
",0,0,0,0,0,1,0,0,0,0,0,0,0,0,0,選択なし/該当施設なし,,選択なし/該当施設なし,,"1,000円以上 3,000円未満",とても満足,,とても満足,,感じなかった,,10,,,また行きたい（1年以内）,
149151,web,男,1997,29,20代,石川県,野々市市,500万円以上 600万円未満,mobile/iphone,2026-09-29 12:51:28,9月,道の駅「三方五湖」  エリア,83.道の駅「三方五湖」 エリア,若狭町,嶺南東部,三方五湖DMO(株),日帰り,福井県内には宿泊しない,福井県内には宿泊しない,自宅,夫婦2人,"ドライブ・ツーリング
",0,0,0,0,0,0,0,0,0,0,0,0,0,0,1,0,0,0,"自家用車
",1,0,0,0,0,0,0,0,"自家用車
",1,0,0,0,0,0,0,0,0,,,使わない,"1,000円以上 3,000円未満","3,000円以上 5,000円未満",2～5回目,"インターネット・アプリ
",0,0,0,0,0,1,0,0,0,0,0,0,0,0,0,選択なし/該当施設なし,,選択なし/該当施設なし,,"1,000円以上 3,000円未満",とても満足,,とても満足,,感じなかった,,10,,,また行きたい（1年以内）,
149151,web,男,1997,29,20代,石川県,野々市市,500万円以上 600万円未満,mobile/iphone,2026-09-29 12:50:47,9月,JR美浜駅 エリア,79.JR美浜駅 エリア,美浜町,嶺南東部,三方五湖DMO(株),日帰り,福井県内には宿泊しない,福井県内には宿泊しない,自宅,夫婦2人,"ドライブ・ツーリング
",0,0,0,0,0,0,0,0,0,0,0,0,0,0,1,0,0,0,"自家用車
",1,0,0,0,0,0,0,0,"自家用車
",1,0,0,0,0,0,0,0,0,,,使わない,"1,000円以上 3,000円未満","3,000円以上 5,000円未満",2～5回目,"インターネット・アプリ
",0,0,0,0,0,1,0,0,0,0,0,0,0,0,0,選択なし/該当施設なし,,選択なし/該当施設なし,,"1,000円以上 3,000円未満",とても満足,,とても満足,,感じなかった,,10,,,また行きたい（1年以内）,
149151,web,男,1997,29,20代,石川県,野々市市,500万円以上 600万円未満,mobile/iphone,2026-09-29 12:49:59,9月,金ヶ崎 エリア,64.金ヶ崎 エリア,敦賀市,嶺南東部,,日帰り,福井県内には宿泊しない,福井県内には宿泊しない,自宅,夫婦2人,"ドライブ・ツーリング
",0,0,0,0,0,0,0,0,0,0,0,0,0,0,1,0,0,0,"自家用車
",1,0,0,0,0,0,0,0,"自家用車
",1,0,0,0,0,0,0,0,0,,,使わない,"1,000円以上 3,000円未満","3,000円以上 5,000円未満",11回目以上,"インターネット・アプリ
",0,0,0,0,0,1,0,0,0,0,0,0,0,0,0,選択なし/該当施設なし,,選択なし/該当施設なし,,"1,000円以上 3,000円未満",とても満足,,とても満足,,感じなかった,,10,,,また行きたい（1年以内）,
149151,web,男,1997,29,20代,石川県,野々市市,500万円以上 600万円未満,mobile/iphone,2026-09-29 12:49:13,9月,JR敦賀駅前 エリア,63.JR敦賀駅前 エリア,敦賀市,嶺南東部,,日帰り,福井県内には宿泊しない,福井県内には宿泊しない,自宅,夫婦2人,"ドライブ・ツーリング
",0,0,0,0,0,0,0,0,0,0,0,0,0,0,1,0,0,0,"自家用車
",1,0,0,0,0,0,0,0,"自家用車
",1,0,0,0,0,0,0,0,0,,,使わない,"1,000円以上 3,000円未満","3,000円以上 5,000円未満",11回目以上,"インターネット・アプリ
",0,0,0,0,0,1,0,0,0,0,0,0,0,0,0,選択なし/該当施設なし,,選択なし/該当施設なし,,"1,000円以上 3,000円未満",とても満足,,とても満足,,感じなかった,,10,,,また行きたい（1年以内）,
149151,web,男,1997,29,20代,石川県,野々市市,500万円以上 600万円未満,mobile/iphone,2026-09-29 12:48:28,9月,道の駅「越前」 エリア,49.道の駅「越前」 エリア,越前町,丹南,一般社団法人 越前町観光連盟（DMO ECHIZEN）,日帰り,福井県内には宿泊しない,福井県内には宿泊しない,自宅,夫婦2人,"ドライブ・ツーリング
",0,0,0,0,0,0,0,0,0,0,0,0,0,0,1,0,0,0,"自家用車
",1,0,0,0,0,0,0,0,"自家用車
",1,0,0,0,0,0,0,0,0,,,使わない,"1,000円以上 3,000円未満","3,000円以上 5,000円未満",11回目以上,"インターネット・アプリ
",0,0,0,0,0,1,0,0,0,0,0,0,0,0,0,選択なし/該当施設なし,,選択なし/該当施設なし,,"1,000円以上 3,000円未満",とても満足,,とても満足,,感じなかった,,10,,,また行きたい（1年以内）,
149151,web,男,1997,29,20代,石川県,野々市市,500万円以上 600万円未満,mobile/iphone,2026-09-29 12:47:40,9月,紫式部公園 エリア,41.紫式部公園 エリア,越前市,丹南,,日帰り,福井県内には宿泊しない,福井県内には宿泊しない,自宅,夫婦2人,"ドライブ・ツーリング
",0,0,0,0,0,0,0,0,0,0,0,0,0,0,1,0,0,0,"自家用車
",1,0,0,0,0,0,0,0,"自家用車
",1,0,0,0,0,0,0,0,0,,,使わない,"1,000円以上 3,000円未満","3,000円以上 5,000円未満",11回目以上,"インターネット・アプリ
",0,0,0,0,0,1,0,0,0,0,0,0,0,0,0,選択なし/該当施設なし,,選択なし/該当施設なし,,"1,000円以上 3,000円未満",とても満足,,とても満足,,感じなかった,,10,,,また行きたい（1年以内）,
149151,web,男,1997,29,20代,石川県,野々市市,500万円以上 600万円未満,mobile/iphone,2026-09-29 12:46:56,9月,劔神社 エリア,51.劔神社 エリア,越前町,丹南,一般社団法人 越前町観光連盟（DMO ECHIZEN）,日帰り,福井県内には宿泊しない,福井県内には宿泊しない,自宅,夫婦2人,"ドライブ・ツーリング
",0,0,0,0,0,0,0,0,0,0,0,0,0,0,1,0,0,0,"自家用車
",1,0,0,0,0,0,0,0,"自家用車
",1,0,0,0,0,0,0,0,0,,,使わない,"1,000円以上 3,000円未満","3,000円以上 5,000円未満",2～5回目,"インターネット・アプリ
",0,0,0,0,0,1,0,0,0,0,0,0,0,0,0,選択なし/該当施設なし,,選択なし/該当施設なし,,"1,000円以上 3,000円未満",とても満足,,とても満足,,感じなかった,,10,,,また行きたい（1年以内）,
149151,web,男,1997,29,20代,石川県,野々市市,500万円以上 600万円未満,mobile/iphone,2026-09-29 12:46:07,9月,越前陶芸村 エリア,52.越前陶芸村 エリア,越前町,丹南,一般社団法人 越前町観光連盟（DMO ECHIZEN）,日帰り,福井県内には宿泊しない,福井県内には宿泊しない,自宅,夫婦2人,"ドライブ・ツーリング
",0,0,0,0,0,0,0,0,0,0,0,0,0,0,1,0,0,0,"自家用車
",1,0,0,0,0,0,0,0,"自家用車
",1,0,0,0,0,0,0,0,0,,,使わない,"1,000円以上 3,000円未満","3,000円以上 5,000円未満",11回目以上,"インターネット・アプリ
",0,0,0,0,0,1,0,0,0,0,0,0,0,0,0,選択なし/該当施設なし,,選択なし/該当施設なし,,"10,000円以上 20,000円未満",とても満足,,とても満足,,感じなかった,,10,,,また行きたい（1年以内）,
149151,web,男,1997,29,20代,石川県,野々市市,500万円以上 600万円未満,mobile/iphone,2026-09-29 12:45:21,9月,道の駅「パークイン丹生ヶ丘」 エリア,50.道の駅「パークイン丹生ヶ丘」 エリア,越前町,丹南,一般社団法人 越前町観光連盟（DMO ECHIZEN）,日帰り,福井県内には宿泊しない,福井県内には宿泊しない,自宅,夫婦2人,"ドライブ・ツーリング
",0,0,0,0,0,0,0,0,0,0,0,0,0,0,1,0,0,0,"自家用車
",1,0,0,0,0,0,0,0,"自家用車
",1,0,0,0,0,0,0,0,0,,,使わない,"1,000円以上 3,000円未満","3,000円以上 5,000円未満",11回目以上,"インターネット・アプリ
",0,0,0,0,0,1,0,0,0,0,0,0,0,0,0,選択なし/該当施設なし,,選択なし/該当施設なし,,"1,000円以上 3,000円未満",とても満足,,とても満足,,感じなかった,,10,,,また行きたい（1年以内）,
149151,web,男,1997,29,20代,石川県,野々市市,500万円以上 600万円未満,mobile/iphone,2026-09-29 12:44:35,9月,道の駅「西山公園」 エリア,44.道の駅「西山公園」 エリア,鯖江市,丹南,,日帰り,福井県内には宿泊しない,福井県内には宿泊しない,自宅,夫婦2人,"ドライブ・ツーリング
",0,0,0,0,0,0,0,0,0,0,0,0,0,0,1,0,0,0,"自家用車
",1,0,0,0,0,0,0,0,"自家用車
",1,0,0,0,0,0,0,0,0,,,使わない,"1,000円以上 3,000円未満","3,000円以上 5,000円未満",11回目以上,"インターネット・アプリ
",0,0,0,0,0,1,0,0,0,0,0,0,0,0,0,選択なし/該当施設なし,,選択なし/該当施設なし,,"1,000円以上 3,000円未満",とても満足,,とても満足,,感じなかった,,10,,,また行きたい（1年以内）,
149151,web,男,1997,29,20代,石川県,野々市市,500万円以上 600万円未満,mobile/iphone,2026-09-29 12:43:54,9月,北陸新幹線 越前たけふ駅 エリア,38.北陸新幹線 越前たけふ駅 エリア,越前市,丹南,,日帰り,福井県内には宿泊しない,福井県内には宿泊しない,自宅,夫婦2人,"ドライブ・ツーリング
",0,0,0,0,0,0,0,0,0,0,0,0,0,0,1,0,0,0,"自家用車
",1,0,0,0,0,0,0,0,"自家用車
",1,0,0,0,0,0,0,0,0,,,使わない,"1,000円以上 3,000円未満","3,000円以上 5,000円未満",11回目以上,"インターネット・アプリ
",0,0,0,0,0,1,0,0,0,0,0,0,0,0,0,選択なし/該当施設なし,,選択なし/該当施設なし,,"1,000円以上 3,000円未満",とても満足,,とても満足,,感じなかった,,10,,,また行きたい（1年以内）,
149151,web,男,1997,29,20代,石川県,野々市市,500万円以上 600万円未満,mobile/iphone,2026-09-29 12:43:16,9月,メガネストリート エリア,45.メガネストリート エリア,鯖江市,丹南,,日帰り,福井県内には宿泊しない,福井県内には宿泊しない,自宅,夫婦2人,"ドライブ・ツーリング
",0,0,0,0,0,0,0,0,0,0,0,0,0,0,1,0,0,0,"自家用車
",1,0,0,0,0,0,0,0,"自家用車
",1,0,0,0,0,0,0,0,0,,,使わない,"1,000円以上 3,000円未満","3,000円以上 5,000円未満",11回目以上,"インターネット・アプリ
",0,0,0,0,0,1,0,0,0,0,0,0,0,0,0,選択なし/該当施設なし,,選択なし/該当施設なし,,"1,000円以上 3,000円未満",とても満足,,とても満足,,感じなかった,,10,,,また行きたい（1年以内）,
149151,web,男,1997,29,20代,石川県,野々市市,500万円以上 600万円未満,mobile/iphone,2026-09-29 12:42:27,9月,越前和紙の里 エリア,36.越前和紙の里 エリア,越前市,丹南,,日帰り,福井県内には宿泊しない,福井県内には宿泊しない,自宅,夫婦2人,"ドライブ・ツーリング
",0,0,0,0,0,0,0,0,0,0,0,0,0,0,1,0,0,0,"自家用車
",1,0,0,0,0,0,0,0,"自家用車
",1,0,0,0,0,0,0,0,0,,,使わない,"1,000円以上 3,000円未満","3,000円以上 5,000円未満",11回目以上,"インターネット・アプリ
",0,0,0,0,0,1,0,0,0,0,0,0,0,0,0,選択なし/該当施設なし,,選択なし/該当施設なし,,"1,000円以上 3,000円未満",とても満足,,とても満足,,感じなかった,,10,,,また行きたい（1年以内）,
149151,web,男,1997,29,20代,石川県,野々市市,500万円以上 600万円未満,mobile/iphone,2026-09-29 12:41:44,9月,うるしの里 エリア,46.うるしの里 エリア,鯖江市,丹南,,日帰り,福井県内には宿泊しない,福井県内には宿泊しない,自宅,夫婦2人,"ドライブ・ツーリング
",0,0,0,0,0,0,0,0,0,0,0,0,0,0,1,0,0,0,"自家用車
",1,0,0,0,0,0,0,0,"自家用車
",1,0,0,0,0,0,0,0,0,,,使わない,"1,000円以上 3,000円未満","3,000円以上 5,000円未満",11回目以上,"インターネット・アプリ
",0,0,0,0,0,1,0,0,0,0,0,0,0,0,0,選択なし/該当施設なし,,選択なし/該当施設なし,,"1,000円以上 3,000円未満",とても満足,,とても満足,,感じなかった,,10,,,また行きたい（1年以内）,
149151,web,男,1997,29,20代,石川県,野々市市,500万円以上 600万円未満,mobile/iphone,2026-09-29 12:41:02,9月,かずら橋 エリア,48.かずら橋 エリア,池田町,丹南,（一財）いけだ農村観光公社,日帰り,福井県内には宿泊しない,福井県内には宿泊しない,自宅,夫婦2人,"ドライブ・ツーリング
",0,0,0,0,0,0,0,0,0,0,0,0,0,0,1,0,0,0,"自家用車
",1,0,0,0,0,0,0,0,"自家用車
",1,0,0,0,0,0,0,0,0,,,使わない,"1,000円以上 3,000円未満","3,000円以上 5,000円未満",11回目以上,"インターネット・アプリ
",0,0,0,0,0,1,0,0,0,0,0,0,0,0,0,選択なし/該当施設なし,,選択なし/該当施設なし,,"1,000円以上 3,000円未満",とても満足,,とても満足,,感じなかった,,10,,,また行きたい（1年以内）,
149151,web,男,1997,29,20代,石川県,野々市市,500万円以上 600万円未満,mobile/iphone,2026-09-29 12:40:18,9月,まちの駅 こってコテいけだ エリア,47.まちの駅 こってコテいけだ エリア,池田町,丹南,（一財）いけだ農村観光公社,日帰り,福井県内には宿泊しない,福井県内には宿泊しない,自宅,夫婦2人,"ドライブ・ツーリング
",0,0,0,0,0,0,0,0,0,0,0,0,0,0,1,0,0,0,"自家用車
",1,0,0,0,0,0,0,0,"自家用車
",1,0,0,0,0,0,0,0,0,,,使わない,"1,000円以上 3,000円未満","3,000円以上 5,000円未満",11回目以上,"インターネット・アプリ
",0,0,0,0,0,1,0,0,0,0,0,0,0,0,0,選択なし/該当施設なし,,選択なし/該当施設なし,,"1,000円以上 3,000円未満",とても満足,,とても満足,,感じなかった,,10,,,また行きたい（1年以内）,
149151,web,男,1997,29,20代,石川県,野々市市,500万円以上 600万円未満,mobile/iphone,2026-09-29 12:39:29,9月,一乗谷朝倉氏遺跡 エリア,06.一乗谷朝倉氏遺跡 エリア,福井市,福井市・永平寺町,,日帰り,福井県内には宿泊しない,福井県内には宿泊しない,自宅,夫婦2人,"ドライブ・ツーリング
",0,0,0,0,0,0,0,0,0,0,0,0,0,0,1,0,0,0,"自家用車
",1,0,0,0,0,0,0,0,"自家用車
",1,0,0,0,0,0,0,0,0,,,使わない,"1,000円以上 3,000円未満","3,000円以上 5,000円未満",11回目以上,"インターネット・アプリ
",0,0,0,0,0,1,0,0,0,0,0,0,0,0,0,選択なし/該当施設なし,,選択なし/該当施設なし,,"1,000円以上 3,000円未満",とても満足,,とても満足,,感じなかった,,10,,,また行きたい（1年以内）,
149151,web,男,1997,29,20代,石川県,野々市市,500万円以上 600万円未満,mobile/iphone,2026-09-29 12:38:48,9月,大本山 永平寺 エリア,34.大本山 永平寺 エリア,永平寺町,福井市・永平寺町,,日帰り,福井県内には宿泊しない,福井県内には宿泊しない,自宅,夫婦2人,"ドライブ・ツーリング
",0,0,0,0,0,0,0,0,0,0,0,0,0,0,1,0,0,0,"自家用車
",1,0,0,0,0,0,0,0,"自家用車
",1,0,0,0,0,0,0,0,0,,,使わない,"1,000円以上 3,000円未満","3,000円以上 5,000円未満",11回目以上,"インターネット・アプリ
",0,0,0,0,0,1,0,0,0,0,0,0,0,0,0,選択なし/該当施設なし,,選択なし/該当施設なし,,"1,000円以上 3,000円未満",とても満足,,とても満足,,感じなかった,,10,,,また行きたい（1年以内）,
149151,web,男,1997,29,20代,石川県,野々市市,500万円以上 600万円未満,mobile/iphone,2026-09-29 12:38:10,9月,えちぜん鉄道 松岡駅 エリア,33.えちぜん鉄道 松岡駅 エリア,永平寺町,福井市・永平寺町,,日帰り,福井県内には宿泊しない,福井県内には宿泊しない,自宅,夫婦2人,"ドライブ・ツーリング
",0,0,0,0,0,0,0,0,0,0,0,0,0,0,1,0,0,0,"自家用車
",1,0,0,0,0,0,0,0,"自家用車
",1,0,0,0,0,0,0,0,0,,,使わない,"1,000円以上 3,000円未満","3,000円以上 5,000円未満",11回目以上,"インターネット・アプリ
",0,0,0,0,0,1,0,0,0,0,0,0,0,0,0,選択なし/該当施設なし,,選択なし/該当施設なし,,使わない,とても満足,,とても満足,,感じなかった,,10,,,また行きたい（1年以内）,
149151,web,男,1997,29,20代,石川県,野々市市,500万円以上 600万円未満,mobile/iphone,2026-09-29 12:37:23,9月,えちぜん鉄道 永平寺口駅 エリア,31.えちぜん鉄道 永平寺口駅 エリア,永平寺町,福井市・永平寺町,,日帰り,福井県内には宿泊しない,福井県内には宿泊しない,自宅,夫婦2人,"ドライブ・ツーリング
",0,0,0,0,0,0,0,0,0,0,0,0,0,0,1,0,0,0,"自家用車
",1,0,0,0,0,0,0,0,"自家用車
",1,0,0,0,0,0,0,0,0,,,使わない,"1,000円以上 3,000円未満","3,000円以上 5,000円未満",11回目以上,"インターネット・アプリ
",0,0,0,0,0,1,0,0,0,0,0,0,0,0,0,選択なし/該当施設なし,,選択なし/該当施設なし,,使わない,とても満足,,とても満足,,感じなかった,,10,,,また行きたい（1年以内）,
149151,web,男,1997,29,20代,石川県,野々市市,500万円以上 600万円未満,mobile/iphone,2026-09-29 12:36:36,9月,道の駅「禅の里」 エリア,35.道の駅「禅の里」 エリア,永平寺町,福井市・永平寺町,,日帰り,福井県内には宿泊しない,福井県内には宿泊しない,自宅,夫婦2人,"ドライブ・ツーリング
",0,0,0,0,0,0,0,0,0,0,0,0,0,0,1,0,0,0,"自家用車
",1,0,0,0,0,0,0,0,"自家用車
",1,0,0,0,0,0,0,0,0,,,使わない,"1,000円以上 3,000円未満","3,000円以上 5,000円未満",11回目以上,"インターネット・アプリ
",0,0,0,0,0,1,0,0,0,0,0,0,0,0,0,選択なし/該当施設なし,,選択なし/該当施設なし,,"1,000円以上 3,000円未満",とても満足,,とても満足,,感じなかった,,10,,,また行きたい（1年以内）,
149151,web,男,1997,29,20代,石川県,野々市市,500万円以上 600万円未満,mobile/iphone,2026-09-29 12:35:51,9月,道の駅「越前おおの荒島の郷」 エリア,22.道の駅「越前おおの荒島の郷」 エリア,大野市,勝山市・大野市,,日帰り,福井県内には宿泊しない,福井県内には宿泊しない,自宅,夫婦2人,"ドライブ・ツーリング
",0,0,0,0,0,0,0,0,0,0,0,0,0,0,1,0,0,0,"自家用車
",1,0,0,0,0,0,0,0,"自家用車
",1,0,0,0,0,0,0,0,0,,,使わない,"1,000円以上 3,000円未満","3,000円以上 5,000円未満",11回目以上,"インターネット・アプリ
",0,0,0,0,0,1,0,0,0,0,0,0,0,0,0,選択なし/該当施設なし,,選択なし/該当施設なし,,"1,000円以上 3,000円未満",とても満足,,とても満足,,感じなかった,,10,,,また行きたい（1年以内）,
149151,web,男,1997,29,20代,石川県,野々市市,500万円以上 600万円未満,mobile/iphone,2026-09-29 12:35:10,9月,六呂師高原 エリア,24.六呂師高原 エリア,大野市,勝山市・大野市,,日帰り,福井県内には宿泊しない,福井県内には宿泊しない,自宅,夫婦2人,"ドライブ・ツーリング
",0,0,0,0,0,0,0,0,0,0,0,0,0,0,1,0,0,0,"自家用車
",1,0,0,0,0,0,0,0,"自家用車
",1,0,0,0,0,0,0,0,0,,,使わない,"1,000円以上 3,000円未満","3,000円以上 5,000円未満",11回目以上,"インターネット・アプリ
",0,0,0,0,0,1,0,0,0,0,0,0,0,0,0,選択なし/該当施設なし,,選択なし/該当施設なし,,使わない,とても満足,,とても満足,,感じなかった,,10,,,また行きたい（1年以内）,
149151,web,男,1997,29,20代,石川県,野々市市,500万円以上 600万円未満,mobile/iphone,2026-09-29 12:34:27,9月,越前大野城・城下町 エリア,21.越前大野城・城下町 エリア,大野市,勝山市・大野市,,日帰り,福井県内には宿泊しない,福井県内には宿泊しない,自宅,夫婦2人,"ドライブ・ツーリング
",0,0,0,0,0,0,0,0,0,0,0,0,0,0,1,0,0,0,"自家用車
",1,0,0,0,0,0,0,0,"自家用車
",1,0,0,0,0,0,0,0,0,,,使わない,"1,000円以上 3,000円未満","3,000円以上 5,000円未満",11回目以上,"インターネット・アプリ
",0,0,0,0,0,1,0,0,0,0,0,0,0,0,0,選択なし/該当施設なし,,選択なし/該当施設なし,,"1,000円以上 3,000円未満",とても満足,,とても満足,,感じなかった,,10,,,また行きたい（1年以内）,
149151,web,男,1997,29,20代,石川県,野々市市,500万円以上 600万円未満,mobile/iphone,2026-09-29 12:33:43,9月,平泉寺白山神社 エリア,29.平泉寺白山神社 エリア,勝山市,勝山市・大野市,勝山市観光まちづくり(株),日帰り,福井県内には宿泊しない,福井県内には宿泊しない,自宅,夫婦2人,"ドライブ・ツーリング
",0,0,0,0,0,0,0,0,0,0,0,0,0,0,1,0,0,0,"自家用車
",1,0,0,0,0,0,0,0,"自家用車
",1,0,0,0,0,0,0,0,0,,,使わない,"1,000円以上 3,000円未満","3,000円以上 5,000円未満",11回目以上,"インターネット・アプリ
",0,0,0,0,0,1,0,0,0,0,0,0,0,0,0,選択なし/該当施設なし,,選択なし/該当施設なし,,"1,000円以上 3,000円未満",とても満足,,とても満足,,感じなかった,,10,,,また行きたい（1年以内）,
149151,web,男,1997,29,20代,石川県,野々市市,500万円以上 600万円未満,mobile/iphone,2026-09-29 12:33:00,9月,はたや記念館 ゆめおーれ勝山 エリア,30.はたや記念館 ゆめおーれ勝山 エリア,勝山市,勝山市・大野市,勝山市観光まちづくり(株),日帰り,福井県内には宿泊しない,福井県内には宿泊しない,自宅,夫婦2人,"ドライブ・ツーリング
",0,0,0,0,0,0,0,0,0,0,0,0,0,0,1,0,0,0,"自家用車
",1,0,0,0,0,0,0,0,"自家用車
",1,0,0,0,0,0,0,0,0,,,使わない,"1,000円以上 3,000円未満","3,000円以上 5,000円未満",11回目以上,"インターネット・アプリ
",0,0,0,0,0,1,0,0,0,0,0,0,0,0,0,選択なし/該当施設なし,,選択なし/該当施設なし,,使わない,とても満足,,とても満足,,感じなかった,,10,,,また行きたい（1年以内）,
149151,web,男,1997,29,20代,石川県,野々市市,500万円以上 600万円未満,mobile/iphone,2026-09-29 12:32:19,9月,道の駅「恐竜渓谷かつやま」 エリア,26.道の駅「恐竜渓谷かつやま」 エリア,勝山市,勝山市・大野市,勝山市観光まちづくり(株),日帰り,福井県内には宿泊しない,福井県内には宿泊しない,自宅,夫婦2人,"ドライブ・ツーリング
",0,0,0,0,0,0,0,0,0,0,0,0,0,0,1,0,0,0,"自家用車
",1,0,0,0,0,0,0,0,"自家用車
",1,0,0,0,0,0,0,0,0,,,使わない,"1,000円以上 3,000円未満","3,000円以上 5,000円未満",11回目以上,"インターネット・アプリ
",0,0,0,0,0,1,0,0,0,0,0,0,0,0,0,選択なし/該当施設なし,,選択なし/該当施設なし,,"1,000円以上 3,000円未満",とても満足,,とても満足,,感じなかった,,10,,,また行きたい（1年以内）,
149151,web,男,1997,29,20代,石川県,野々市市,500万円以上 600万円未満,mobile/iphone,2026-09-29 12:31:36,9月,竹田エリア,91.竹田エリア,坂井市,あわら市・坂井市,(一社)DMOさかい観光局,日帰り,福井県内には宿泊しない,福井県内には宿泊しない,自宅,夫婦2人,"ドライブ・ツーリング
",0,0,0,0,0,0,0,0,0,0,0,0,0,0,1,0,0,0,"自家用車
",1,0,0,0,0,0,0,0,"自家用車
",1,0,0,0,0,0,0,0,0,,,使わない,"1,000円以上 3,000円未満","3,000円以上 5,000円未満",11回目以上,"インターネット・アプリ
",0,0,0,0,0,1,0,0,0,0,0,0,0,0,0,選択なし/該当施設なし,,選択なし/該当施設なし,,"1,000円以上 3,000円未満",とても満足,,とても満足,,感じなかった,,10,,,また行きたい（1年以内）,
149151,web,男,1997,29,20代,石川県,野々市市,500万円以上 600万円未満,mobile/iphone,2026-09-29 12:30:49,9月,丸岡城 エリア,13.丸岡城 エリア,坂井市,あわら市・坂井市,(一社)DMOさかい観光局,日帰り,福井県内には宿泊しない,福井県内には宿泊しない,自宅,夫婦2人,"ドライブ・ツーリング
",0,0,0,0,0,0,0,0,0,0,0,0,0,0,1,0,0,0,"自家用車
",1,0,0,0,0,0,0,0,"自家用車
",1,0,0,0,0,0,0,0,0,,,使わない,"1,000円以上 3,000円未満","3,000円以上 5,000円未満",11回目以上,"インターネット・アプリ
",0,0,0,0,0,1,0,0,0,0,0,0,0,0,0,選択なし/該当施設なし,,選択なし/該当施設なし,,"1,000円以上 3,000円未満",とても満足,,とても満足,,感じなかった,,10,,,また行きたい（1年以内）,
149151,web,男,1997,29,20代,石川県,野々市市,500万円以上 600万円未満,mobile/iphone,2026-09-29 12:30:08,9月,花の駅 ゆりの里公園 エリア,14.花の駅 ゆりの里公園 エリア,坂井市,あわら市・坂井市,(一社)DMOさかい観光局,日帰り,福井県内には宿泊しない,福井県内には宿泊しない,自宅,夫婦2人,"ドライブ・ツーリング
",0,0,0,0,0,0,0,0,0,0,0,0,0,0,1,0,0,0,"自家用車
",1,0,0,0,0,0,0,0,"自家用車
",1,0,0,0,0,0,0,0,0,,,使わない,"1,000円以上 3,000円未満","3,000円以上 5,000円未満",11回目以上,"インターネット・アプリ
",0,0,0,0,0,1,0,0,0,0,0,0,0,0,0,選択なし/該当施設なし,,選択なし/該当施設なし,,"1,000円以上 3,000円未満",とても満足,,とても満足,,感じなかった,,10,,,また行きたい（1年以内）,
149151,web,男,1997,29,20代,石川県,野々市市,500万円以上 600万円未満,mobile/iphone,2026-09-29 12:29:16,9月,道の駅みくに ふれあいパーク三里浜 エリア,15.道の駅みくに ふれあいパーク三里浜 エリア,坂井市,あわら市・坂井市,(一社)DMOさかい観光局,日帰り,福井県内には宿泊しない,福井県内には宿泊しない,自宅,夫婦2人,"ドライブ・ツーリング
",0,0,0,0,0,0,0,0,0,0,0,0,0,0,1,0,0,0,"自家用車
",1,0,0,0,0,0,0,0,"自家用車
",1,0,0,0,0,0,0,0,0,,,使わない,"1,000円以上 3,000円未満","3,000円以上 5,000円未満",11回目以上,"インターネット・アプリ
",0,0,0,0,0,1,0,0,0,0,0,0,0,0,0,選択なし/該当施設なし,,選択なし/該当施設なし,,"1,000円以上 3,000円未満",とても満足,,とても満足,,感じなかった,,10,,,また行きたい（1年以内）,
149151,web,男,1997,29,20代,石川県,野々市市,500万円以上 600万円未満,mobile/iphone,2026-09-29 12:28:17,9月,三国湊 エリア,09.三国湊 エリア,坂井市,あわら市・坂井市,(一社)DMOさかい観光局,日帰り,福井県内には宿泊しない,福井県内には宿泊しない,自宅,夫婦2人,"ドライブ・ツーリング
",0,0,0,0,0,0,0,0,0,0,0,0,0,0,1,0,0,0,"自家用車
",1,0,0,0,0,0,0,0,"自家用車
",1,0,0,0,0,0,0,0,0,,,使わない,"1,000円以上 3,000円未満","3,000円以上 5,000円未満",11回目以上,"インターネット・アプリ
",0,0,0,0,0,1,0,0,0,0,0,0,0,0,0,選択なし/該当施設なし,,選択なし/該当施設なし,,"1,000円以上 3,000円未満",とても満足,,とても満足,,感じなかった,,10,,,また行きたい（1年以内）,
149151,web,男,1997,29,20代,石川県,野々市市,500万円以上 600万円未満,mobile/iphone,2026-09-29 12:27:32,9月,JR芦原温泉駅 エリア,16.JR芦原温泉駅 エリア,あわら市,あわら市・坂井市,,日帰り,福井県内には宿泊しない,福井県内には宿泊しない,自宅,夫婦2人,"ドライブ・ツーリング
",0,0,0,0,0,0,0,0,0,0,0,0,0,0,1,0,0,0,"自家用車
",1,0,0,0,0,0,0,0,"自家用車
",1,0,0,0,0,0,0,0,0,,,使わない,"1,000円以上 3,000円未満","3,000円以上 5,000円未満",11回目以上,"インターネット・アプリ
",0,0,0,0,0,1,0,0,0,0,0,0,0,0,0,選択なし/該当施設なし,,選択なし/該当施設なし,,"1,000円以上 3,000円未満",とても満足,,とても満足,,感じなかった,,10,,,また行きたい（1年以内）,
149151,web,男,1997,29,20代,石川県,野々市市,500万円以上 600万円未満,mobile/iphone,2026-09-29 12:26:45,9月,あわら湯のまち エリア,17.あわら湯のまち エリア,あわら市,あわら市・坂井市,,日帰り,福井県内には宿泊しない,福井県内には宿泊しない,自宅,夫婦2人,"ドライブ・ツーリング
",0,0,0,0,0,0,0,0,0,0,0,0,0,0,1,0,0,0,"自家用車
",1,0,0,0,0,0,0,0,"自家用車
",1,0,0,0,0,0,0,0,0,,,使わない,"1,000円以上 3,000円未満","3,000円以上 5,000円未満",11回目以上,"インターネット・アプリ
",0,0,0,0,0,1,0,0,0,0,0,0,0,0,0,選択なし/該当施設なし,,選択なし/該当施設なし,,使わない,とても満足,,とても満足,,感じなかった,,10,,,また行きたい（1年以内）,
149151,web,男,1997,29,20代,石川県,野々市市,500万円以上 600万円未満,mobile/iphone,2026-09-29 12:25:50,9月,越前松島水族館 エリア,11.越前松島水族館 エリア,坂井市,あわら市・坂井市,(一社)DMOさかい観光局,日帰り,福井県内には宿泊しない,福井県内には宿泊しない,自宅,夫婦2人,"ドライブ・ツーリング
",0,0,0,0,0,0,0,0,0,0,0,0,0,0,1,0,0,0,"自家用車
",1,0,0,0,0,0,0,0,"自家用車
",1,0,0,0,0,0,0,0,0,,,使わない,"1,000円以上 3,000円未満","3,000円以上 5,000円未満",11回目以上,"インターネット・アプリ
",0,0,0,0,0,1,0,0,0,0,0,0,0,0,0,選択なし/該当施設なし,,選択なし/該当施設なし,,"3,000円以上 5,000円未満",とても満足,,とても満足,,感じなかった,,10,,,また行きたい（1年以内）,
149151,web,男,1997,29,20代,石川県,野々市市,500万円以上 600万円未満,mobile/iphone,2026-09-29 12:24:48,9月,フルーツライン エリア,18.フルーツライン エリア,あわら市,あわら市・坂井市,,日帰り,福井県内には宿泊しない,福井県内には宿泊しない,自宅,夫婦2人,"ドライブ・ツーリング
",0,0,0,0,0,0,0,0,0,0,0,0,0,0,1,0,0,0,"自家用車
",1,0,0,0,0,0,0,0,"自家用車
",1,0,0,0,0,0,0,0,0,,,使わない,"1,000円以上 3,000円未満","3,000円以上 5,000円未満",11回目以上,"インターネット・アプリ
",0,0,0,0,0,1,0,0,0,0,0,0,0,0,0,選択なし/該当施設なし,,選択なし/該当施設なし,,使わない,とても満足,,とても満足,,感じなかった,,10,,,また行きたい（1年以内）,
149151,web,男,1997,29,20代,石川県,野々市市,500万円以上 600万円未満,mobile/iphone,2026-09-29 12:23:18,9月,北潟湖 エリア,20.北潟湖 エリア,あわら市,あわら市・坂井市,,日帰り,福井県内には宿泊しない,福井県内には宿泊しない,自宅,夫婦2人,"ドライブ・ツーリング
",0,0,0,0,0,0,0,0,0,0,0,0,0,0,1,0,0,0,"自家用車
",1,0,0,0,0,0,0,0,"自家用車
",1,0,0,0,0,0,0,0,0,,,使わない,"1,000円以上 3,000円未満","3,000円以上 5,000円未満",11回目以上,"インターネット・アプリ
",0,0,0,0,0,1,0,0,0,0,0,0,0,0,0,選択なし/該当施設なし,,選択なし/該当施設なし,,"1,000円以上 3,000円未満",とても満足,,とても満足,,感じなかった,,10,,,また行きたい（1年以内）,
183560,北陸新幹線 越前たけふ駅 エリア,女,1967,59,50代,福井県,福井市,分からない/無回答,mobile/android,2026-09-29 12:14:50,9月,大本山 永平寺 エリア,34.大本山 永平寺 エリア,永平寺町,福井市・永平寺町,,日帰り,福井県内には宿泊しない,福井県内には宿泊しない,福井の自宅,友人,"地元の美味しいものを食べる
",0,0,1,0,0,0,0,0,0,0,0,0,0,0,0,0,0,0,"レンタカー
",0,1,0,0,0,0,0,0,"自家用車
レンタカー
",1,1,0,0,0,0,0,0,0,,,使わない,使わない,"3,000円以上 5,000円未満",2～5回目,"新聞・雑誌・ガイドブック
観光パンフレット・ポスター
インターネット・アプリ
",0,1,0,1,0,1,0,0,0,0,0,0,0,0,0,選択なし/該当施設なし,,選択なし/該当施設なし,,"3,000円以上 5,000円未満",満足,,満足,,感じた,雨が振ってるから車椅子や足の不自由な方は大変,5,,,機会があれば行きたい,
208230,web,男,1962,64,60代,福井県,大野市,400万円以上 500万円未満,mobile/iphone,2026-09-29 12:13:04,9月,道の駅「越前おおの荒島の郷」 エリア,22.道の駅「越前おおの荒島の郷」 エリア,大野市,勝山市・大野市,,日帰り,福井県内には宿泊しない,福井県内には宿泊しない,福井県外には宿泊しない,夫婦2人,"買い物、アウトレット
",0,0,0,0,0,0,1,0,0,0,0,0,0,0,0,0,0,0,"自家用車
県外から訪れていない（福井県在住）
",1,0,0,0,0,0,1,0,"自家用車
",1,0,0,0,0,0,0,0,0,どちらでもない,,使わない,"1,000円未満","3,000円以上 5,000円未満",11回目以上,"TV・ラジオ番組やCM
友人・知人
",0,0,1,0,0,0,0,0,0,0,1,0,0,0,0,一乗谷朝倉氏遺跡,,選択なし/該当施設なし,,"1,000円以上 3,000円未満",とても不満,お弁当だから仕方ないのかもしれないが、越前そばをPRするのであれば、そばの麺は改良した方がいいと思う。食感がもたっとした感じでツルっと感が無い。また、富山の小矢部で製造されたおそばもあり、ちょっとガッカリだった。,満足,,感じなかった,,7,,,福井県在住,
149151,web,男,1997,29,20代,石川県,野々市市,500万円以上 600万円未満,mobile/iphone,2026-09-29 12:09:05,9月,道の駅「南えちぜん山海里」 エリア,58.道の駅「南えちぜん山海里」 エリア,南越前町,丹南,,日帰り,福井県内には宿泊しない,福井県内には宿泊しない,自宅,夫婦2人,"地元の美味しいものを食べる
名所、旧跡の観光
まちあるき、都市散策
ドライブ・ツーリング
",0,0,1,0,1,0,0,0,0,0,1,0,0,0,1,0,0,0,"自家用車
",1,0,0,0,0,0,0,0,"自家用車
",1,0,0,0,0,0,0,0,0,,,使わない,"1,000円以上 3,000円未満","3,000円以上 5,000円未満",11回目以上,"インターネット・アプリ
",0,0,0,0,0,1,0,0,0,0,0,0,0,0,0,選択なし/該当施設なし,,選択なし/該当施設なし,,"1,000円以上 3,000円未満",とても満足,,とても満足,,感じなかった,,10,,,また行きたい（1年以内）,
203910,web,男,1958,68,60代,福井県,敦賀市,400万円以上 500万円未満,mobile/android,2026-09-29 11:35:37,9月,道の駅みくに ふれあいパーク三里浜 エリア,15.道の駅みくに ふれあいパーク三里浜 エリア,坂井市,あわら市・坂井市,(一社)DMOさかい観光局,1泊,1泊,嶺南エリア（敦賀市・美浜町・若狭町・小浜市・おおい町・高浜町）,福井県外には宿泊しない,夫婦2人,"地元の美味しいものを食べる
",0,0,1,0,0,0,0,0,0,0,0,0,0,0,0,0,0,0,"県外から訪れていない（福井県在住）
",0,0,0,0,0,0,1,0,"自家用車
",1,0,0,0,0,0,0,0,0,,,"5,000円以上 10,000円未満",使わない,"3,000円以上 5,000円未満",11回目以上,"Facebook
",0,0,0,0,0,0,0,0,1,0,0,0,0,0,0,選択なし/該当施設なし,,選択なし/該当施設なし,,"1,000円以上 3,000円未満",満足,,満足,,感じなかった,,7,,,,
191362,web,女,1968,58,50代,福井県,敦賀市,300万円以上 400万円未満,mobile/android,2026-09-29 11:28:40,9月,道の駅みくに ふれあいパーク三里浜 エリア,15.道の駅みくに ふれあいパーク三里浜 エリア,坂井市,あわら市・坂井市,(一社)DMOさかい観光局,1泊,1泊,嶺南エリア（敦賀市・美浜町・若狭町・小浜市・おおい町・高浜町）,福井県外には宿泊しない,夫婦2人,"買い物、アウトレット
",0,0,0,0,0,0,1,0,0,0,0,0,0,0,0,0,0,0,"県外から訪れていない（福井県在住）
",0,0,0,0,0,0,1,0,"自家用車
",1,0,0,0,0,0,0,0,0,,,"5,000円以上 10,000円未満",使わない,"5,000円以上 10,000円未満",11回目以上,"インターネット・アプリ
",0,0,0,0,0,1,0,0,0,0,0,0,0,0,0,選択なし/該当施設なし,,選択なし/該当施設なし,,"1,000円未満",満足,,満足,,感じなかった,,7,,,,
191362,web,女,1968,58,50代,福井県,敦賀市,300万円以上 400万円未満,mobile/android,2026-09-29 11:07:22,9月,三国湊 エリア,09.三国湊 エリア,坂井市,あわら市・坂井市,(一社)DMOさかい観光局,1泊,1泊,嶺南エリア（敦賀市・美浜町・若狭町・小浜市・おおい町・高浜町）,福井県外には宿泊しない,夫婦2人,"買い物、アウトレット
",0,0,0,0,0,0,1,0,0,0,0,0,0,0,0,0,0,0,"県外から訪れていない（福井県在住）
",0,0,0,0,0,0,1,0,"自家用車
",1,0,0,0,0,0,0,0,0,,,"5,000円以上 10,000円未満",使わない,"5,000円以上 10,000円未満",6～10回目,"インターネット・アプリ
",0,0,0,0,0,1,0,0,0,0,0,0,0,0,0,選択なし/該当施設なし,,選択なし/該当施設なし,,使わない,どちらでもない,,どちらでもない,,感じなかった,,6,,,,
203910,web,男,1958,68,60代,福井県,敦賀市,400万円以上 500万円未満,mobile/android,2026-09-29 11:06:49,9月,三国湊 エリア,09.三国湊 エリア,坂井市,あわら市・坂井市,(一社)DMOさかい観光局,1泊,1泊,嶺南エリア（敦賀市・美浜町・若狭町・小浜市・おおい町・高浜町）,福井県外には宿泊しない,夫婦2人,"地元の美味しいものを食べる
",0,0,1,0,0,0,0,0,0,0,0,0,0,0,0,0,0,0,"県外から訪れていない（福井県在住）
",0,0,0,0,0,0,1,0,"自家用車
",1,0,0,0,0,0,0,0,0,,,"5,000円以上 10,000円未満",使わない,"3,000円以上 5,000円未満",2～5回目,"Facebook
",0,0,0,0,0,0,0,0,1,0,0,0,0,0,0,選択なし/該当施設なし,,選択なし/該当施設なし,,使わない,満足,,満足,,感じなかった,,6,,,,
198870,web,女,1987,39,30代,大阪府,三島郡,分からない/無回答,mobile/iphone,2026-09-29 10:53:28,9月,北潟湖 エリア,20.北潟湖 エリア,あわら市,あわら市・坂井市,,1泊,1泊,三国・あわらエリア（あわら市・坂井市）,福井県外には宿泊しない,職場の同僚,"地元の美味しいものを食べる
出張など仕事関係
",0,0,1,0,0,0,0,0,0,0,0,0,0,0,0,0,1,0,"自家用車
",1,0,0,0,0,0,0,0,"自家用車
",1,0,0,0,0,0,0,0,0,とても満足,,"20,000円以上 30,000円未満","5,000円以上 10,000円未満","10,000円以上 20,000円未満",11回目以上,"観光展・物産展
",1,0,0,0,0,0,0,0,0,0,0,0,0,0,0,吉崎御坊跡,吉崎御坊蓮如上人記念館,選択なし/該当施設なし,,"10,000円以上 20,000円未満",とても満足,,とても満足,,感じなかった,,10,,,また行きたい（1年以内）,
203910,web,男,1958,68,60代,福井県,敦賀市,400万円以上 500万円未満,mobile/android,2026-09-29 10:40:23,9月,フルーツライン エリア,18.フルーツライン エリア,あわら市,あわら市・坂井市,,1泊,1泊,嶺南エリア（敦賀市・美浜町・若狭町・小浜市・おおい町・高浜町）,福井県外には宿泊しない,夫婦2人,"地元の美味しいものを食べる
",0,0,1,0,0,0,0,0,0,0,0,0,0,0,0,0,0,0,"県外から訪れていない（福井県在住）
",0,0,0,0,0,0,1,0,"自家用車
",1,0,0,0,0,0,0,0,0,,,"5,000円以上 10,000円未満",使わない,"3,000円以上 5,000円未満",6～10回目,"Facebook
",0,0,0,0,0,0,0,0,1,0,0,0,0,0,0,選択なし/該当施設なし,,選択なし/該当施設なし,,"1,000円以上 3,000円未満",満足,,満足,,感じなかった,,7,,,,
191362,web,女,1968,58,50代,福井県,敦賀市,300万円以上 400万円未満,mobile/android,2026-09-29 10:40:16,9月,フルーツライン エリア,18.フルーツライン エリア,あわら市,あわら市・坂井市,,1泊,1泊,嶺南エリア（敦賀市・美浜町・若狭町・小浜市・おおい町・高浜町）,福井県外には宿泊しない,夫婦2人,"買い物、アウトレット
",0,0,0,0,0,0,1,0,0,0,0,0,0,0,0,0,0,0,"県外から訪れていない（福井県在住）
",0,0,0,0,0,0,1,0,"自家用車
",1,0,0,0,0,0,0,0,0,,,"5,000円以上 10,000円未満",使わない,"5,000円以上 10,000円未満",11回目以上,"インターネット・アプリ
",0,0,0,0,0,1,0,0,0,0,0,0,0,0,0,選択なし/該当施設なし,,選択なし/該当施設なし,,"1,000円未満",満足,,満足,,感じなかった,,7,,,,
149117,道の駅「越前おおの荒島の郷」 エリア,男,1967,59,50代,石川県,能美市,500万円以上 600万円未満,mobile/iphone,2026-09-29 10:39:30,9月,北潟湖 エリア,20.北潟湖 エリア,あわら市,あわら市・坂井市,,日帰り,福井県内には宿泊しない,福井県内には宿泊しない,自宅,夫婦2人,"ドライブ・ツーリング
",0,0,0,0,0,0,0,0,0,0,0,0,0,0,1,0,0,0,"自家用車
",1,0,0,0,0,0,0,0,"自家用車
",1,0,0,0,0,0,0,0,0,,,使わない,"3,000円以上 5,000円未満","3,000円以上 5,000円未満",11回目以上,"インターネット・アプリ
",0,0,0,0,0,1,0,0,0,0,0,0,0,0,0,選択なし/該当施設なし,,選択なし/該当施設なし,,"1,000円以上 3,000円未満",とても満足,,とても満足,,感じなかった,,10,,,,
149117,道の駅「越前おおの荒島の郷」 エリア,男,1967,59,50代,石川県,能美市,500万円以上 600万円未満,mobile/iphone,2026-09-29 10:38:49,9月,フルーツライン エリア,18.フルーツライン エリア,あわら市,あわら市・坂井市,,日帰り,福井県内には宿泊しない,福井県内には宿泊しない,自宅,夫婦2人,"ドライブ・ツーリング
",0,0,0,0,0,0,0,0,0,0,0,0,0,0,1,0,0,0,"自家用車
",1,0,0,0,0,0,0,0,"自家用車
",1,0,0,0,0,0,0,0,0,,,使わない,"3,000円以上 5,000円未満","3,000円以上 5,000円未満",11回目以上,"インターネット・アプリ
",0,0,0,0,0,1,0,0,0,0,0,0,0,0,0,選択なし/該当施設なし,,選択なし/該当施設なし,,使わない,とても満足,,とても満足,,感じなかった,,10,,,,
149117,道の駅「越前おおの荒島の郷」 エリア,男,1967,59,50代,石川県,能美市,500万円以上 600万円未満,mobile/iphone,2026-09-29 10:38:10,9月,越前松島水族館 エリア,11.越前松島水族館 エリア,坂井市,あわら市・坂井市,(一社)DMOさかい観光局,日帰り,福井県内には宿泊しない,福井県内には宿泊しない,自宅,夫婦2人,"ドライブ・ツーリング
",0,0,0,0,0,0,0,0,0,0,0,0,0,0,1,0,0,0,"自家用車
",1,0,0,0,0,0,0,0,"自家用車
",1,0,0,0,0,0,0,0,0,,,使わない,"3,000円以上 5,000円未満","3,000円以上 5,000円未満",11回目以上,"インターネット・アプリ
",0,0,0,0,0,1,0,0,0,0,0,0,0,0,0,選択なし/該当施設なし,,選択なし/該当施設なし,,"3,000円以上 5,000円未満",とても満足,,とても満足,,感じなかった,,10,,,,
149117,道の駅「越前おおの荒島の郷」 エリア,男,1967,59,50代,石川県,能美市,500万円以上 600万円未満,mobile/iphone,2026-09-29 10:37:27,9月,あわら湯のまち エリア,17.あわら湯のまち エリア,あわら市,あわら市・坂井市,,日帰り,福井県内には宿泊しない,福井県内には宿泊しない,自宅,夫婦2人,"ドライブ・ツーリング
",0,0,0,0,0,0,0,0,0,0,0,0,0,0,1,0,0,0,"自家用車
",1,0,0,0,0,0,0,0,"自家用車
",1,0,0,0,0,0,0,0,0,,,使わない,"3,000円以上 5,000円未満","3,000円以上 5,000円未満",11回目以上,"インターネット・アプリ
",0,0,0,0,0,1,0,0,0,0,0,0,0,0,0,選択なし/該当施設なし,,選択なし/該当施設なし,,使わない,とても満足,,とても満足,,感じなかった,,10,,,,
149117,道の駅「越前おおの荒島の郷」 エリア,男,1967,59,50代,石川県,能美市,500万円以上 600万円未満,mobile/iphone,2026-09-29 10:36:44,9月,JR芦原温泉駅 エリア,16.JR芦原温泉駅 エリア,あわら市,あわら市・坂井市,,日帰り,福井県内には宿泊しない,福井県内には宿泊しない,自宅,夫婦2人,"ドライブ・ツーリング
",0,0,0,0,0,0,0,0,0,0,0,0,0,0,1,0,0,0,"自家用車
",1,0,0,0,0,0,0,0,"自家用車
",1,0,0,0,0,0,0,0,0,,,使わない,"3,000円以上 5,000円未満","3,000円以上 5,000円未満",11回目以上,"インターネット・アプリ
",0,0,0,0,0,1,0,0,0,0,0,0,0,0,0,選択なし/該当施設なし,,選択なし/該当施設なし,,"1,000円以上 3,000円未満",とても満足,,とても満足,,感じなかった,,10,,,,
149117,道の駅「越前おおの荒島の郷」 エリア,男,1967,59,50代,石川県,能美市,500万円以上 600万円未満,mobile/iphone,2026-09-29 10:36:05,9月,三国湊 エリア,09.三国湊 エリア,坂井市,あわら市・坂井市,(一社)DMOさかい観光局,日帰り,福井県内には宿泊しない,福井県内には宿泊しない,自宅,夫婦2人,"ドライブ・ツーリング
",0,0,0,0,0,0,0,0,0,0,0,0,0,0,1,0,0,0,"自家用車
",1,0,0,0,0,0,0,0,"自家用車
",1,0,0,0,0,0,0,0,0,,,使わない,"3,000円以上 5,000円未満","3,000円以上 5,000円未満",11回目以上,"インターネット・アプリ
",0,0,0,0,0,1,0,0,0,0,0,0,0,0,0,選択なし/該当施設なし,,選択なし/該当施設なし,,"1,000円以上 3,000円未満",とても満足,,とても満足,,感じなかった,,10,,,,
149117,道の駅「越前おおの荒島の郷」 エリア,男,1967,59,50代,石川県,能美市,500万円以上 600万円未満,mobile/iphone,2026-09-29 10:35:29,9月,道の駅みくに ふれあいパーク三里浜 エリア,15.道の駅みくに ふれあいパーク三里浜 エリア,坂井市,あわら市・坂井市,(一社)DMOさかい観光局,日帰り,福井県内には宿泊しない,福井県内には宿泊しない,自宅,夫婦2人,"ドライブ・ツーリング
",0,0,0,0,0,0,0,0,0,0,0,0,0,0,1,0,0,0,"自家用車
",1,0,0,0,0,0,0,0,"自家用車
",1,0,0,0,0,0,0,0,0,,,使わない,"3,000円以上 5,000円未満","3,000円以上 5,000円未満",11回目以上,"インターネット・アプリ
",0,0,0,0,0,1,0,0,0,0,0,0,0,0,0,選択なし/該当施設なし,,選択なし/該当施設なし,,"1,000円以上 3,000円未満",とても満足,,とても満足,,感じなかった,,10,,,,
149117,道の駅「越前おおの荒島の郷」 エリア,男,1967,59,50代,石川県,能美市,500万円以上 600万円未満,mobile/iphone,2026-09-29 10:34:49,9月,花の駅 ゆりの里公園 エリア,14.花の駅 ゆりの里公園 エリア,坂井市,あわら市・坂井市,(一社)DMOさかい観光局,日帰り,福井県内には宿泊しない,福井県内には宿泊しない,自宅,夫婦2人,"ドライブ・ツーリング
",0,0,0,0,0,0,0,0,0,0,0,0,0,0,1,0,0,0,"自家用車
",1,0,0,0,0,0,0,0,"自家用車
",1,0,0,0,0,0,0,0,0,,,使わない,"3,000円以上 5,000円未満","3,000円以上 5,000円未満",11回目以上,"インターネット・アプリ
",0,0,0,0,0,1,0,0,0,0,0,0,0,0,0,選択なし/該当施設なし,,選択なし/該当施設なし,,"1,000円以上 3,000円未満",とても満足,,とても満足,,感じなかった,,10,,,,
149117,道の駅「越前おおの荒島の郷」 エリア,男,1967,59,50代,石川県,能美市,500万円以上 600万円未満,mobile/iphone,2026-09-29 10:34:04,9月,丸岡城 エリア,13.丸岡城 エリア,坂井市,あわら市・坂井市,(一社)DMOさかい観光局,日帰り,福井県内には宿泊しない,福井県内には宿泊しない,自宅,夫婦2人,"ドライブ・ツーリング
",0,0,0,0,0,0,0,0,0,0,0,0,0,0,1,0,0,0,"自家用車
",1,0,0,0,0,0,0,0,"自家用車
",1,0,0,0,0,0,0,0,0,,,使わない,"3,000円以上 5,000円未満","3,000円以上 5,000円未満",11回目以上,"インターネット・アプリ
",0,0,0,0,0,1,0,0,0,0,0,0,0,0,0,選択なし/該当施設なし,,選択なし/該当施設なし,,"1,000円以上 3,000円未満",とても満足,,とても満足,,感じなかった,,10,,,,
149117,道の駅「越前おおの荒島の郷」 エリア,男,1967,59,50代,石川県,能美市,500万円以上 600万円未満,mobile/iphone,2026-09-29 10:33:26,9月,竹田エリア,91.竹田エリア,坂井市,あわら市・坂井市,(一社)DMOさかい観光局,日帰り,福井県内には宿泊しない,福井県内には宿泊しない,自宅,夫婦2人,"ドライブ・ツーリング
",0,0,0,0,0,0,0,0,0,0,0,0,0,0,1,0,0,0,"自家用車
",1,0,0,0,0,0,0,0,"自家用車
",1,0,0,0,0,0,0,0,0,,,使わない,"3,000円以上 5,000円未満","3,000円以上 5,000円未満",11回目以上,"インターネット・アプリ
",0,0,0,0,0,1,0,0,0,0,0,0,0,0,0,選択なし/該当施設なし,,選択なし/該当施設なし,,"1,000円以上 3,000円未満",とても満足,,とても満足,,感じなかった,,10,,,,
149117,道の駅「越前おおの荒島の郷」 エリア,男,1967,59,50代,石川県,能美市,500万円以上 600万円未満,mobile/iphone,2026-09-29 10:32:48,9月,道の駅「恐竜渓谷かつやま」 エリア,26.道の駅「恐竜渓谷かつやま」 エリア,勝山市,勝山市・大野市,勝山市観光まちづくり(株),日帰り,福井県内には宿泊しない,福井県内には宿泊しない,自宅,夫婦2人,"ドライブ・ツーリング
",0,0,0,0,0,0,0,0,0,0,0,0,0,0,1,0,0,0,"自家用車
",1,0,0,0,0,0,0,0,"自家用車
",1,0,0,0,0,0,0,0,0,,,使わない,"3,000円以上 5,000円未満","3,000円以上 5,000円未満",11回目以上,"インターネット・アプリ
",0,0,0,0,0,1,0,0,0,0,0,0,0,0,0,選択なし/該当施設なし,,選択なし/該当施設なし,,"1,000円以上 3,000円未満",とても満足,,とても満足,,感じなかった,,10,,,,
149117,道の駅「越前おおの荒島の郷」 エリア,男,1967,59,50代,石川県,能美市,500万円以上 600万円未満,mobile/iphone,2026-09-29 10:32:07,9月,はたや記念館 ゆめおーれ勝山 エリア,30.はたや記念館 ゆめおーれ勝山 エリア,勝山市,勝山市・大野市,勝山市観光まちづくり(株),日帰り,福井県内には宿泊しない,福井県内には宿泊しない,自宅,夫婦2人,"ドライブ・ツーリング
",0,0,0,0,0,0,0,0,0,0,0,0,0,0,1,0,0,0,"自家用車
",1,0,0,0,0,0,0,0,"自家用車
",1,0,0,0,0,0,0,0,0,,,使わない,"3,000円以上 5,000円未満","3,000円以上 5,000円未満",11回目以上,"インターネット・アプリ
",0,0,0,0,0,1,0,0,0,0,0,0,0,0,0,選択なし/該当施設なし,,選択なし/該当施設なし,,"1,000円以上 3,000円未満",とても満足,,とても満足,,感じなかった,,10,,,,
149117,道の駅「越前おおの荒島の郷」 エリア,男,1967,59,50代,石川県,能美市,500万円以上 600万円未満,mobile/iphone,2026-09-29 10:31:29,9月,平泉寺白山神社 エリア,29.平泉寺白山神社 エリア,勝山市,勝山市・大野市,勝山市観光まちづくり(株),日帰り,福井県内には宿泊しない,福井県内には宿泊しない,自宅,夫婦2人,"ドライブ・ツーリング
",0,0,0,0,0,0,0,0,0,0,0,0,0,0,1,0,0,0,"自家用車
",1,0,0,0,0,0,0,0,"自家用車
",1,0,0,0,0,0,0,0,0,,,使わない,"3,000円以上 5,000円未満","3,000円以上 5,000円未満",11回目以上,"インターネット・アプリ
",0,0,0,0,0,1,0,0,0,0,0,0,0,0,0,選択なし/該当施設なし,,選択なし/該当施設なし,,"1,000円以上 3,000円未満",とても満足,,とても満足,,感じなかった,,10,,,,
149117,道の駅「越前おおの荒島の郷」 エリア,男,1967,59,50代,石川県,能美市,500万円以上 600万円未満,mobile/iphone,2026-09-29 10:30:52,9月,越前大野城・城下町 エリア,21.越前大野城・城下町 エリア,大野市,勝山市・大野市,,日帰り,福井県内には宿泊しない,福井県内には宿泊しない,自宅,夫婦2人,"ドライブ・ツーリング
",0,0,0,0,0,0,0,0,0,0,0,0,0,0,1,0,0,0,"自家用車
",1,0,0,0,0,0,0,0,"自家用車
",1,0,0,0,0,0,0,0,0,,,使わない,"3,000円以上 5,000円未満","3,000円以上 5,000円未満",11回目以上,"インターネット・アプリ
",0,0,0,0,0,1,0,0,0,0,0,0,0,0,0,選択なし/該当施設なし,,選択なし/該当施設なし,,"1,000円以上 3,000円未満",とても満足,,とても満足,,感じなかった,,10,,,,
149117,道の駅「越前おおの荒島の郷」 エリア,男,1967,59,50代,石川県,能美市,500万円以上 600万円未満,mobile/iphone,2026-09-29 10:30:16,9月,六呂師高原 エリア,24.六呂師高原 エリア,大野市,勝山市・大野市,,日帰り,福井県内には宿泊しない,福井県内には宿泊しない,自宅,夫婦2人,"ドライブ・ツーリング
",0,0,0,0,0,0,0,0,0,0,0,0,0,0,1,0,0,0,"自家用車
",1,0,0,0,0,0,0,0,"自家用車
",1,0,0,0,0,0,0,0,0,,,使わない,"3,000円以上 5,000円未満","3,000円以上 5,000円未満",11回目以上,"インターネット・アプリ
",0,0,0,0,0,1,0,0,0,0,0,0,0,0,0,選択なし/該当施設なし,,選択なし/該当施設なし,,"1,000円以上 3,000円未満",とても満足,,とても満足,,感じなかった,,10,,,,
149117,道の駅「越前おおの荒島の郷」 エリア,男,1967,59,50代,石川県,能美市,500万円以上 600万円未満,mobile/iphone,2026-09-29 10:29:17,9月,道の駅「越前おおの荒島の郷」 エリア,22.道の駅「越前おおの荒島の郷」 エリア,大野市,勝山市・大野市,,日帰り,福井県内には宿泊しない,福井県内には宿泊しない,自宅,夫婦2人,"ドライブ・ツーリング
",0,0,0,0,0,0,0,0,0,0,0,0,0,0,1,0,0,0,"自家用車
",1,0,0,0,0,0,0,0,"自家用車
",1,0,0,0,0,0,0,0,0,,,使わない,"3,000円以上 5,000円未満","3,000円以上 5,000円未満",11回目以上,"インターネット・アプリ
",0,0,0,0,0,1,0,0,0,0,0,0,0,0,0,選択なし/該当施設なし,,選択なし/該当施設なし,,"1,000円以上 3,000円未満",とても満足,,とても満足,,感じなかった,,10,,,,
149117,道の駅「越前おおの荒島の郷」 エリア,男,1967,59,50代,石川県,能美市,500万円以上 600万円未満,mobile/iphone,2026-09-29 10:28:36,9月,道の駅「禅の里」 エリア,35.道の駅「禅の里」 エリア,永平寺町,福井市・永平寺町,,日帰り,福井県内には宿泊しない,福井県内には宿泊しない,自宅,夫婦2人,"ドライブ・ツーリング
",0,0,0,0,0,0,0,0,0,0,0,0,0,0,1,0,0,0,"自家用車
",1,0,0,0,0,0,0,0,"自家用車
",1,0,0,0,0,0,0,0,0,,,使わない,"3,000円以上 5,000円未満","3,000円以上 5,000円未満",11回目以上,"インターネット・アプリ
",0,0,0,0,0,1,0,0,0,0,0,0,0,0,0,選択なし/該当施設なし,,選択なし/該当施設なし,,"1,000円以上 3,000円未満",とても満足,,とても満足,,感じなかった,,10,,,,
149117,道の駅「越前おおの荒島の郷」 エリア,男,1967,59,50代,石川県,能美市,500万円以上 600万円未満,mobile/iphone,2026-09-29 10:27:58,9月,えちぜん鉄道 永平寺口駅 エリア,31.えちぜん鉄道 永平寺口駅 エリア,永平寺町,福井市・永平寺町,,日帰り,福井県内には宿泊しない,福井県内には宿泊しない,自宅,夫婦2人,"ドライブ・ツーリング
",0,0,0,0,0,0,0,0,0,0,0,0,0,0,1,0,0,0,"自家用車
",1,0,0,0,0,0,0,0,"自家用車
",1,0,0,0,0,0,0,0,0,,,使わない,"3,000円以上 5,000円未満","3,000円以上 5,000円未満",11回目以上,"インターネット・アプリ
",0,0,0,0,0,1,0,0,0,0,0,0,0,0,0,選択なし/該当施設なし,,選択なし/該当施設なし,,"1,000円以上 3,000円未満",とても満足,,とても満足,,感じなかった,,10,,,,
149117,道の駅「越前おおの荒島の郷」 エリア,男,1967,59,50代,石川県,能美市,500万円以上 600万円未満,mobile/iphone,2026-09-29 10:27:20,9月,えちぜん鉄道 松岡駅 エリア,33.えちぜん鉄道 松岡駅 エリア,永平寺町,福井市・永平寺町,,日帰り,福井県内には宿泊しない,福井県内には宿泊しない,自宅,夫婦2人,"ドライブ・ツーリング
",0,0,0,0,0,0,0,0,0,0,0,0,0,0,1,0,0,0,"自家用車
",1,0,0,0,0,0,0,0,"自家用車
",1,0,0,0,0,0,0,0,0,,,使わない,"3,000円以上 5,000円未満","3,000円以上 5,000円未満",11回目以上,"インターネット・アプリ
",0,0,0,0,0,1,0,0,0,0,0,0,0,0,0,選択なし/該当施設なし,,選択なし/該当施設なし,,"1,000円以上 3,000円未満",とても満足,,とても満足,,感じなかった,,10,,,,
149117,道の駅「越前おおの荒島の郷」 エリア,男,1967,59,50代,石川県,能美市,500万円以上 600万円未満,mobile/iphone,2026-09-29 10:26:37,9月,大本山 永平寺 エリア,34.大本山 永平寺 エリア,永平寺町,福井市・永平寺町,,日帰り,福井県内には宿泊しない,福井県内には宿泊しない,自宅,夫婦2人,"ドライブ・ツーリング
",0,0,0,0,0,0,0,0,0,0,0,0,0,0,1,0,0,0,"自家用車
",1,0,0,0,0,0,0,0,"自家用車
",1,0,0,0,0,0,0,0,0,,,使わない,"3,000円以上 5,000円未満","3,000円以上 5,000円未満",11回目以上,"インターネット・アプリ
",0,0,0,0,0,1,0,0,0,0,0,0,0,0,0,選択なし/該当施設なし,,選択なし/該当施設なし,,"1,000円以上 3,000円未満",とても満足,,とても満足,,感じなかった,,10,,,,
149117,道の駅「越前おおの荒島の郷」 エリア,男,1967,59,50代,石川県,能美市,500万円以上 600万円未満,mobile/iphone,2026-09-29 10:25:54,9月,一乗谷朝倉氏遺跡 エリア,06.一乗谷朝倉氏遺跡 エリア,福井市,福井市・永平寺町,,日帰り,福井県内には宿泊しない,福井県内には宿泊しない,自宅,夫婦2人,"ドライブ・ツーリング
",0,0,0,0,0,0,0,0,0,0,0,0,0,0,1,0,0,0,"自家用車
",1,0,0,0,0,0,0,0,"自家用車
",1,0,0,0,0,0,0,0,0,,,使わない,"3,000円以上 5,000円未満","3,000円以上 5,000円未満",11回目以上,"インターネット・アプリ
",0,0,0,0,0,1,0,0,0,0,0,0,0,0,0,選択なし/該当施設なし,,選択なし/該当施設なし,,"1,000円以上 3,000円未満",とても満足,,とても満足,,感じなかった,,10,,,,
149117,道の駅「越前おおの荒島の郷」 エリア,男,1967,59,50代,石川県,能美市,500万円以上 600万円未満,mobile/iphone,2026-09-29 10:25:16,9月,まちの駅 こってコテいけだ エリア,47.まちの駅 こってコテいけだ エリア,池田町,丹南,（一財）いけだ農村観光公社,日帰り,福井県内には宿泊しない,福井県内には宿泊しない,自宅,夫婦2人,"ドライブ・ツーリング
",0,0,0,0,0,0,0,0,0,0,0,0,0,0,1,0,0,0,"自家用車
",1,0,0,0,0,0,0,0,"自家用車
",1,0,0,0,0,0,0,0,0,,,使わない,"3,000円以上 5,000円未満","3,000円以上 5,000円未満",11回目以上,"インターネット・アプリ
",0,0,0,0,0,1,0,0,0,0,0,0,0,0,0,選択なし/該当施設なし,,選択なし/該当施設なし,,"1,000円以上 3,000円未満",とても満足,,とても満足,,感じなかった,,10,,,,
149117,道の駅「越前おおの荒島の郷」 エリア,男,1967,59,50代,石川県,能美市,500万円以上 600万円未満,mobile/iphone,2026-09-29 10:24:33,9月,かずら橋 エリア,48.かずら橋 エリア,池田町,丹南,（一財）いけだ農村観光公社,日帰り,福井県内には宿泊しない,福井県内には宿泊しない,自宅,夫婦2人,"ドライブ・ツーリング
",0,0,0,0,0,0,0,0,0,0,0,0,0,0,1,0,0,0,"自家用車
",1,0,0,0,0,0,0,0,"自家用車
",1,0,0,0,0,0,0,0,0,,,使わない,"3,000円以上 5,000円未満","3,000円以上 5,000円未満",11回目以上,"インターネット・アプリ
",0,0,0,0,0,1,0,0,0,0,0,0,0,0,0,選択なし/該当施設なし,,選択なし/該当施設なし,,"1,000円以上 3,000円未満",とても満足,,とても満足,,感じなかった,,10,,,,
149117,道の駅「越前おおの荒島の郷」 エリア,男,1967,59,50代,石川県,能美市,500万円以上 600万円未満,mobile/iphone,2026-09-29 10:23:53,9月,うるしの里 エリア,46.うるしの里 エリア,鯖江市,丹南,,日帰り,福井県内には宿泊しない,福井県内には宿泊しない,自宅,夫婦2人,"ドライブ・ツーリング
",0,0,0,0,0,0,0,0,0,0,0,0,0,0,1,0,0,0,"自家用車
",1,0,0,0,0,0,0,0,"自家用車
",1,0,0,0,0,0,0,0,0,,,使わない,"3,000円以上 5,000円未満","3,000円以上 5,000円未満",11回目以上,"インターネット・アプリ
",0,0,0,0,0,1,0,0,0,0,0,0,0,0,0,選択なし/該当施設なし,,選択なし/該当施設なし,,"1,000円以上 3,000円未満",とても満足,,とても満足,,感じなかった,,10,,,,
149117,道の駅「越前おおの荒島の郷」 エリア,男,1967,59,50代,石川県,能美市,500万円以上 600万円未満,mobile/iphone,2026-09-29 10:23:07,9月,越前和紙の里 エリア,36.越前和紙の里 エリア,越前市,丹南,,日帰り,福井県内には宿泊しない,福井県内には宿泊しない,自宅,夫婦2人,"ドライブ・ツーリング
",0,0,0,0,0,0,0,0,0,0,0,0,0,0,1,0,0,0,"自家用車
",1,0,0,0,0,0,0,0,"自家用車
",1,0,0,0,0,0,0,0,0,,,使わない,"3,000円以上 5,000円未満","3,000円以上 5,000円未満",11回目以上,"インターネット・アプリ
",0,0,0,0,0,1,0,0,0,0,0,0,0,0,0,選択なし/該当施設なし,,選択なし/該当施設なし,,"1,000円以上 3,000円未満",とても満足,,とても満足,,感じなかった,,10,,,,
149117,道の駅「越前おおの荒島の郷」 エリア,男,1967,59,50代,石川県,能美市,500万円以上 600万円未満,mobile/iphone,2026-09-29 10:22:02,9月,メガネストリート エリア,45.メガネストリート エリア,鯖江市,丹南,,日帰り,福井県内には宿泊しない,福井県内には宿泊しない,自宅,夫婦2人,"ドライブ・ツーリング
",0,0,0,0,0,0,0,0,0,0,0,0,0,0,1,0,0,0,"自家用車
",1,0,0,0,0,0,0,0,"自家用車
",1,0,0,0,0,0,0,0,0,,,使わない,"3,000円以上 5,000円未満","3,000円以上 5,000円未満",11回目以上,"インターネット・アプリ
",0,0,0,0,0,1,0,0,0,0,0,0,0,0,0,選択なし/該当施設なし,,選択なし/該当施設なし,,"1,000円以上 3,000円未満",とても満足,,とても満足,,感じなかった,,10,,,,
149117,道の駅「越前おおの荒島の郷」 エリア,男,1967,59,50代,石川県,能美市,500万円以上 600万円未満,mobile/iphone,2026-09-29 10:21:19,9月,北陸新幹線 越前たけふ駅 エリア,38.北陸新幹線 越前たけふ駅 エリア,越前市,丹南,,日帰り,福井県内には宿泊しない,福井県内には宿泊しない,自宅,夫婦2人,"ドライブ・ツーリング
",0,0,0,0,0,0,0,0,0,0,0,0,0,0,1,0,0,0,"自家用車
",1,0,0,0,0,0,0,0,"自家用車
",1,0,0,0,0,0,0,0,0,,,使わない,"3,000円以上 5,000円未満","3,000円以上 5,000円未満",11回目以上,"インターネット・アプリ
",0,0,0,0,0,1,0,0,0,0,0,0,0,0,0,選択なし/該当施設なし,,選択なし/該当施設なし,,"1,000円以上 3,000円未満",とても満足,,とても満足,,感じなかった,,10,,,,
149117,道の駅「越前おおの荒島の郷」 エリア,男,1967,59,50代,石川県,能美市,500万円以上 600万円未満,mobile/iphone,2026-09-29 10:20:39,9月,道の駅「西山公園」 エリア,44.道の駅「西山公園」 エリア,鯖江市,丹南,,日帰り,福井県内には宿泊しない,福井県内には宿泊しない,自宅,夫婦2人,"ドライブ・ツーリング
",0,0,0,0,0,0,0,0,0,0,0,0,0,0,1,0,0,0,"自家用車
",1,0,0,0,0,0,0,0,"自家用車
",1,0,0,0,0,0,0,0,0,,,使わない,"3,000円以上 5,000円未満","3,000円以上 5,000円未満",11回目以上,"インターネット・アプリ
",0,0,0,0,0,1,0,0,0,0,0,0,0,0,0,選択なし/該当施設なし,,選択なし/該当施設なし,,"1,000円以上 3,000円未満",とても満足,,とても満足,,感じなかった,,10,,,,
149117,道の駅「越前おおの荒島の郷」 エリア,男,1967,59,50代,石川県,能美市,500万円以上 600万円未満,mobile/iphone,2026-09-29 10:19:57,9月,道の駅「パークイン丹生ヶ丘」 エリア,50.道の駅「パークイン丹生ヶ丘」 エリア,越前町,丹南,一般社団法人 越前町観光連盟（DMO ECHIZEN）,日帰り,福井県内には宿泊しない,福井県内には宿泊しない,自宅,夫婦2人,"ドライブ・ツーリング
",0,0,0,0,0,0,0,0,0,0,0,0,0,0,1,0,0,0,"自家用車
",1,0,0,0,0,0,0,0,"自家用車
",1,0,0,0,0,0,0,0,0,,,使わない,"3,000円以上 5,000円未満","3,000円以上 5,000円未満",11回目以上,"インターネット・アプリ
",0,0,0,0,0,1,0,0,0,0,0,0,0,0,0,選択なし/該当施設なし,,選択なし/該当施設なし,,"1,000円以上 3,000円未満",とても満足,,とても満足,,感じなかった,,10,,,,
149117,道の駅「越前おおの荒島の郷」 エリア,男,1967,59,50代,石川県,能美市,500万円以上 600万円未満,mobile/iphone,2026-09-29 10:19:15,9月,越前陶芸村 エリア,52.越前陶芸村 エリア,越前町,丹南,一般社団法人 越前町観光連盟（DMO ECHIZEN）,日帰り,福井県内には宿泊しない,福井県内には宿泊しない,自宅,夫婦2人,"ドライブ・ツーリング
",0,0,0,0,0,0,0,0,0,0,0,0,0,0,1,0,0,0,"自家用車
",1,0,0,0,0,0,0,0,"自家用車
",1,0,0,0,0,0,0,0,0,,,使わない,"3,000円以上 5,000円未満","3,000円以上 5,000円未満",11回目以上,"インターネット・アプリ
",0,0,0,0,0,1,0,0,0,0,0,0,0,0,0,選択なし/該当施設なし,,選択なし/該当施設なし,,"10,000円以上 20,000円未満",とても満足,,とても満足,,感じなかった,,10,,,,
149117,道の駅「越前おおの荒島の郷」 エリア,男,1967,59,50代,石川県,能美市,500万円以上 600万円未満,mobile/iphone,2026-09-29 10:18:34,9月,劔神社 エリア,51.劔神社 エリア,越前町,丹南,一般社団法人 越前町観光連盟（DMO ECHIZEN）,日帰り,福井県内には宿泊しない,福井県内には宿泊しない,自宅,夫婦2人,"ドライブ・ツーリング
",0,0,0,0,0,0,0,0,0,0,0,0,0,0,1,0,0,0,"自家用車
",1,0,0,0,0,0,0,0,"自家用車
",1,0,0,0,0,0,0,0,0,,,使わない,"3,000円以上 5,000円未満","3,000円以上 5,000円未満",2～5回目,"インターネット・アプリ
",0,0,0,0,0,1,0,0,0,0,0,0,0,0,0,選択なし/該当施設なし,,選択なし/該当施設なし,,"1,000円未満",とても満足,,とても満足,,感じなかった,,10,,,,
149117,道の駅「越前おおの荒島の郷」 エリア,男,1967,59,50代,石川県,能美市,500万円以上 600万円未満,mobile/iphone,2026-09-29 10:17:49,9月,紫式部公園 エリア,41.紫式部公園 エリア,越前市,丹南,,日帰り,福井県内には宿泊しない,福井県内には宿泊しない,自宅,夫婦2人,"ドライブ・ツーリング
",0,0,0,0,0,0,0,0,0,0,0,0,0,0,1,0,0,0,"自家用車
",1,0,0,0,0,0,0,0,"自家用車
",1,0,0,0,0,0,0,0,0,,,使わない,"3,000円以上 5,000円未満","3,000円以上 5,000円未満",11回目以上,"インターネット・アプリ
",0,0,0,0,0,1,0,0,0,0,0,0,0,0,0,選択なし/該当施設なし,,選択なし/該当施設なし,,"1,000円以上 3,000円未満",とても満足,,とても満足,,感じなかった,,10,,,,
149117,道の駅「越前おおの荒島の郷」 エリア,男,1967,59,50代,石川県,能美市,500万円以上 600万円未満,mobile/iphone,2026-09-29 10:17:04,9月,道の駅「越前」 エリア,49.道の駅「越前」 エリア,越前町,丹南,一般社団法人 越前町観光連盟（DMO ECHIZEN）,日帰り,福井県内には宿泊しない,福井県内には宿泊しない,自宅,夫婦2人,"ドライブ・ツーリング
",0,0,0,0,0,0,0,0,0,0,0,0,0,0,1,0,0,0,"自家用車
",1,0,0,0,0,0,0,0,"自家用車
",1,0,0,0,0,0,0,0,0,,,使わない,"3,000円以上 5,000円未満","3,000円以上 5,000円未満",11回目以上,"インターネット・アプリ
",0,0,0,0,0,1,0,0,0,0,0,0,0,0,0,選択なし/該当施設なし,,選択なし/該当施設なし,,"1,000円以上 3,000円未満",とても満足,,とても満足,,感じなかった,,10,,,,
149117,道の駅「越前おおの荒島の郷」 エリア,男,1967,59,50代,石川県,能美市,500万円以上 600万円未満,mobile/iphone,2026-09-29 10:16:19,9月,道の駅「南えちぜん山海里」 エリア,58.道の駅「南えちぜん山海里」 エリア,南越前町,丹南,,日帰り,福井県内には宿泊しない,福井県内には宿泊しない,自宅,夫婦2人,"ドライブ・ツーリング
",0,0,0,0,0,0,0,0,0,0,0,0,0,0,1,0,0,0,"自家用車
",1,0,0,0,0,0,0,0,"自家用車
",1,0,0,0,0,0,0,0,0,,,使わない,"3,000円以上 5,000円未満","3,000円以上 5,000円未満",11回目以上,"インターネット・アプリ
",0,0,0,0,0,1,0,0,0,0,0,0,0,0,0,選択なし/該当施設なし,,選択なし/該当施設なし,,"1,000円以上 3,000円未満",とても満足,,とても満足,,感じなかった,,10,,,,
149117,道の駅「越前おおの荒島の郷」 エリア,男,1967,59,50代,石川県,能美市,500万円以上 600万円未満,mobile/iphone,2026-09-29 10:15:35,9月,JR敦賀駅前 エリア,63.JR敦賀駅前 エリア,敦賀市,嶺南東部,,日帰り,福井県内には宿泊しない,福井県内には宿泊しない,自宅,夫婦2人,"ドライブ・ツーリング
",0,0,0,0,0,0,0,0,0,0,0,0,0,0,1,0,0,0,"自家用車
",1,0,0,0,0,0,0,0,"自家用車
",1,0,0,0,0,0,0,0,0,,,使わない,"3,000円以上 5,000円未満","3,000円以上 5,000円未満",11回目以上,"インターネット・アプリ
",0,0,0,0,0,1,0,0,0,0,0,0,0,0,0,選択なし/該当施設なし,,選択なし/該当施設なし,,"1,000円以上 3,000円未満",とても満足,,とても満足,,感じなかった,,10,,,,
149117,道の駅「越前おおの荒島の郷」 エリア,男,1967,59,50代,石川県,能美市,500万円以上 600万円未満,mobile/iphone,2026-09-29 10:14:54,9月,金ヶ崎 エリア,64.金ヶ崎 エリア,敦賀市,嶺南東部,,日帰り,福井県内には宿泊しない,福井県内には宿泊しない,自宅,夫婦2人,"ドライブ・ツーリング
",0,0,0,0,0,0,0,0,0,0,0,0,0,0,1,0,0,0,"自家用車
",1,0,0,0,0,0,0,0,"自家用車
",1,0,0,0,0,0,0,0,0,,,使わない,"3,000円以上 5,000円未満","3,000円以上 5,000円未満",11回目以上,"インターネット・アプリ
",0,0,0,0,0,1,0,0,0,0,0,0,0,0,0,選択なし/該当施設なし,,選択なし/該当施設なし,,"1,000円未満",とても満足,,とても満足,,感じなかった,,10,,,,
149117,道の駅「越前おおの荒島の郷」 エリア,男,1967,59,50代,石川県,能美市,500万円以上 600万円未満,mobile/iphone,2026-09-29 10:14:08,9月,JR美浜駅 エリア,79.JR美浜駅 エリア,美浜町,嶺南東部,三方五湖DMO(株),日帰り,福井県内には宿泊しない,福井県内には宿泊しない,自宅,夫婦2人,"ドライブ・ツーリング
",0,0,0,0,0,0,0,0,0,0,0,0,0,0,1,0,0,0,"自家用車
",1,0,0,0,0,0,0,0,"自家用車
",1,0,0,0,0,0,0,0,0,,,使わない,"3,000円以上 5,000円未満","3,000円以上 5,000円未満",2～5回目,"インターネット・アプリ
",0,0,0,0,0,1,0,0,0,0,0,0,0,0,0,選択なし/該当施設なし,,選択なし/該当施設なし,,"1,000円以上 3,000円未満",とても満足,,とても満足,,感じなかった,,10,,,,
149117,道の駅「越前おおの荒島の郷」 エリア,男,1967,59,50代,石川県,能美市,500万円以上 600万円未満,mobile/iphone,2026-09-29 10:13:26,9月,道の駅「三方五湖」  エリア,83.道の駅「三方五湖」 エリア,若狭町,嶺南東部,三方五湖DMO(株),日帰り,福井県内には宿泊しない,福井県内には宿泊しない,自宅,夫婦2人,"ドライブ・ツーリング
",0,0,0,0,0,0,0,0,0,0,0,0,0,0,1,0,0,0,"自家用車
",1,0,0,0,0,0,0,0,"自家用車
",1,0,0,0,0,0,0,0,0,,,使わない,"3,000円以上 5,000円未満","3,000円以上 5,000円未満",2～5回目,"インターネット・アプリ
",0,0,0,0,0,1,0,0,0,0,0,0,0,0,0,選択なし/該当施設なし,,選択なし/該当施設なし,,"1,000円以上 3,000円未満",とても満足,,とても満足,,感じなかった,,10,,,,
149117,道の駅「越前おおの荒島の郷」 エリア,男,1967,59,50代,石川県,能美市,500万円以上 600万円未満,mobile/iphone,2026-09-29 10:12:42,9月,道の駅「若狭おばま」 エリア,68.道の駅「若狭おばま」 エリア,小浜市,嶺南西部,(株)まちづくり小浜,日帰り,福井県内には宿泊しない,福井県内には宿泊しない,自宅,夫婦2人,"ドライブ・ツーリング
",0,0,0,0,0,0,0,0,0,0,0,0,0,0,1,0,0,0,"自家用車
",1,0,0,0,0,0,0,0,"自家用車
",1,0,0,0,0,0,0,0,0,,,使わない,"3,000円以上 5,000円未満","3,000円以上 5,000円未満",2～5回目,"インターネット・アプリ
",0,0,0,0,0,1,0,0,0,0,0,0,0,0,0,選択なし/該当施設なし,,選択なし/該当施設なし,,"1,000円以上 3,000円未満",とても満足,,とても満足,,感じなかった,,10,,,,
149117,道の駅「越前おおの荒島の郷」 エリア,男,1967,59,50代,石川県,能美市,500万円以上 600万円未満,mobile/iphone,2026-09-29 10:11:53,9月,うみんぴあ大飯 エリア,84.うみんぴあ大飯 エリア,おおい町,嶺南西部,,日帰り,福井県内には宿泊しない,福井県内には宿泊しない,自宅,夫婦2人,"ドライブ・ツーリング
",0,0,0,0,0,0,0,0,0,0,0,0,0,0,1,0,0,0,"自家用車
",1,0,0,0,0,0,0,0,"自家用車
",1,0,0,0,0,0,0,0,0,,,使わない,"3,000円以上 5,000円未満","3,000円以上 5,000円未満",2～5回目,"インターネット・アプリ
",0,0,0,0,0,1,0,0,0,0,0,0,0,0,0,選択なし/該当施設なし,,選択なし/該当施設なし,,"1,000円以上 3,000円未満",とても満足,,とても満足,,感じなかった,,10,,,,
149117,道の駅「越前おおの荒島の郷」 エリア,男,1967,59,50代,石川県,能美市,500万円以上 600万円未満,mobile/iphone,2026-09-29 10:11:04,9月,明通寺 エリア,73.明通寺 エリア,小浜市,嶺南西部,(株)まちづくり小浜,日帰り,福井県内には宿泊しない,福井県内には宿泊しない,自宅,夫婦2人,"地元の美味しいものを食べる
名所、旧跡の観光
まちあるき、都市散策
ドライブ・ツーリング
",0,0,1,0,1,0,0,0,0,0,1,0,0,0,1,0,0,0,"自家用車
",1,0,0,0,0,0,0,0,"自家用車
",1,0,0,0,0,0,0,0,0,,,使わない,"3,000円以上 5,000円未満","3,000円以上 5,000円未満",2～5回目,"インターネット・アプリ
",0,0,0,0,0,1,0,0,0,0,0,0,0,0,0,選択なし/該当施設なし,,選択なし/該当施設なし,,"1,000円以上 3,000円未満",とても満足,,とても満足,,感じなかった,,10,,,,
203910,web,男,1958,68,60代,福井県,敦賀市,400万円以上 500万円未満,mobile/android,2026-09-29 10:03:02,9月,あわら湯のまち エリア,17.あわら湯のまち エリア,あわら市,あわら市・坂井市,,1泊,1泊,嶺南エリア（敦賀市・美浜町・若狭町・小浜市・おおい町・高浜町）,福井県外には宿泊しない,夫婦2人,"地元の美味しいものを食べる
",0,0,1,0,0,0,0,0,0,0,0,0,0,0,0,0,0,0,"県外から訪れていない（福井県在住）
",0,0,0,0,0,0,1,0,"自家用車
",1,0,0,0,0,0,0,0,0,,,"5,000円以上 10,000円未満",使わない,"3,000円以上 5,000円未満",6～10回目,"Facebook
",0,0,0,0,0,0,0,0,1,0,0,0,0,0,0,選択なし/該当施設なし,,選択なし/該当施設なし,,"10,000円以上 20,000円未満",満足,,満足,,感じなかった,,7,,,,
209049,かにファクトリー 甲羅組 エリア,女,1973,53,50代,大阪府,松原市,分からない/無回答,mobile/android,2026-09-29 10:01:55,9月,かにファクトリー 甲羅組 エリア,102.かにファクトリー 甲羅組 エリア,敦賀市,嶺南東部,,1泊,1泊,嶺南エリア（敦賀市・美浜町・若狭町・小浜市・おおい町・高浜町）,福井県外には宿泊しない,友人,"宿でのんびり過ごす
地元の美味しいものを食べる
買い物、アウトレット
アウトドア（海水浴、釣り、登山など）
まちあるき、都市散策
友人・親戚を尋ねる
",1,0,1,0,0,0,1,0,0,1,1,0,0,0,0,1,0,0,"自家用車
在来線
",1,0,0,1,0,0,0,0,"自家用車
",1,0,0,0,0,0,0,0,0,,,"5,000円以上 10,000円未満","5,000円以上 10,000円未満","5,000円以上 10,000円未満",初めて,"友人・知人
",0,0,0,0,0,0,0,0,0,0,1,0,0,0,0,若狭海遊バザール千鳥苑 若狭美浜 海の駅,,選択なし/該当施設なし,,"1,000円未満",満足,"新しい施設なので、とてもキレイ
子どもは体験できることが沢山あるので楽しそうだった
実際のカニのむき身の作業が見られたり、写真スポットや映像なんかも興味深かった
ごはんも魅力的（丼）
お土産充実
外のバウンドするやつ、あれは人気あるでしょうね！（いい大人ですが、当日雨ですいていたので少しぴょんぴょんさせていただきました。童心にかえりました。めちゃおもしろかった～！）",満足,"とにかく施設がキレイなところ
買い物もごはんも楽しめるし、お子さまはきっと退屈しなくてすみそう",感じた,雨だったので車から降りて施設に入っていくまでにちょっと濡れますね,9,"福井は自然豊かだし、ごはんもおいしいので何回も行ってますが、まだ知らないところがあるので教えてほしいなぁ～
でも車じゃないと色々巡れないと思う&hellip;





","今回お友達に連れてきてもらいました（車）
とてもキレイな施設で大きすぎず、狭すぎずで楽しく見てまわれました。カニについて楽しく学べました。お土産コーナー試食とかあったらうれしいかも。
",機会があれば行きたい,"いつもは電車で福井に行きます
ソースカツ丼やおろしそばなど大好きでよく食べています。今度は温泉に入りたいです。恐竜博物館も行きたいなぁ&hellip;





"
209052,JR美浜駅 エリア,女,1959,67,60代,京都府,京都市右京区,400万円以上 500万円未満,mobile/iphone,2026-09-29 09:59:12,9月,JR美浜駅 エリア,79.JR美浜駅 エリア,美浜町,嶺南東部,三方五湖DMO(株),1泊,1泊,嶺南エリア（敦賀市・美浜町・若狭町・小浜市・おおい町・高浜町）,福井県外には宿泊しない,夫婦2人,"温泉や露天風呂
地元の美味しいものを食べる
",0,1,1,0,0,0,0,0,0,0,0,0,0,0,0,0,0,0,"在来線
",0,0,0,1,0,0,0,0,"在来線
",0,0,0,1,0,0,0,0,0,,,"30,000円以上 40,000円未満","20,000円以上 30,000円未満","20,000円以上 30,000円未満",2～5回目,"観光パンフレット・ポスター
インターネット・アプリ
",0,0,0,1,0,1,0,0,0,0,0,0,0,0,0,日本海さかな街,,選択なし/該当施設なし,,"5,000円以上 10,000円未満",満足,地酒の種類が少ない,満足,休憩すら場所がある,感じた,交通の便が悪い。、電車の本数と、バスが少ない,9,美浜はうなぎが美味しいこと,地酒が美味しかったのて、もう少し販売店を増やして欲しい,機会があれば行きたい,
191362,web,女,1968,58,50代,福井県,敦賀市,300万円以上 400万円未満,mobile/android,2026-09-29 09:51:05,9月,あわら湯のまち エリア,17.あわら湯のまち エリア,あわら市,あわら市・坂井市,,1泊,1泊,嶺南エリア（敦賀市・美浜町・若狭町・小浜市・おおい町・高浜町）,福井県外には宿泊しない,夫婦2人,"買い物、アウトレット
",0,0,0,0,0,0,1,0,0,0,0,0,0,0,0,0,0,0,"県外から訪れていない（福井県在住）
",0,0,0,0,0,0,1,0,"自家用車
",1,0,0,0,0,0,0,0,0,,,"5,000円以上 10,000円未満",使わない,"5,000円以上 10,000円未満",11回目以上,"インターネット・アプリ
",0,0,0,0,0,1,0,0,0,0,0,0,0,0,0,選択なし/該当施設なし,,選択なし/該当施設なし,,"10,000円以上 20,000円未満",とても満足,,とても満足,,感じなかった,,9,,,,
105976,web,女,1973,53,50代,滋賀県,彦根市,100万円未満,mobile/iphone,2026-09-29 09:50:41,9月,道の駅「越前」 エリア,49.道の駅「越前」 エリア,越前町,丹南,一般社団法人 越前町観光連盟（DMO ECHIZEN）,日帰り,福井県内には宿泊しない,福井県内には宿泊しない,福井県外には宿泊しない,恋人,"地元の美味しいものを食べる
",0,0,1,0,0,0,0,0,0,0,0,0,0,0,0,0,0,0,"自家用車
",1,0,0,0,0,0,0,0,"自家用車
",1,0,0,0,0,0,0,0,0,,,使わない,"1,000円以上 3,000円未満","5,000円以上 10,000円未満",11回目以上,"観光パンフレット・ポスター
",0,0,0,1,0,0,0,0,0,0,0,0,0,0,0,道の駅「南えちぜん山海里」,,道の駅「河野」,,"1,000円以上 3,000円未満",どちらでもない,,どちらでもない,,感じなかった,,5,,,機会があれば行きたい,
209050,かにファクトリー 甲羅組 エリア,女,1959,67,60代,大阪府,豊中市,100万円以上 200万円未満,mobile/android,2026-09-29 09:34:10,9月,かにファクトリー 甲羅組 エリア,102.かにファクトリー 甲羅組 エリア,敦賀市,嶺南東部,,1泊,1泊,三国・あわらエリア（あわら市・坂井市）,石川県加賀市,夫婦2人,"地元の美味しいものを食べる
",0,0,1,0,0,0,0,0,0,0,0,0,0,0,0,0,0,0,"自家用車
",1,0,0,0,0,0,0,0,"自家用車
",1,0,0,0,0,0,0,0,0,満足,,"30,000円以上 40,000円未満","5,000円以上 10,000円未満","10,000円以上 20,000円未満",初めて,"インターネット・アプリ
",0,0,0,0,0,1,0,0,0,0,0,0,0,0,0,選択なし/該当施設なし,,選択なし/該当施設なし,,"10,000円以上 20,000円未満",満足,,満足,,感じなかった,,7,,,,
125107,道の駅「越前おおの荒島の郷」 エリア,男,1967,59,50代,石川県,能美市,200万円以上 300万円未満,mobile/iphone,2026-09-29 09:30:46,9月,明通寺 エリア,73.明通寺 エリア,小浜市,嶺南西部,(株)まちづくり小浜,日帰り,福井県内には宿泊しない,福井県内には宿泊しない,自宅,夫婦2人,"ドライブ・ツーリング
",0,0,0,0,0,0,0,0,0,0,0,0,0,0,1,0,0,0,"自家用車
",1,0,0,0,0,0,0,0,"自家用車
",1,0,0,0,0,0,0,0,0,とても満足,,使わない,"1,000円以上 3,000円未満","3,000円以上 5,000円未満",2～5回目,"インターネット・アプリ
",0,0,0,0,0,1,0,0,0,0,0,0,0,0,0,選択なし/該当施設なし,,選択なし/該当施設なし,,"1,000円未満",とても満足,,とても満足,,感じなかった,,10,,,,
125107,道の駅「越前おおの荒島の郷」 エリア,男,1967,59,50代,石川県,能美市,200万円以上 300万円未満,mobile/iphone,2026-09-29 09:29:46,9月,うみんぴあ大飯 エリア,84.うみんぴあ大飯 エリア,おおい町,嶺南西部,,日帰り,福井県内には宿泊しない,福井県内には宿泊しない,自宅,夫婦2人,"ドライブ・ツーリング
",0,0,0,0,0,0,0,0,0,0,0,0,0,0,1,0,0,0,"自家用車
",1,0,0,0,0,0,0,0,"自家用車
",1,0,0,0,0,0,0,0,0,,,使わない,"1,000円以上 3,000円未満","3,000円以上 5,000円未満",2～5回目,"インターネット・アプリ
",0,0,0,0,0,1,0,0,0,0,0,0,0,0,0,選択なし/該当施設なし,,選択なし/該当施設なし,,"1,000円以上 3,000円未満",とても満足,,とても満足,,感じなかった,,10,,,,
125107,道の駅「越前おおの荒島の郷」 エリア,男,1967,59,50代,石川県,能美市,200万円以上 300万円未満,mobile/iphone,2026-09-29 09:29:04,9月,道の駅「若狭おばま」 エリア,68.道の駅「若狭おばま」 エリア,小浜市,嶺南西部,(株)まちづくり小浜,日帰り,福井県内には宿泊しない,福井県内には宿泊しない,自宅,夫婦2人,"ドライブ・ツーリング
",0,0,0,0,0,0,0,0,0,0,0,0,0,0,1,0,0,0,"自家用車
",1,0,0,0,0,0,0,0,"自家用車
",1,0,0,0,0,0,0,0,0,,,使わない,"1,000円以上 3,000円未満","3,000円以上 5,000円未満",2～5回目,"インターネット・アプリ
",0,0,0,0,0,1,0,0,0,0,0,0,0,0,0,選択なし/該当施設なし,,選択なし/該当施設なし,,"1,000円以上 3,000円未満",とても満足,,とても満足,,感じなかった,,10,,,,
125107,道の駅「越前おおの荒島の郷」 エリア,男,1967,59,50代,石川県,能美市,200万円以上 300万円未満,mobile/iphone,2026-09-29 09:28:18,9月,道の駅「三方五湖」  エリア,83.道の駅「三方五湖」 エリア,若狭町,嶺南東部,三方五湖DMO(株),日帰り,福井県内には宿泊しない,福井県内には宿泊しない,自宅,夫婦2人,"ドライブ・ツーリング
",0,0,0,0,0,0,0,0,0,0,0,0,0,0,1,0,0,0,"自家用車
",1,0,0,0,0,0,0,0,"自家用車
",1,0,0,0,0,0,0,0,0,,,使わない,"1,000円以上 3,000円未満","3,000円以上 5,000円未満",2～5回目,"インターネット・アプリ
",0,0,0,0,0,1,0,0,0,0,0,0,0,0,0,選択なし/該当施設なし,,選択なし/該当施設なし,,"1,000円以上 3,000円未満",とても満足,,とても満足,,感じなかった,,10,,,,
125107,道の駅「越前おおの荒島の郷」 エリア,男,1967,59,50代,石川県,能美市,200万円以上 300万円未満,mobile/iphone,2026-09-29 09:27:35,9月,JR美浜駅 エリア,79.JR美浜駅 エリア,美浜町,嶺南東部,三方五湖DMO(株),日帰り,福井県内には宿泊しない,福井県内には宿泊しない,自宅,夫婦2人,"ドライブ・ツーリング
",0,0,0,0,0,0,0,0,0,0,0,0,0,0,1,0,0,0,"自家用車
",1,0,0,0,0,0,0,0,"自家用車
",1,0,0,0,0,0,0,0,0,,,使わない,"1,000円以上 3,000円未満","3,000円以上 5,000円未満",2～5回目,"インターネット・アプリ
",0,0,0,0,0,1,0,0,0,0,0,0,0,0,0,選択なし/該当施設なし,,選択なし/該当施設なし,,"1,000円以上 3,000円未満",とても満足,,とても満足,,感じなかった,,10,,,,
125107,道の駅「越前おおの荒島の郷」 エリア,男,1967,59,50代,石川県,能美市,200万円以上 300万円未満,mobile/iphone,2026-09-29 09:26:45,9月,金ヶ崎 エリア,64.金ヶ崎 エリア,敦賀市,嶺南東部,,日帰り,福井県内には宿泊しない,福井県内には宿泊しない,自宅,夫婦2人,"ドライブ・ツーリング
",0,0,0,0,0,0,0,0,0,0,0,0,0,0,1,0,0,0,"自家用車
",1,0,0,0,0,0,0,0,"自家用車
",1,0,0,0,0,0,0,0,0,,,使わない,"1,000円以上 3,000円未満","3,000円以上 5,000円未満",11回目以上,"インターネット・アプリ
",0,0,0,0,0,1,0,0,0,0,0,0,0,0,0,選択なし/該当施設なし,,選択なし/該当施設なし,,"1,000円未満",とても満足,,とても満足,,感じなかった,,10,,,,
125107,道の駅「越前おおの荒島の郷」 エリア,男,1967,59,50代,石川県,能美市,200万円以上 300万円未満,mobile/iphone,2026-09-29 09:26:03,9月,JR敦賀駅前 エリア,63.JR敦賀駅前 エリア,敦賀市,嶺南東部,,日帰り,福井県内には宿泊しない,福井県内には宿泊しない,自宅,夫婦2人,"ドライブ・ツーリング
",0,0,0,0,0,0,0,0,0,0,0,0,0,0,1,0,0,0,"自家用車
",1,0,0,0,0,0,0,0,"自家用車
",1,0,0,0,0,0,0,0,0,,,使わない,"1,000円以上 3,000円未満","3,000円以上 5,000円未満",11回目以上,"インターネット・アプリ
",0,0,0,0,0,1,0,0,0,0,0,0,0,0,0,選択なし/該当施設なし,,選択なし/該当施設なし,,"1,000円以上 3,000円未満",とても満足,,とても満足,,感じなかった,,10,,,,
125107,道の駅「越前おおの荒島の郷」 エリア,男,1967,59,50代,石川県,能美市,200万円以上 300万円未満,mobile/iphone,2026-09-29 09:25:22,9月,道の駅「南えちぜん山海里」 エリア,58.道の駅「南えちぜん山海里」 エリア,南越前町,丹南,,日帰り,福井県内には宿泊しない,福井県内には宿泊しない,自宅,夫婦2人,"ドライブ・ツーリング
",0,0,0,0,0,0,0,0,0,0,0,0,0,0,1,0,0,0,"自家用車
",1,0,0,0,0,0,0,0,"自家用車
",1,0,0,0,0,0,0,0,0,,,使わない,"1,000円以上 3,000円未満","3,000円以上 5,000円未満",11回目以上,"インターネット・アプリ
",0,0,0,0,0,1,0,0,0,0,0,0,0,0,0,選択なし/該当施設なし,,選択なし/該当施設なし,,"1,000円以上 3,000円未満",とても満足,,とても満足,,感じなかった,,10,,,,
125107,道の駅「越前おおの荒島の郷」 エリア,男,1967,59,50代,石川県,能美市,200万円以上 300万円未満,mobile/iphone,2026-09-29 09:24:09,9月,道の駅「越前」 エリア,49.道の駅「越前」 エリア,越前町,丹南,一般社団法人 越前町観光連盟（DMO ECHIZEN）,日帰り,福井県内には宿泊しない,福井県内には宿泊しない,自宅,夫婦2人,"ドライブ・ツーリング
",0,0,0,0,0,0,0,0,0,0,0,0,0,0,1,0,0,0,"自家用車
",1,0,0,0,0,0,0,0,"自家用車
",1,0,0,0,0,0,0,0,0,,,使わない,"1,000円以上 3,000円未満","3,000円以上 5,000円未満",11回目以上,"インターネット・アプリ
",0,0,0,0,0,1,0,0,0,0,0,0,0,0,0,選択なし/該当施設なし,,選択なし/該当施設なし,,"1,000円以上 3,000円未満",とても満足,,とても満足,,感じなかった,,10,,,,
125107,道の駅「越前おおの荒島の郷」 エリア,男,1967,59,50代,石川県,能美市,200万円以上 300万円未満,mobile/iphone,2026-09-29 09:23:25,9月,紫式部公園 エリア,41.紫式部公園 エリア,越前市,丹南,,日帰り,福井県内には宿泊しない,福井県内には宿泊しない,自宅,夫婦2人,"ドライブ・ツーリング
",0,0,0,0,0,0,0,0,0,0,0,0,0,0,1,0,0,0,"自家用車
",1,0,0,0,0,0,0,0,"自家用車
",1,0,0,0,0,0,0,0,0,,,使わない,"1,000円以上 3,000円未満","3,000円以上 5,000円未満",2～5回目,"インターネット・アプリ
",0,0,0,0,0,1,0,0,0,0,0,0,0,0,0,選択なし/該当施設なし,,選択なし/該当施設なし,,"1,000円以上 3,000円未満",とても満足,,とても満足,,感じなかった,,10,,,,
125107,道の駅「越前おおの荒島の郷」 エリア,男,1967,59,50代,石川県,能美市,200万円以上 300万円未満,mobile/iphone,2026-09-29 09:22:33,9月,劔神社 エリア,51.劔神社 エリア,越前町,丹南,一般社団法人 越前町観光連盟（DMO ECHIZEN）,日帰り,福井県内には宿泊しない,福井県内には宿泊しない,自宅,夫婦2人,"ドライブ・ツーリング
",0,0,0,0,0,0,0,0,0,0,0,0,0,0,1,0,0,0,"自家用車
",1,0,0,0,0,0,0,0,"自家用車
",1,0,0,0,0,0,0,0,0,,,使わない,"1,000円以上 3,000円未満","3,000円以上 5,000円未満",2～5回目,"インターネット・アプリ
",0,0,0,0,0,1,0,0,0,0,0,0,0,0,0,選択なし/該当施設なし,,選択なし/該当施設なし,,"1,000円未満",とても満足,,とても満足,,感じなかった,,10,,,,
125107,道の駅「越前おおの荒島の郷」 エリア,男,1967,59,50代,石川県,能美市,200万円以上 300万円未満,mobile/iphone,2026-09-29 09:21:51,9月,越前陶芸村 エリア,52.越前陶芸村 エリア,越前町,丹南,一般社団法人 越前町観光連盟（DMO ECHIZEN）,日帰り,福井県内には宿泊しない,福井県内には宿泊しない,自宅,夫婦2人,"ドライブ・ツーリング
",0,0,0,0,0,0,0,0,0,0,0,0,0,0,1,0,0,0,"自家用車
",1,0,0,0,0,0,0,0,"自家用車
",1,0,0,0,0,0,0,0,0,,,使わない,"1,000円以上 3,000円未満","3,000円以上 5,000円未満",11回目以上,"インターネット・アプリ
",0,0,0,0,0,1,0,0,0,0,0,0,0,0,0,選択なし/該当施設なし,,選択なし/該当施設なし,,"10,000円以上 20,000円未満",とても満足,,とても満足,,感じなかった,,10,,,,
125107,道の駅「越前おおの荒島の郷」 エリア,男,1967,59,50代,石川県,能美市,200万円以上 300万円未満,mobile/iphone,2026-09-29 09:20:52,9月,道の駅「パークイン丹生ヶ丘」 エリア,50.道の駅「パークイン丹生ヶ丘」 エリア,越前町,丹南,一般社団法人 越前町観光連盟（DMO ECHIZEN）,日帰り,福井県内には宿泊しない,福井県内には宿泊しない,自宅,夫婦2人,"ドライブ・ツーリング
",0,0,0,0,0,0,0,0,0,0,0,0,0,0,1,0,0,0,"自家用車
",1,0,0,0,0,0,0,0,"自家用車
",1,0,0,0,0,0,0,0,0,,,使わない,"1,000円以上 3,000円未満","3,000円以上 5,000円未満",11回目以上,"インターネット・アプリ
",0,0,0,0,0,1,0,0,0,0,0,0,0,0,0,選択なし/該当施設なし,,選択なし/該当施設なし,,"1,000円以上 3,000円未満",とても満足,,とても満足,,感じなかった,,10,,,,
125107,道の駅「越前おおの荒島の郷」 エリア,男,1967,59,50代,石川県,能美市,200万円以上 300万円未満,mobile/iphone,2026-09-29 09:20:05,9月,道の駅「西山公園」 エリア,44.道の駅「西山公園」 エリア,鯖江市,丹南,,日帰り,福井県内には宿泊しない,福井県内には宿泊しない,自宅,夫婦2人,"ドライブ・ツーリング
",0,0,0,0,0,0,0,0,0,0,0,0,0,0,1,0,0,0,"自家用車
",1,0,0,0,0,0,0,0,"自家用車
",1,0,0,0,0,0,0,0,0,,,使わない,"1,000円以上 3,000円未満","3,000円以上 5,000円未満",11回目以上,"インターネット・アプリ
",0,0,0,0,0,1,0,0,0,0,0,0,0,0,0,選択なし/該当施設なし,,選択なし/該当施設なし,,"1,000円以上 3,000円未満",とても満足,,とても満足,,感じなかった,,10,,,,
125107,道の駅「越前おおの荒島の郷」 エリア,男,1967,59,50代,石川県,能美市,200万円以上 300万円未満,mobile/iphone,2026-09-29 09:19:25,9月,北陸新幹線 越前たけふ駅 エリア,38.北陸新幹線 越前たけふ駅 エリア,越前市,丹南,,日帰り,福井県内には宿泊しない,福井県内には宿泊しない,自宅,夫婦2人,"ドライブ・ツーリング
",0,0,0,0,0,0,0,0,0,0,0,0,0,0,1,0,0,0,"自家用車
",1,0,0,0,0,0,0,0,"自家用車
",1,0,0,0,0,0,0,0,0,,,使わない,"1,000円以上 3,000円未満","3,000円以上 5,000円未満",11回目以上,"インターネット・アプリ
",0,0,0,0,0,1,0,0,0,0,0,0,0,0,0,選択なし/該当施設なし,,選択なし/該当施設なし,,"1,000円以上 3,000円未満",とても満足,,とても満足,,感じなかった,,10,,,,
125107,道の駅「越前おおの荒島の郷」 エリア,男,1967,59,50代,石川県,能美市,200万円以上 300万円未満,mobile/iphone,2026-09-29 09:18:32,9月,メガネストリート エリア,45.メガネストリート エリア,鯖江市,丹南,,日帰り,福井県内には宿泊しない,福井県内には宿泊しない,自宅,夫婦2人,"ドライブ・ツーリング
",0,0,0,0,0,0,0,0,0,0,0,0,0,0,1,0,0,0,"自家用車
",1,0,0,0,0,0,0,0,"自家用車
",1,0,0,0,0,0,0,0,0,,,使わない,"1,000円以上 3,000円未満","3,000円以上 5,000円未満",11回目以上,"インターネット・アプリ
",0,0,0,0,0,1,0,0,0,0,0,0,0,0,0,選択なし/該当施設なし,,選択なし/該当施設なし,,"1,000円以上 3,000円未満",とても満足,,とても満足,,感じなかった,,10,,,,
125107,道の駅「越前おおの荒島の郷」 エリア,男,1967,59,50代,石川県,能美市,200万円以上 300万円未満,mobile/iphone,2026-09-29 09:17:47,9月,越前和紙の里 エリア,36.越前和紙の里 エリア,越前市,丹南,,日帰り,福井県内には宿泊しない,福井県内には宿泊しない,自宅,夫婦2人,"ドライブ・ツーリング
",0,0,0,0,0,0,0,0,0,0,0,0,0,0,1,0,0,0,"自家用車
",1,0,0,0,0,0,0,0,"自家用車
",1,0,0,0,0,0,0,0,0,,,使わない,"1,000円以上 3,000円未満","3,000円以上 5,000円未満",11回目以上,"インターネット・アプリ
",0,0,0,0,0,1,0,0,0,0,0,0,0,0,0,選択なし/該当施設なし,,選択なし/該当施設なし,,"1,000円以上 3,000円未満",とても満足,,とても満足,,感じなかった,,10,,,,
125107,道の駅「越前おおの荒島の郷」 エリア,男,1967,59,50代,石川県,能美市,200万円以上 300万円未満,mobile/iphone,2026-09-29 09:16:50,9月,うるしの里 エリア,46.うるしの里 エリア,鯖江市,丹南,,日帰り,福井県内には宿泊しない,福井県内には宿泊しない,自宅,夫婦2人,"ドライブ・ツーリング
",0,0,0,0,0,0,0,0,0,0,0,0,0,0,1,0,0,0,"自家用車
",1,0,0,0,0,0,0,0,"自家用車
",1,0,0,0,0,0,0,0,0,,,使わない,"1,000円以上 3,000円未満","3,000円以上 5,000円未満",11回目以上,"インターネット・アプリ
",0,0,0,0,0,1,0,0,0,0,0,0,0,0,0,選択なし/該当施設なし,,選択なし/該当施設なし,,"1,000円以上 3,000円未満",とても満足,,とても満足,,感じなかった,,10,,,,
125107,道の駅「越前おおの荒島の郷」 エリア,男,1967,59,50代,石川県,能美市,200万円以上 300万円未満,mobile/iphone,2026-09-29 09:16:04,9月,かずら橋 エリア,48.かずら橋 エリア,池田町,丹南,（一財）いけだ農村観光公社,日帰り,福井県内には宿泊しない,福井県内には宿泊しない,自宅,夫婦2人,"ドライブ・ツーリング
",0,0,0,0,0,0,0,0,0,0,0,0,0,0,1,0,0,0,"自家用車
",1,0,0,0,0,0,0,0,"自家用車
",1,0,0,0,0,0,0,0,0,,,使わない,"1,000円以上 3,000円未満","3,000円以上 5,000円未満",11回目以上,"インターネット・アプリ
",0,0,0,0,0,1,0,0,0,0,0,0,0,0,0,選択なし/該当施設なし,,選択なし/該当施設なし,,"1,000円以上 3,000円未満",とても満足,,とても満足,,感じなかった,,10,,,,
125107,道の駅「越前おおの荒島の郷」 エリア,男,1967,59,50代,石川県,能美市,200万円以上 300万円未満,mobile/iphone,2026-09-29 09:15:23,9月,まちの駅 こってコテいけだ エリア,47.まちの駅 こってコテいけだ エリア,池田町,丹南,（一財）いけだ農村観光公社,日帰り,福井県内には宿泊しない,福井県内には宿泊しない,自宅,夫婦2人,"ドライブ・ツーリング
",0,0,0,0,0,0,0,0,0,0,0,0,0,0,1,0,0,0,"自家用車
",1,0,0,0,0,0,0,0,"自家用車
",1,0,0,0,0,0,0,0,0,,,使わない,"1,000円以上 3,000円未満","3,000円以上 5,000円未満",11回目以上,"インターネット・アプリ
",0,0,0,0,0,1,0,0,0,0,0,0,0,0,0,選択なし/該当施設なし,,選択なし/該当施設なし,,"1,000円以上 3,000円未満",とても満足,,とても満足,,感じなかった,,10,,,,
125107,道の駅「越前おおの荒島の郷」 エリア,男,1967,59,50代,石川県,能美市,200万円以上 300万円未満,mobile/iphone,2026-09-29 09:14:38,9月,えちぜん鉄道 松岡駅 エリア,33.えちぜん鉄道 松岡駅 エリア,永平寺町,福井市・永平寺町,,日帰り,福井県内には宿泊しない,福井県内には宿泊しない,自宅,夫婦2人,"ドライブ・ツーリング
",0,0,0,0,0,0,0,0,0,0,0,0,0,0,1,0,0,0,"自家用車
",1,0,0,0,0,0,0,0,"自家用車
",1,0,0,0,0,0,0,0,0,,,使わない,"1,000円以上 3,000円未満","3,000円以上 5,000円未満",11回目以上,"インターネット・アプリ
",0,0,0,0,0,1,0,0,0,0,0,0,0,0,0,選択なし/該当施設なし,,選択なし/該当施設なし,,使わない,とても満足,,とても満足,,感じなかった,,10,,,,
125107,道の駅「越前おおの荒島の郷」 エリア,男,1967,59,50代,石川県,能美市,200万円以上 300万円未満,mobile/iphone,2026-09-29 09:13:30,9月,一乗谷朝倉氏遺跡 エリア,06.一乗谷朝倉氏遺跡 エリア,福井市,福井市・永平寺町,,日帰り,福井県内には宿泊しない,福井県内には宿泊しない,自宅,夫婦2人,"ドライブ・ツーリング
",0,0,0,0,0,0,0,0,0,0,0,0,0,0,1,0,0,0,"自家用車
",1,0,0,0,0,0,0,0,"自家用車
",1,0,0,0,0,0,0,0,0,,,使わない,"1,000円以上 3,000円未満","3,000円以上 5,000円未満",11回目以上,"インターネット・アプリ
",0,0,0,0,0,1,0,0,0,0,0,0,0,0,0,選択なし/該当施設なし,,選択なし/該当施設なし,,"1,000円以上 3,000円未満",とても満足,,とても満足,,感じなかった,,10,,,,
125107,道の駅「越前おおの荒島の郷」 エリア,男,1967,59,50代,石川県,能美市,200万円以上 300万円未満,mobile/iphone,2026-09-29 09:12:44,9月,大本山 永平寺 エリア,34.大本山 永平寺 エリア,永平寺町,福井市・永平寺町,,日帰り,福井県内には宿泊しない,福井県内には宿泊しない,自宅,夫婦2人,"ドライブ・ツーリング
",0,0,0,0,0,0,0,0,0,0,0,0,0,0,1,0,0,0,"自家用車
",1,0,0,0,0,0,0,0,"自家用車
",1,0,0,0,0,0,0,0,0,,,使わない,"1,000円以上 3,000円未満","3,000円以上 5,000円未満",11回目以上,"インターネット・アプリ
",0,0,0,0,0,1,0,0,0,0,0,0,0,0,0,選択なし/該当施設なし,,選択なし/該当施設なし,,"1,000円以上 3,000円未満",とても満足,,とても満足,,感じなかった,,10,,,,
125107,道の駅「越前おおの荒島の郷」 エリア,男,1967,59,50代,石川県,能美市,200万円以上 300万円未満,mobile/iphone,2026-09-29 09:11:53,9月,えちぜん鉄道 永平寺口駅 エリア,31.えちぜん鉄道 永平寺口駅 エリア,永平寺町,福井市・永平寺町,,日帰り,福井県内には宿泊しない,福井県内には宿泊しない,自宅,夫婦2人,"ドライブ・ツーリング
",0,0,0,0,0,0,0,0,0,0,0,0,0,0,1,0,0,0,"自家用車
",1,0,0,0,0,0,0,0,"自家用車
",1,0,0,0,0,0,0,0,0,,,使わない,"1,000円以上 3,000円未満","3,000円以上 5,000円未満",11回目以上,"インターネット・アプリ
",0,0,0,0,0,1,0,0,0,0,0,0,0,0,0,選択なし/該当施設なし,,選択なし/該当施設なし,,使わない,とても満足,,とても満足,,感じなかった,,10,,,,
125107,道の駅「越前おおの荒島の郷」 エリア,男,1967,59,50代,石川県,能美市,200万円以上 300万円未満,mobile/iphone,2026-09-29 09:10:55,9月,道の駅「禅の里」 エリア,35.道の駅「禅の里」 エリア,永平寺町,福井市・永平寺町,,日帰り,福井県内には宿泊しない,福井県内には宿泊しない,自宅,夫婦2人,"ドライブ・ツーリング
",0,0,0,0,0,0,0,0,0,0,0,0,0,0,1,0,0,0,"自家用車
",1,0,0,0,0,0,0,0,"自家用車
",1,0,0,0,0,0,0,0,0,,,使わない,"1,000円以上 3,000円未満","3,000円以上 5,000円未満",11回目以上,"インターネット・アプリ
",0,0,0,0,0,1,0,0,0,0,0,0,0,0,0,選択なし/該当施設なし,,選択なし/該当施設なし,,"1,000円以上 3,000円未満",とても満足,,とても満足,,感じなかった,,10,,,,
125107,道の駅「越前おおの荒島の郷」 エリア,男,1967,59,50代,石川県,能美市,200万円以上 300万円未満,mobile/iphone,2026-09-29 09:10:04,9月,道の駅「越前おおの荒島の郷」 エリア,22.道の駅「越前おおの荒島の郷」 エリア,大野市,勝山市・大野市,,日帰り,福井県内には宿泊しない,福井県内には宿泊しない,自宅,夫婦2人,"ドライブ・ツーリング
",0,0,0,0,0,0,0,0,0,0,0,0,0,0,1,0,0,0,"自家用車
",1,0,0,0,0,0,0,0,"自家用車
",1,0,0,0,0,0,0,0,0,,,使わない,"1,000円以上 3,000円未満","3,000円以上 5,000円未満",11回目以上,"インターネット・アプリ
",0,0,0,0,0,1,0,0,0,0,0,0,0,0,0,選択なし/該当施設なし,,選択なし/該当施設なし,,"3,000円以上 5,000円未満",とても満足,,とても満足,,感じなかった,,10,,,,
125107,道の駅「越前おおの荒島の郷」 エリア,男,1967,59,50代,石川県,能美市,200万円以上 300万円未満,mobile/iphone,2026-09-29 09:09:01,9月,六呂師高原 エリア,24.六呂師高原 エリア,大野市,勝山市・大野市,,日帰り,福井県内には宿泊しない,福井県内には宿泊しない,自宅,夫婦2人,"ドライブ・ツーリング
",0,0,0,0,0,0,0,0,0,0,0,0,0,0,1,0,0,0,"自家用車
",1,0,0,0,0,0,0,0,"自家用車
",1,0,0,0,0,0,0,0,0,,,使わない,"1,000円以上 3,000円未満","3,000円以上 5,000円未満",11回目以上,"インターネット・アプリ
",0,0,0,0,0,1,0,0,0,0,0,0,0,0,0,選択なし/該当施設なし,,選択なし/該当施設なし,,使わない,とても満足,,とても満足,,感じなかった,,10,,,,
125107,道の駅「越前おおの荒島の郷」 エリア,男,1967,59,50代,石川県,能美市,200万円以上 300万円未満,mobile/iphone,2026-09-29 09:08:08,9月,越前大野城・城下町 エリア,21.越前大野城・城下町 エリア,大野市,勝山市・大野市,,日帰り,福井県内には宿泊しない,福井県内には宿泊しない,自宅,夫婦2人,"ドライブ・ツーリング
",0,0,0,0,0,0,0,0,0,0,0,0,0,0,1,0,0,0,"自家用車
",1,0,0,0,0,0,0,0,"自家用車
",1,0,0,0,0,0,0,0,0,,,使わない,"1,000円以上 3,000円未満","3,000円以上 5,000円未満",11回目以上,"インターネット・アプリ
",0,0,0,0,0,1,0,0,0,0,0,0,0,0,0,選択なし/該当施設なし,,選択なし/該当施設なし,,"1,000円未満",とても満足,,とても満足,,感じなかった,,10,,,,
125107,道の駅「越前おおの荒島の郷」 エリア,男,1967,59,50代,石川県,能美市,200万円以上 300万円未満,mobile/iphone,2026-09-29 09:07:16,9月,平泉寺白山神社 エリア,29.平泉寺白山神社 エリア,勝山市,勝山市・大野市,勝山市観光まちづくり(株),日帰り,福井県内には宿泊しない,福井県内には宿泊しない,自宅,夫婦2人,"ドライブ・ツーリング
",0,0,0,0,0,0,0,0,0,0,0,0,0,0,1,0,0,0,"自家用車
",1,0,0,0,0,0,0,0,"自家用車
",1,0,0,0,0,0,0,0,0,,,使わない,"1,000円以上 3,000円未満","3,000円以上 5,000円未満",11回目以上,"インターネット・アプリ
",0,0,0,0,0,1,0,0,0,0,0,0,0,0,0,選択なし/該当施設なし,,選択なし/該当施設なし,,"1,000円未満",とても満足,,とても満足,,感じなかった,,10,,,,
125107,道の駅「越前おおの荒島の郷」 エリア,男,1967,59,50代,石川県,能美市,200万円以上 300万円未満,mobile/iphone,2026-09-29 09:05:49,9月,はたや記念館 ゆめおーれ勝山 エリア,30.はたや記念館 ゆめおーれ勝山 エリア,勝山市,勝山市・大野市,勝山市観光まちづくり(株),日帰り,福井県内には宿泊しない,福井県内には宿泊しない,自宅,夫婦2人,"ドライブ・ツーリング
",0,0,0,0,0,0,0,0,0,0,0,0,0,0,1,0,0,0,"自家用車
",1,0,0,0,0,0,0,0,"自家用車
",1,0,0,0,0,0,0,0,0,,,使わない,"1,000円以上 3,000円未満","3,000円以上 5,000円未満",11回目以上,"インターネット・アプリ
",0,0,0,0,0,1,0,0,0,0,0,0,0,0,0,選択なし/該当施設なし,,選択なし/該当施設なし,,使わない,とても満足,,とても満足,,感じなかった,,10,,,,
125107,道の駅「越前おおの荒島の郷」 エリア,男,1967,59,50代,石川県,能美市,200万円以上 300万円未満,mobile/iphone,2026-09-29 09:05:04,9月,道の駅「恐竜渓谷かつやま」 エリア,26.道の駅「恐竜渓谷かつやま」 エリア,勝山市,勝山市・大野市,勝山市観光まちづくり(株),日帰り,福井県内には宿泊しない,福井県内には宿泊しない,自宅,夫婦2人,"ドライブ・ツーリング
",0,0,0,0,0,0,0,0,0,0,0,0,0,0,1,0,0,0,"自家用車
",1,0,0,0,0,0,0,0,"自家用車
",1,0,0,0,0,0,0,0,0,,,使わない,"1,000円以上 3,000円未満","3,000円以上 5,000円未満",11回目以上,"インターネット・アプリ
",0,0,0,0,0,1,0,0,0,0,0,0,0,0,0,選択なし/該当施設なし,,選択なし/該当施設なし,,"1,000円以上 3,000円未満",とても満足,,とても満足,,感じなかった,,10,,,,
125107,道の駅「越前おおの荒島の郷」 エリア,男,1967,59,50代,石川県,能美市,200万円以上 300万円未満,mobile/iphone,2026-09-29 09:04:17,9月,竹田エリア,91.竹田エリア,坂井市,あわら市・坂井市,(一社)DMOさかい観光局,日帰り,福井県内には宿泊しない,福井県内には宿泊しない,自宅,夫婦2人,"ドライブ・ツーリング
",0,0,0,0,0,0,0,0,0,0,0,0,0,0,1,0,0,0,"自家用車
",1,0,0,0,0,0,0,0,"自家用車
",1,0,0,0,0,0,0,0,0,,,使わない,"1,000円以上 3,000円未満","3,000円以上 5,000円未満",11回目以上,"インターネット・アプリ
",0,0,0,0,0,1,0,0,0,0,0,0,0,0,0,選択なし/該当施設なし,,選択なし/該当施設なし,,"1,000円以上 3,000円未満",とても満足,,とても満足,,感じなかった,,10,,,,
125107,道の駅「越前おおの荒島の郷」 エリア,男,1967,59,50代,石川県,能美市,200万円以上 300万円未満,mobile/iphone,2026-09-29 09:02:53,9月,丸岡城 エリア,13.丸岡城 エリア,坂井市,あわら市・坂井市,(一社)DMOさかい観光局,日帰り,福井県内には宿泊しない,福井県内には宿泊しない,自宅,夫婦2人,"ドライブ・ツーリング
",0,0,0,0,0,0,0,0,0,0,0,0,0,0,1,0,0,0,"自家用車
",1,0,0,0,0,0,0,0,"自家用車
",1,0,0,0,0,0,0,0,0,,,使わない,"1,000円以上 3,000円未満","3,000円以上 5,000円未満",11回目以上,"インターネット・アプリ
",0,0,0,0,0,1,0,0,0,0,0,0,0,0,0,選択なし/該当施設なし,,選択なし/該当施設なし,,"1,000円以上 3,000円未満",とても満足,,とても満足,,感じなかった,,10,,,,
125107,道の駅「越前おおの荒島の郷」 エリア,男,1967,59,50代,石川県,能美市,200万円以上 300万円未満,mobile/iphone,2026-09-29 09:02:01,9月,花の駅 ゆりの里公園 エリア,14.花の駅 ゆりの里公園 エリア,坂井市,あわら市・坂井市,(一社)DMOさかい観光局,日帰り,福井県内には宿泊しない,福井県内には宿泊しない,自宅,夫婦2人,"ドライブ・ツーリング
",0,0,0,0,0,0,0,0,0,0,0,0,0,0,1,0,0,0,"自家用車
",1,0,0,0,0,0,0,0,"自家用車
",1,0,0,0,0,0,0,0,0,,,使わない,"1,000円以上 3,000円未満","3,000円以上 5,000円未満",11回目以上,"インターネット・アプリ
",0,0,0,0,0,1,0,0,0,0,0,0,0,0,0,選択なし/該当施設なし,,選択なし/該当施設なし,,"1,000円以上 3,000円未満",とても満足,,とても満足,,感じなかった,,10,,,,
125107,道の駅「越前おおの荒島の郷」 エリア,男,1967,59,50代,石川県,能美市,200万円以上 300万円未満,mobile/iphone,2026-09-29 09:00:53,9月,道の駅みくに ふれあいパーク三里浜 エリア,15.道の駅みくに ふれあいパーク三里浜 エリア,坂井市,あわら市・坂井市,(一社)DMOさかい観光局,日帰り,福井県内には宿泊しない,福井県内には宿泊しない,自宅,夫婦2人,"ドライブ・ツーリング
",0,0,0,0,0,0,0,0,0,0,0,0,0,0,1,0,0,0,"自家用車
",1,0,0,0,0,0,0,0,"自家用車
",1,0,0,0,0,0,0,0,0,,,使わない,"1,000円以上 3,000円未満","3,000円以上 5,000円未満",11回目以上,"インターネット・アプリ
",0,0,0,0,0,1,0,0,0,0,0,0,0,0,0,選択なし/該当施設なし,,選択なし/該当施設なし,,"1,000円以上 3,000円未満",とても満足,,とても満足,,感じなかった,,10,,,,
125107,道の駅「越前おおの荒島の郷」 エリア,男,1967,59,50代,石川県,能美市,200万円以上 300万円未満,mobile/iphone,2026-09-29 09:00:03,9月,三国湊 エリア,09.三国湊 エリア,坂井市,あわら市・坂井市,(一社)DMOさかい観光局,日帰り,福井県内には宿泊しない,福井県内には宿泊しない,自宅,夫婦2人,"ドライブ・ツーリング
",0,0,0,0,0,0,0,0,0,0,0,0,0,0,1,0,0,0,"自家用車
",1,0,0,0,0,0,0,0,"自家用車
",1,0,0,0,0,0,0,0,0,,,使わない,"1,000円以上 3,000円未満","3,000円以上 5,000円未満",11回目以上,"インターネット・アプリ
",0,0,0,0,0,1,0,0,0,0,0,0,0,0,0,選択なし/該当施設なし,,選択なし/該当施設なし,,使わない,とても満足,,とても満足,,感じなかった,,10,,,,
125107,道の駅「越前おおの荒島の郷」 エリア,男,1967,59,50代,石川県,能美市,200万円以上 300万円未満,mobile/iphone,2026-09-29 08:59:13,9月,JR芦原温泉駅 エリア,16.JR芦原温泉駅 エリア,あわら市,あわら市・坂井市,,日帰り,福井県内には宿泊しない,福井県内には宿泊しない,自宅,夫婦2人,"ドライブ・ツーリング
",0,0,0,0,0,0,0,0,0,0,0,0,0,0,1,0,0,0,"自家用車
",1,0,0,0,0,0,0,0,"自家用車
",1,0,0,0,0,0,0,0,0,,,使わない,"1,000円以上 3,000円未満","3,000円以上 5,000円未満",11回目以上,"インターネット・アプリ
",0,0,0,0,0,1,0,0,0,0,0,0,0,0,0,選択なし/該当施設なし,,選択なし/該当施設なし,,"1,000円以上 3,000円未満",とても満足,,とても満足,,感じなかった,,10,,,,
125107,道の駅「越前おおの荒島の郷」 エリア,男,1967,59,50代,石川県,能美市,200万円以上 300万円未満,mobile/iphone,2026-09-29 08:58:16,9月,あわら湯のまち エリア,17.あわら湯のまち エリア,あわら市,あわら市・坂井市,,日帰り,福井県内には宿泊しない,福井県内には宿泊しない,自宅,夫婦2人,"ドライブ・ツーリング
",0,0,0,0,0,0,0,0,0,0,0,0,0,0,1,0,0,0,"自家用車
",1,0,0,0,0,0,0,0,"自家用車
",1,0,0,0,0,0,0,0,0,,,使わない,"1,000円以上 3,000円未満","3,000円以上 5,000円未満",11回目以上,"インターネット・アプリ
",0,0,0,0,0,1,0,0,0,0,0,0,0,0,0,選択なし/該当施設なし,,選択なし/該当施設なし,,使わない,とても満足,,とても満足,,感じなかった,,10,,,,
125107,道の駅「越前おおの荒島の郷」 エリア,男,1967,59,50代,石川県,能美市,200万円以上 300万円未満,mobile/iphone,2026-09-29 08:57:16,9月,越前松島水族館 エリア,11.越前松島水族館 エリア,坂井市,あわら市・坂井市,(一社)DMOさかい観光局,日帰り,福井県内には宿泊しない,福井県内には宿泊しない,自宅,夫婦2人,"ドライブ・ツーリング
",0,0,0,0,0,0,0,0,0,0,0,0,0,0,1,0,0,0,"自家用車
",1,0,0,0,0,0,0,0,"自家用車
",1,0,0,0,0,0,0,0,0,,,使わない,"1,000円以上 3,000円未満","3,000円以上 5,000円未満",11回目以上,"インターネット・アプリ
",0,0,0,0,0,1,0,0,0,0,0,0,0,0,0,選択なし/該当施設なし,,選択なし/該当施設なし,,"3,000円以上 5,000円未満",とても満足,,とても満足,,感じなかった,,10,,,,
125107,道の駅「越前おおの荒島の郷」 エリア,男,1967,59,50代,石川県,能美市,200万円以上 300万円未満,mobile/iphone,2026-09-29 08:56:14,9月,フルーツライン エリア,18.フルーツライン エリア,あわら市,あわら市・坂井市,,日帰り,福井県内には宿泊しない,福井県内には宿泊しない,自宅,夫婦2人,"ドライブ・ツーリング
",0,0,0,0,0,0,0,0,0,0,0,0,0,0,1,0,0,0,"自家用車
",1,0,0,0,0,0,0,0,"自家用車
",1,0,0,0,0,0,0,0,0,,,使わない,"1,000円以上 3,000円未満","3,000円以上 5,000円未満",11回目以上,"インターネット・アプリ
",0,0,0,0,0,1,0,0,0,0,0,0,0,0,0,選択なし/該当施設なし,,選択なし/該当施設なし,,使わない,とても満足,,とても満足,,感じなかった,,10,,,,
125107,道の駅「越前おおの荒島の郷」 エリア,男,1967,59,50代,石川県,能美市,200万円以上 300万円未満,mobile/iphone,2026-09-29 08:54:30,9月,北潟湖 エリア,20.北潟湖 エリア,あわら市,あわら市・坂井市,,日帰り,福井県内には宿泊しない,福井県内には宿泊しない,自宅,夫婦2人,"地元の美味しいものを食べる
名所、旧跡の観光
まちあるき、都市散策
ドライブ・ツーリング
",0,0,1,0,1,0,0,0,0,0,1,0,0,0,1,0,0,0,"自家用車
",1,0,0,0,0,0,0,0,"自家用車
",1,0,0,0,0,0,0,0,0,,,使わない,"1,000円以上 3,000円未満","3,000円以上 5,000円未満",11回目以上,"インターネット・アプリ
",0,0,0,0,0,1,0,0,0,0,0,0,0,0,0,選択なし/該当施設なし,,選択なし/該当施設なし,,"1,000円以上 3,000円未満",とても満足,,とても満足,,感じなかった,,10,,,,
209047,あわら湯のまち エリア,男,1988,38,30代,東京都,大田区,"1,200万円以上 1,500万円未満",mobile/iphone,2026-09-29 07:30:24,9月,あわら湯のまち エリア,17.あわら湯のまち エリア,あわら市,あわら市・坂井市,,2泊,1泊,三国・あわらエリア（あわら市・坂井市）,石川県金沢市,夫婦2人,"宿でのんびり過ごす
温泉や露天風呂
地元の美味しいものを食べる
テーマパーク（遊園地、動物園、博物館など）
まちあるき、都市散策
ドライブ・ツーリング
",1,1,1,0,0,1,0,0,0,0,1,0,0,0,1,0,0,0,"レンタカー
飛行機
",0,1,0,0,1,0,0,0,"レンタカー
",0,1,0,0,0,0,0,0,0,とても満足,ドライブして、街の風景を見ることができたこと。,"20,000円以上 30,000円未満","20,000円以上 30,000円未満","10,000円以上 20,000円未満",初めて,"インターネット・アプリ
Instagram
Facebook
友人・知人
",0,0,0,0,0,1,0,1,1,0,1,0,0,0,0,福井県立恐竜博物館,,東尋坊,,"3,000円以上 5,000円未満",とても満足,,とても満足,宿でゆっくりできて、温泉の泉質もよく満足。次は電車で来てみたい。,感じなかった,,6,,,また行きたい（1年以内）,
209045,小浜市 阿納 エリア,女,1961,65,60代,滋賀県,近江八幡市,300万円以上 400万円未満,mobile/android,2026-09-29 06:28:35,9月,小浜市 阿納 エリア,67.小浜市 阿納 エリア,小浜市,嶺南西部,(株)まちづくり小浜,1泊,1泊,嶺南エリア（敦賀市・美浜町・若狭町・小浜市・おおい町・高浜町）,福井県外には宿泊しない,恋人,"地元の美味しいものを食べる
",0,0,1,0,0,0,0,0,0,0,0,0,0,0,0,0,0,0,"自家用車
",1,0,0,0,0,0,0,0,"自家用車
",1,0,0,0,0,0,0,0,0,,,"30,000円以上 40,000円未満","5,000円以上 10,000円未満","20,000円以上 30,000円未満",2～5回目,"インターネット・アプリ
ブログ
",0,0,0,0,0,1,0,0,0,1,0,0,0,0,0,熊川宿,,三國湊レトロ,,"40,000円以上 50,000円未満",満足,,満足,,感じなかった,,5,,,機会があれば行きたい,海産物や野菜などが美味しかった
209046,道の駅みくに ふれあいパーク三里浜 エリア,男,1952,74,70代,奈良県,北葛城郡,200万円以上 300万円未満,mobile/android,2026-09-29 06:19:34,9月,道の駅みくに ふれあいパーク三里浜 エリア,15.道の駅みくに ふれあいパーク三里浜 エリア,坂井市,あわら市・坂井市,(一社)DMOさかい観光局,2泊,2泊,三国・あわらエリア（あわら市・坂井市）,福井県外には宿泊しない,夫婦2人,"宿でのんびり過ごす
地元の美味しいものを食べる
名所、旧跡の観光
",1,0,1,0,1,0,0,0,0,0,0,0,0,0,0,0,0,0,"自家用車
",1,0,0,0,0,0,0,0,"自家用車
",1,0,0,0,0,0,0,0,0,,,"5,000円以上 10,000円未満","3,000円以上 5,000円未満","10,000円以上 20,000円未満",2～5回目,"宿泊施設
",0,0,0,0,0,0,0,0,0,0,0,0,0,1,0,一乗谷朝倉氏遺跡,,丸岡城,,"20,000円以上 30,000円未満",満足,,満足,,感じなかった,,8,,,機会があれば行きたい,
143618,web,女,1969,57,50代,愛知県,半田市,800万円以上 900万円未満,mobile/iphone,2026-09-29 05:54:57,9月,一乗谷朝倉氏遺跡 エリア,06.一乗谷朝倉氏遺跡 エリア,福井市,福井市・永平寺町,,1泊,1泊,三国・あわらエリア（あわら市・坂井市）,福井県外には宿泊しない,夫婦2人,"名所、旧跡の観光
",0,0,0,0,1,0,0,0,0,0,0,0,0,0,0,0,0,0,"自家用車
",1,0,0,0,0,0,0,0,"自家用車
",1,0,0,0,0,0,0,0,0,,,"40,000円以上 50,000円未満","5,000円以上 10,000円未満","5,000円以上 10,000円未満",初めて,"インターネット・アプリ
",0,0,0,0,0,1,0,0,0,0,0,0,0,0,0,東尋坊,,選択なし/該当施設なし,,"1,000円以上 3,000円未満",満足,第2駐車場のお団子がとても美味しかった,満足,北口のガイドさんが分かりやすく説明していただきました,感じた,小雨が降っていましたが、足元滑りそうな箇所がありました。,9,一乗谷は大人が、静かにゆっくり過ごせる場所でした。,,機会があれば行きたい,福井県は何でも美味しい土地だな。といつも感じます。
